번호,법령명,조문명
1,"노동위원회법 시행규칙[시행2015. 7. 21.] [고용노동부령 제135호,2015. 7. 20., 일부개정]",제6조 선임된 권리구제업무 대리인의 보수
2,"노동위원회법 시행규칙[시행2015. 7. 21.] [고용노동부령 제135호,2015. 7. 21., 일부개정]",제1조 목적
3,"노동위원회법 시행규칙[시행2015. 7. 21.] [고용노동부령 제135호,2015. 7. 22., 일부개정]",제5조 권리구제업무 대리인의 위촉 등
4,"노동위원회법 시행규칙[시행2015. 7. 21.] [고용노동부령 제135호,2015. 7. 23., 일부개정]",제7조 
5,"노동위원회법 시행규칙[시행2015. 7. 21.] [고용노동부령 제135호,2015. 7. 24., 일부개정]",제3조 권리구제업무 대리의 요건 등
6,"노동위원회법 시행규칙[시행2015. 7. 21.] [고용노동부령 제135호,2015. 7. 25., 일부개정]",제2조 제출서류
7,"외국인근로자의 고용 등에 관한 법률 시행규칙[시행2025. 6. 2.] [고용노동부령 제442호,2025. 6. 2., 일부개정]",제2조 제2장 외국인근로자 고용절차
8,"외국인근로자의 고용 등에 관한 법률 시행규칙[시행2025. 6. 2.] [고용노동부령 제442호,2025. 6. 3., 일부개정]",제8조 표준근로계약서
9,"외국인근로자의 고용 등에 관한 법률 시행규칙[시행2025. 6. 2.] [고용노동부령 제442호,2025. 6. 4., 일부개정]",제13조 특례고용가능확인서의 변경 확인
10,"외국인근로자의 고용 등에 관한 법률 시행규칙[시행2025. 6. 2.] [고용노동부령 제442호,2025. 6. 5., 일부개정]",제17조 자료 제출의 요구 등
11,"파견근로자 보호 등에 관한 법률 시행령[시행2025. 6. 21.] [대통령령 제35597호,2025. 6. 20., 타법개정]",제6조의2 민감정보 및 고유식별정보의 처리
12,"외국인근로자의 고용 등에 관한 법률 시행규칙[시행2025. 6. 2.] [고용노동부령 제442호,2025. 6. 2., 일부개정]",제5조 고용허가서의 발급
13,"외국인근로자의 고용 등에 관한 법률 시행규칙[시행2025. 6. 2.] [고용노동부령 제442호,2025. 6. 3., 일부개정]",제12조 구직신청
14,"외국인근로자의 고용 등에 관한 법률 시행규칙[시행2025. 6. 2.] [고용노동부령 제442호,2025. 6. 4., 일부개정]",제14조의3 재입국 취업 제한의 특례에 관한 절차
15,"파견근로자 보호 등에 관한 법률 시행령[시행2025. 6. 21.] [대통령령 제35597호,2025. 6. 20., 타법개정]",제3조 허가의 세부기준
16,"외국인근로자의 고용 등에 관한 법률 시행규칙[시행2025. 6. 2.] [고용노동부령 제442호,2025. 6. 2., 일부개정]",제2조 직업소개
17,"외국인근로자의 고용 등에 관한 법률 시행규칙[시행2025. 6. 2.] [고용노동부령 제442호,2025. 6. 3., 일부개정]",제1조 제1장 총칙
18,"외국인근로자의 고용 등에 관한 법률 시행규칙[시행2025. 6. 2.] [고용노동부령 제442호,2025. 6. 4., 일부개정]",제16조 사업 또는 사업장의 변경
19,"파견근로자 보호 등에 관한 법률 시행령[시행2025. 6. 21.] [대통령령 제35597호,2025. 6. 20., 타법개정]",제4조의2 정보제공의 범위 및 방법
20,"외국인근로자의 고용 등에 관한 법률 시행규칙[시행2025. 6. 2.] [고용노동부령 제442호,2025. 6. 2., 일부개정]",제7조 
21,"외국인근로자의 고용 등에 관한 법률 시행규칙[시행2025. 6. 2.] [고용노동부령 제442호,2025. 6. 3., 일부개정]",제12조의3 근로개시 신고
22,"외국인근로자의 고용 등에 관한 법률 시행규칙[시행2025. 6. 2.] [고용노동부령 제442호,2025. 6. 4., 일부개정]",제18조 수수료 등의 징수
23,"외국인근로자의 고용 등에 관한 법률 시행규칙[시행2025. 6. 2.] [고용노동부령 제442호,2025. 6. 5., 일부개정]",제20조 규제의 재검토
24,"외국인근로자의 고용 등에 관한 법률 시행규칙[시행2025. 6. 2.] [고용노동부령 제442호,2025. 6. 6., 일부개정]",제11조의2 사용자 교육
25,"외국인근로자의 고용 등에 관한 법률 시행규칙[시행2025. 6. 2.] [고용노동부령 제442호,2025. 6. 7., 일부개정]",제17조 제5장 보칙
26,"파견근로자 보호 등에 관한 법률 시행령[시행2025. 6. 21.] [대통령령 제35597호,2025. 6. 20., 타법개정]",제6조 권한의 위임
27,"외국인근로자의 고용 등에 관한 법률 시행규칙[시행2025. 6. 2.] [고용노동부령 제442호,2025. 6. 2., 일부개정]",제3조 
28,"외국인근로자의 고용 등에 관한 법률 시행규칙[시행2025. 6. 2.] [고용노동부령 제442호,2025. 6. 3., 일부개정]",제11조의3 외국인 취업교육기관의 지정절차 등
29,"외국인근로자의 고용 등에 관한 법률 시행규칙[시행2025. 6. 2.] [고용노동부령 제442호,2025. 6. 4., 일부개정]",제15조의2 외국인근로자 권익보호협의회의 구성 및 운영
30,"파견근로자 보호 등에 관한 법률 시행령[시행2025. 6. 21.] [대통령령 제35597호,2025. 6. 20., 타법개정]",제6조의3 
31,"외국인근로자의 고용 등에 관한 법률 시행규칙[시행2025. 6. 2.] [고용노동부령 제442호,2025. 6. 2., 일부개정]",제9조 고용허가기간 연장허가
32,"외국인근로자의 고용 등에 관한 법률 시행규칙[시행2025. 6. 2.] [고용노동부령 제442호,2025. 6. 3., 일부개정]",제14조의2 취업활동 기간 제한에 관한 특례 절차
33,"외국인근로자의 고용 등에 관한 법률 시행규칙[시행2025. 6. 2.] [고용노동부령 제442호,2025. 6. 4., 일부개정]",제19조 업무처리규정
34,"파견근로자 보호 등에 관한 법률 시행령[시행2025. 6. 21.] [대통령령 제35597호,2025. 6. 20., 타법개정]",제2조 근로자파견의 대상 및 금지업무
35,"파견근로자 보호 등에 관한 법률 시행령[시행2025. 6. 21.] [대통령령 제35597호,2025. 6. 21., 타법개정]",제4조 파견근로자의 사용제한
36,"외국인근로자의 고용 등에 관한 법률 시행규칙[시행2025. 6. 2.] [고용노동부령 제442호,2025. 6. 2., 일부개정]",제11조의4 외국인 취업교육기관의 운영
37,"외국인근로자의 고용 등에 관한 법률 시행규칙[시행2025. 6. 2.] [고용노동부령 제442호,2025. 6. 3., 일부개정]",제15조의2 제4장 외국인근로자의 보호
38,"파견근로자 보호 등에 관한 법률 시행령[시행2025. 6. 21.] [대통령령 제35597호,2025. 6. 20., 타법개정]",제5조 사용사업주의 귀책사유
39,"건설근로자의 고용개선 등에 관한 법률 시행령[시행2025. 10. 1.] [대통령령 제35805호,2025. 10. 1., 타법개정]",제1조 목적
40,"건설근로자의 고용개선 등에 관한 법률 시행령[시행2025. 10. 1.] [대통령령 제35805호,2025. 10. 2., 타법개정]",제3조 기본계획의 중요사항 변경
41,"건설근로자의 고용개선 등에 관한 법률 시행령[시행2025. 10. 1.] [대통령령 제35805호,2025. 10. 3., 타법개정]",제5조의3 자료 조회 요청
42,"건설근로자의 고용개선 등에 관한 법률 시행령[시행2025. 10. 1.] [대통령령 제35805호,2025. 10. 4., 타법개정]",제14조 퇴직공제금 등의 계산방법
43,"건설근로자의 고용개선 등에 관한 법률 시행령[시행2025. 10. 1.] [대통령령 제35805호,2025. 10. 5., 타법개정]",제17조 업무의 대행
44,"진폐의 예방과 진폐근로자의 보호 등에 관한 법률 시행령[시행2025. 10. 1.] [대통령령 제35805호,2025. 10. 1., 타법개정]",제9조 진폐심사의사
45,"진폐의 예방과 진폐근로자의 보호 등에 관한 법률 시행령[시행2025. 10. 1.] [대통령령 제35805호,2025. 10. 2., 타법개정]",제16조 제5장 보칙
46,"공무원의 노동조합 설립 및 운영 등에 관한 법률 시행규칙[시행2025. 10. 1.] [고용노동부령 제453호,2025. 10. 1., 타법개정]",제3조 교섭요구서의 제출
47,"근로복지기본법 시행규칙[시행2025. 10. 1.] [고용노동부령 제453호,2025. 10. 1., 타법개정]",제19조 조합 해산의 보고
48,"근로복지기본법 시행규칙[시행2025. 10. 1.] [고용노동부령 제453호,2025. 10. 2., 타법개정]",제21조 사내근로복지기금법인 설립인가 등
49,"근로복지기본법 시행규칙[시행2025. 10. 1.] [고용노동부령 제453호,2025. 10. 3., 타법개정]",제29조의3 준용
50,"건설근로자의 고용개선 등에 관한 법률 시행령[시행2025. 10. 1.] [대통령령 제35805호,2025. 10. 1., 타법개정]",제4조의2 임금비용의 구분지급 및 확인 대상 건설공사
51,"건설근로자의 고용개선 등에 관한 법률 시행령[시행2025. 10. 1.] [대통령령 제35805호,2025. 10. 2., 타법개정]",제8조 퇴직공제의 가입 등
52,"건설근로자의 고용개선 등에 관한 법률 시행령[시행2025. 10. 1.] [대통령령 제35805호,2025. 10. 3., 타법개정]",제16조 퇴직공제금 수령의 위임
53,"진폐의 예방과 진폐근로자의 보호 등에 관한 법률 시행령[시행2025. 10. 1.] [대통령령 제35805호,2025. 10. 1., 타법개정]",제4조 
54,"진폐의 예방과 진폐근로자의 보호 등에 관한 법률 시행령[시행2025. 10. 1.] [대통령령 제35805호,2025. 10. 2., 타법개정]",제12조의4 제3장 건강관리
55,"진폐의 예방과 진폐근로자의 보호 등에 관한 법률 시행령[시행2025. 10. 1.] [대통령령 제35805호,2025. 10. 3., 타법개정]",제18조 제6장 벌칙
56,"근로복지기본법 시행규칙[시행2025. 10. 1.] [고용노동부령 제453호,2025. 10. 1., 타법개정]",제2조 생활안정자금의 융자
57,"근로복지기본법 시행규칙[시행2025. 10. 1.] [고용노동부령 제453호,2025. 10. 2., 타법개정]",제14조 우리사주매수선택권의 행사가격 산정을 위한 평가가격
58,"근로복지기본법 시행규칙[시행2025. 10. 1.] [고용노동부령 제453호,2025. 10. 3., 타법개정]",제26조의2 수혜범위 확대의 기준
59,"근로복지기본법 시행규칙[시행2025. 10. 1.] [고용노동부령 제453호,2025. 10. 4., 타법개정]",제33조 업무 처리규정
60,"건설근로자의 고용개선 등에 관한 법률 시행령[시행2025. 10. 1.] [대통령령 제35805호,2025. 10. 1., 타법개정]",제5조 공제사업의 실시
61,"건설근로자의 고용개선 등에 관한 법률 시행령[시행2025. 10. 1.] [대통령령 제35805호,2025. 10. 2., 타법개정]",제12조 공제부금
62,"진폐의 예방과 진폐근로자의 보호 등에 관한 법률 시행령[시행2025. 10. 1.] [대통령령 제35805호,2025. 10. 1., 타법개정]",제1조 목적
63,"진폐의 예방과 진폐근로자의 보호 등에 관한 법률 시행령[시행2025. 10. 1.] [대통령령 제35805호,2025. 10. 2., 타법개정]",제12조 수당 등
64,"진폐의 예방과 진폐근로자의 보호 등에 관한 법률 시행령[시행2025. 10. 1.] [대통령령 제35805호,2025. 10. 3., 타법개정]",제14조 진폐의 예방과 진폐근로자 보호 사업
65,"근로복지기본법 시행규칙[시행2025. 10. 1.] [고용노동부령 제453호,2025. 10. 1., 타법개정]",제7조 민간복지시설 이용비용의 지원
66,"근로복지기본법 시행규칙[시행2025. 10. 1.] [고용노동부령 제453호,2025. 10. 2., 타법개정]",제10조 
67,"근로복지기본법 시행규칙[시행2025. 10. 1.] [고용노동부령 제453호,2025. 10. 3., 타법개정]",제24조 사내근로복지기금협의회의 간사
68,"근로복지기본법 시행규칙[시행2025. 10. 1.] [고용노동부령 제453호,2025. 10. 4., 타법개정]",제34조 규제의 재검토
69,"건설근로자의 고용개선 등에 관한 법률 시행령[시행2025. 10. 1.] [대통령령 제35805호,2025. 10. 1., 타법개정]",제4조 고용 관련 편의시설 설치 등의 의무 건설공사의 규모
70,"건설근로자의 고용개선 등에 관한 법률 시행령[시행2025. 10. 1.] [대통령령 제35805호,2025. 10. 2., 타법개정]",제7조 공제회의 승인기준
71,"진폐의 예방과 진폐근로자의 보호 등에 관한 법률 시행령[시행2025. 10. 1.] [대통령령 제35805호,2025. 10. 1., 타법개정]",제2조 적용 범위
72,"진폐의 예방과 진폐근로자의 보호 등에 관한 법률 시행령[시행2025. 10. 1.] [대통령령 제35805호,2025. 10. 2., 타법개정]",제12조의2 
73,"진폐의 예방과 진폐근로자의 보호 등에 관한 법률 시행령[시행2025. 10. 1.] [대통령령 제35805호,2025. 10. 3., 타법개정]",제17조의2 민감정보 및 고유식별정보의 처리
74,"근로복지기본법 시행규칙[시행2025. 10. 1.] [고용노동부령 제453호,2025. 10. 1., 타법개정]",제4조 신용보증 대상 융자사업 및 근로자
75,"근로복지기본법 시행규칙[시행2025. 10. 1.] [고용노동부령 제453호,2025. 10. 2., 타법개정]",제17조 우리사주의 인출
76,"근로복지기본법 시행규칙[시행2025. 10. 1.] [고용노동부령 제453호,2025. 10. 3., 타법개정]",제28조 해산
77,"건설근로자의 고용개선 등에 관한 법률 시행령[시행2025. 10. 1.] [대통령령 제35805호,2025. 10. 1., 타법개정]",제12조의2 피공제자의 근로일수 신고를 위한 전자카드 발급 등
78,"건설근로자의 고용개선 등에 관한 법률 시행령[시행2025. 10. 1.] [대통령령 제35805호,2025. 10. 2., 타법개정]",제19조의3 
79,"진폐의 예방과 진폐근로자의 보호 등에 관한 법률 시행령[시행2025. 10. 1.] [대통령령 제35805호,2025. 10. 1., 타법개정]",제7조 
80,"진폐의 예방과 진폐근로자의 보호 등에 관한 법률 시행령[시행2025. 10. 1.] [대통령령 제35805호,2025. 10. 2., 타법개정]",제14조 제4장 진폐근로자 보호 사업
81,"근로복지기본법 시행규칙[시행2025. 10. 1.] [고용노동부령 제453호,2025. 10. 1., 타법개정]",제8조 우리사주조합 설립에 관한 협의사항
82,"근로복지기본법 시행규칙[시행2025. 10. 1.] [고용노동부령 제453호,2025. 10. 2., 타법개정]",제29조 운영 원칙
83,"건설근로자의 고용개선 등에 관한 법률 시행령[시행2025. 10. 1.] [대통령령 제35805호,2025. 10. 1., 타법개정]",제3조의3 건설근로자 고용개선 등 지원
84,"건설근로자의 고용개선 등에 관한 법률 시행령[시행2025. 10. 1.] [대통령령 제35805호,2025. 10. 2., 타법개정]",제6조 퇴직공제의 당연 가입 대상
85,"건설근로자의 고용개선 등에 관한 법률 시행령[시행2025. 10. 1.] [대통령령 제35805호,2025. 10. 3., 타법개정]",제15조 부정행위에 따른 퇴직공제금의 반환
86,"진폐의 예방과 진폐근로자의 보호 등에 관한 법률 시행령[시행2025. 10. 1.] [대통령령 제35805호,2025. 10. 1., 타법개정]",제3조 
87,"진폐의 예방과 진폐근로자의 보호 등에 관한 법률 시행령[시행2025. 10. 1.] [대통령령 제35805호,2025. 10. 2., 타법개정]",제12조의3 교육의 범위 등
88,"진폐의 예방과 진폐근로자의 보호 등에 관한 법률 시행령[시행2025. 10. 1.] [대통령령 제35805호,2025. 10. 3., 타법개정]",제13조 분진작업에 채용할 수 없는 사람
89,"공무원의 노동조합 설립 및 운영 등에 관한 법률 시행규칙[시행2025. 10. 1.] [고용노동부령 제453호,2025. 10. 1., 타법개정]",제1조 목적
90,"근로복지기본법 시행규칙[시행2025. 10. 1.] [고용노동부령 제453호,2025. 10. 1., 타법개정]",제9조 조합 설립의 통지 등
91,"근로복지기본법 시행규칙[시행2025. 10. 1.] [고용노동부령 제453호,2025. 10. 2., 타법개정]",제22조 기본재산 총액 변경 내용 보고
92,"근로복지기본법 시행규칙[시행2025. 10. 1.] [고용노동부령 제453호,2025. 10. 3., 타법개정]",제30조 운영상황 보고
93,"건설근로자의 고용개선 등에 관한 법률 시행령[시행2025. 10. 1.] [대통령령 제35805호,2025. 10. 1., 타법개정]",제2조 건설업의 정의
94,"건설근로자의 고용개선 등에 관한 법률 시행령[시행2025. 10. 1.] [대통령령 제35805호,2025. 10. 2., 타법개정]",제5조의2 정관의 기재사항
95,"건설근로자의 고용개선 등에 관한 법률 시행령[시행2025. 10. 1.] [대통령령 제35805호,2025. 10. 3., 타법개정]",제12조의3 도급인의 공제부금 납부 특례
96,"진폐의 예방과 진폐근로자의 보호 등에 관한 법률 시행령[시행2025. 10. 1.] [대통령령 제35805호,2025. 10. 1., 타법개정]",제6조 
97,"진폐의 예방과 진폐근로자의 보호 등에 관한 법률 시행령[시행2025. 10. 1.] [대통령령 제35805호,2025. 10. 2., 타법개정]",제12조의6 건강진단기관의 지정취소 등
98,"진폐의 예방과 진폐근로자의 보호 등에 관한 법률 시행령[시행2025. 10. 1.] [대통령령 제35805호,2025. 10. 3., 타법개정]",제18조 과태료의 부과기준
99,"근로복지기본법 시행규칙[시행2025. 10. 1.] [고용노동부령 제453호,2025. 10. 1., 타법개정]",제1조 목적
100,"근로복지기본법 시행규칙[시행2025. 10. 1.] [고용노동부령 제453호,2025. 10. 2., 타법개정]",제13조 퇴직근로자에 대한 우리사주 배정
101,"건설근로자의 고용개선 등에 관한 법률 시행령[시행2025. 10. 1.] [대통령령 제35805호,2025. 10. 1., 타법개정]",제4조의3 건설근로자의 기능등급별 구분ㆍ관리
102,"건설근로자의 고용개선 등에 관한 법률 시행령[시행2025. 10. 1.] [대통령령 제35805호,2025. 10. 1., 타법개정]",제9조 공제부금납부확인서의 제출
103,"건설근로자의 고용개선 등에 관한 법률 시행령[시행2025. 10. 1.] [대통령령 제35805호,2025. 10. 1., 타법개정]",제19조 권한의 위임
104,"진폐의 예방과 진폐근로자의 보호 등에 관한 법률 시행령[시행2025. 10. 1.] [대통령령 제35805호,2025. 10. 1., 타법개정]",제1조의2 분진작업의 범위
105,"진폐의 예방과 진폐근로자의 보호 등에 관한 법률 시행령[시행2025. 10. 1.] [대통령령 제35805호,2025. 10. 1., 타법개정]",제11조 진폐심사의사의 자격기준
106,"진폐의 예방과 진폐근로자의 보호 등에 관한 법률 시행령[시행2025. 10. 1.] [대통령령 제35805호,2025. 10. 1., 타법개정]",제17조 위탁사무의 처리 비용 등
107,"공무원의 노동조합 설립 및 운영 등에 관한 법률 시행규칙[시행2025. 10. 1.] [고용노동부령 제453호,2025. 10. 1., 타법개정]",제2조 산하조직 설치사실의 통보
108,"공무원의 노동조합 설립 및 운영 등에 관한 법률 시행규칙[시행2025. 10. 1.] [고용노동부령 제453호,2025. 10. 1., 타법개정]",제6조 다른 부령과의 관계
109,"근로복지기본법 시행규칙[시행2025. 10. 1.] [고용노동부령 제453호,2025. 10. 1., 타법개정]",제5조 보증채무 이행사실의 통보
110,"근로복지기본법 시행규칙[시행2025. 10. 1.] [고용노동부령 제453호,2025. 10. 1., 타법개정]",제11조 
111,"근로복지기본법 시행규칙[시행2025. 10. 1.] [고용노동부령 제453호,2025. 10. 1., 타법개정]",제25조 회의록의 작성
112,"건설근로자의 고용개선 등에 관한 법률 시행령[시행2025. 10. 1.] [대통령령 제35805호,2025. 10. 1., 타법개정]",제4조의5 업무의 위탁
113,"건설근로자의 고용개선 등에 관한 법률 시행령[시행2025. 10. 1.] [대통령령 제35805호,2025. 10. 1., 타법개정]",제11조 피공제자가 될 수 없는 자의 범위
114,"건설근로자의 고용개선 등에 관한 법률 시행령[시행2025. 10. 1.] [대통령령 제35805호,2025. 10. 1., 타법개정]",제20조 과태료의 부과기준
115,"진폐의 예방과 진폐근로자의 보호 등에 관한 법률 시행령[시행2025. 10. 1.] [대통령령 제35805호,2025. 10. 1., 타법개정]",제5조 
116,"진폐의 예방과 진폐근로자의 보호 등에 관한 법률 시행령[시행2025. 10. 1.] [대통령령 제35805호,2025. 10. 1., 타법개정]",제12조의4 건강진단을 받을 의무의 면제 사유
117,"근로복지기본법 시행규칙[시행2025. 10. 1.] [고용노동부령 제453호,2025. 10. 1., 타법개정]",제12조 자사주 취득기한의 예외
118,"근로복지기본법 시행규칙[시행2025. 10. 1.] [고용노동부령 제453호,2025. 10. 1., 타법개정]",제15조 수탁기관
119,"근로복지기본법 시행규칙[시행2025. 10. 1.] [고용노동부령 제453호,2025. 10. 1., 타법개정]",제26조 근로복지시설의 범위
120,"건설근로자의 고용개선 등에 관한 법률 시행령[시행2025. 10. 1.] [대통령령 제35805호,2025. 10. 1., 타법개정]",제4조의4 자료의 제출 요청
121,"건설근로자의 고용개선 등에 관한 법률 시행령[시행2025. 10. 1.] [대통령령 제35805호,2025. 10. 1., 타법개정]",제5조의5 이사회의 운영
122,"건설근로자의 고용개선 등에 관한 법률 시행령[시행2025. 10. 1.] [대통령령 제35805호,2025. 10. 1., 타법개정]",제18조 보고의 요구 등
123,"진폐의 예방과 진폐근로자의 보호 등에 관한 법률 시행령[시행2025. 10. 1.] [대통령령 제35805호,2025. 10. 1., 타법개정]",제8조 
124,"진폐의 예방과 진폐근로자의 보호 등에 관한 법률 시행령[시행2025. 10. 1.] [대통령령 제35805호,2025. 10. 1., 타법개정]",제15조 진폐전문기관의 지정
125,"공무원의 노동조합 설립 및 운영 등에 관한 법률 시행규칙[시행2025. 10. 1.] [고용노동부령 제453호,2025. 10. 1., 타법개정]",제4조 조정 등의 신청
126,"근로복지기본법 시행규칙[시행2025. 10. 1.] [고용노동부령 제453호,2025. 10. 1., 타법개정]",제20조 사내근로복지기금법인 등의 설립인가 신청
127,"근로복지기본법 시행규칙[시행2025. 10. 1.] [고용노동부령 제453호,2025. 10. 2., 타법개정]",제29조의2 공동근로복지기금법인의 탈퇴 등에 따른 재산처리
128,"건설근로자의 고용개선 등에 관한 법률 시행령[시행2025. 10. 1.] [대통령령 제35805호,2025. 10. 1., 타법개정]",제3조의2 고용관리 책임자 지정ㆍ신고
129,"건설근로자의 고용개선 등에 관한 법률 시행령[시행2025. 10. 1.] [대통령령 제35805호,2025. 10. 2., 타법개정]",제10조 퇴직공제 임의가입의 요건
130,"건설근로자의 고용개선 등에 관한 법률 시행령[시행2025. 10. 1.] [대통령령 제35805호,2025. 10. 3., 타법개정]",제19조의2 고유식별정보의 처리
131,"진폐의 예방과 진폐근로자의 보호 등에 관한 법률 시행령[시행2025. 10. 1.] [대통령령 제35805호,2025. 10. 1., 타법개정]",제1조 제1장 총칙
132,"진폐의 예방과 진폐근로자의 보호 등에 관한 법률 시행령[시행2025. 10. 1.] [대통령령 제35805호,2025. 10. 2., 타법개정]",제3조 제2장 진폐의 예방
133,"진폐의 예방과 진폐근로자의 보호 등에 관한 법률 시행령[시행2025. 10. 1.] [대통령령 제35805호,2025. 10. 3., 타법개정]",제10조 진폐심사의사의 임기
134,"진폐의 예방과 진폐근로자의 보호 등에 관한 법률 시행령[시행2025. 10. 1.] [대통령령 제35805호,2025. 10. 4., 타법개정]",제16조 권한의 위임ㆍ위탁
135,"근로복지기본법 시행규칙[시행2025. 10. 1.] [고용노동부령 제453호,2025. 10. 1., 타법개정]",제3조 학자금의 지원 등
136,"근로복지기본법 시행규칙[시행2025. 10. 1.] [고용노동부령 제453호,2025. 10. 2., 타법개정]",제16조 우리사주의 취득기준일
137,"근로복지기본법 시행규칙[시행2025. 10. 1.] [고용노동부령 제453호,2025. 10. 3., 타법개정]",제27조 시정기간
138,"근로복지기본법 시행규칙[시행2025. 10. 1.] [고용노동부령 제453호,2025. 10. 4., 타법개정]",제31조 시정기간
139,"건설근로자의 고용개선 등에 관한 법률 시행령[시행2025. 10. 1.] [대통령령 제35805호,2025. 10. 1., 타법개정]",제5조의4 이사회의 구성
140,"건설근로자의 고용개선 등에 관한 법률 시행령[시행2025. 10. 1.] [대통령령 제35805호,2025. 10. 2., 타법개정]",제10조의2 퇴직공제 가입에 드는 금액
141,"건설근로자의 고용개선 등에 관한 법률 시행령[시행2025. 10. 1.] [대통령령 제35805호,2025. 10. 3., 타법개정]",제13조 퇴직공제금 등의 지급
142,"진폐의 예방과 진폐근로자의 보호 등에 관한 법률 시행령[시행2025. 10. 1.] [대통령령 제35805호,2025. 10. 1., 타법개정]",제12조의5 건강진단기관
143,"진폐의 예방과 진폐근로자의 보호 등에 관한 법률 시행령[시행2025. 10. 1.] [대통령령 제35805호,2025. 10. 2., 타법개정]",제17조의3 
144,"공무원의 노동조합 설립 및 운영 등에 관한 법률 시행규칙[시행2025. 10. 1.] [고용노동부령 제453호,2025. 10. 1., 타법개정]",제5조 서식 등
145,"근로복지기본법 시행규칙[시행2025. 10. 1.] [고용노동부령 제453호,2025. 10. 1., 타법개정]",제6조 구상권 행사 위탁기관의 선정
146,"근로복지기본법 시행규칙[시행2025. 10. 1.] [고용노동부령 제453호,2025. 10. 2., 타법개정]",제18조 조합의 해산 사유
147,"근로복지기본법 시행규칙[시행2025. 10. 1.] [고용노동부령 제453호,2025. 10. 3., 타법개정]",제23조 정관변경의 인가신청 등
148,"근로복지기본법 시행규칙[시행2025. 10. 1.] [고용노동부령 제453호,2025. 10. 4., 타법개정]",제32조 증표
149,"노동절 제정에 관한 법률[시행2025. 11. 11.] [법률 제21134호,2025. 11. 11., 전부개정]","제0조 5월 1일을 노동절로 하고, 이 날을 「근로기준법」에 따른 유급휴일로 한다."
150,"고용상 연령차별금지 및 고령자고용촉진에 관한 법률 시행규칙[시행2025. 12. 31.] [고용노동부령 제457호,2025. 12. 31., 일부개정]",제5조 중견전문인력의 범위
151,"고용상 연령차별금지 및 고령자고용촉진에 관한 법률 시행규칙[시행2025. 12. 31.] [고용노동부령 제457호,2025. 12. 32., 일부개정]",제15조 증표
152,"고용상 연령차별금지 및 고령자고용촉진에 관한 법률 시행규칙[시행2025. 12. 31.] [고용노동부령 제457호,2025. 12. 33., 일부개정]",제7조 
153,"고용상 연령차별금지 및 고령자고용촉진에 관한 법률 시행규칙[시행2025. 12. 31.] [고용노동부령 제457호,2025. 12. 34., 일부개정]",제15조 제5장 보칙
154,"고용상 연령차별금지 및 고령자고용촉진에 관한 법률 시행규칙[시행2025. 12. 31.] [고용노동부령 제457호,2025. 12. 35., 일부개정]",제6조 중견전문인력 고용지원센터의 지정신청 등
155,"고용상 연령차별금지 및 고령자고용촉진에 관한 법률 시행규칙[시행2025. 12. 31.] [고용노동부령 제457호,2025. 12. 36., 일부개정]",제4조 고령자인재은행의 지정신청 등
156,"고용상 연령차별금지 및 고령자고용촉진에 관한 법률 시행규칙[시행2025. 12. 31.] [고용노동부령 제457호,2025. 12. 37., 일부개정]",제10조 제3장 고령자의 고용촉진 및 고용안정
157,"고용상 연령차별금지 및 고령자고용촉진에 관한 법률 시행규칙[시행2025. 12. 31.] [고용노동부령 제457호,2025. 12. 38., 일부개정]",제9조 중견전문인력 고용지원센터 업무의 폐지ㆍ휴업
158,"고용상 연령차별금지 및 고령자고용촉진에 관한 법률 시행규칙[시행2025. 12. 31.] [고용노동부령 제457호,2025. 12. 39., 일부개정]",제14조 
159,"고용상 연령차별금지 및 고령자고용촉진에 관한 법률 시행규칙[시행2025. 12. 31.] [고용노동부령 제457호,2025. 12. 40., 일부개정]",제1조 제1장 총칙
160,"고용상 연령차별금지 및 고령자고용촉진에 관한 법률 시행규칙[시행2025. 12. 31.] [고용노동부령 제457호,2025. 12. 41., 일부개정]",제10조 고령자 고용현황 제출
161,"고용상 연령차별금지 및 고령자고용촉진에 관한 법률 시행규칙[시행2025. 12. 31.] [고용노동부령 제457호,2025. 12. 42., 일부개정]",제11조 
162,"고용상 연령차별금지 및 고령자고용촉진에 관한 법률 시행규칙[시행2025. 12. 31.] [고용노동부령 제457호,2025. 12. 43., 일부개정]",제1조 목적
163,"고용상 연령차별금지 및 고령자고용촉진에 관한 법률 시행규칙[시행2025. 12. 31.] [고용노동부령 제457호,2025. 12. 44., 일부개정]",제3조 적응훈련 실시자 등
164,"고용상 연령차별금지 및 고령자고용촉진에 관한 법률 시행규칙[시행2025. 12. 31.] [고용노동부령 제457호,2025. 12. 45., 일부개정]",제13조 정년 제도 운영 현황 제출
165,"고용상 연령차별금지 및 고령자고용촉진에 관한 법률 시행규칙[시행2025. 12. 31.] [고용노동부령 제457호,2025. 12. 46., 일부개정]",제2조 적응훈련의 내용
166,"고용상 연령차별금지 및 고령자고용촉진에 관한 법률 시행규칙[시행2025. 12. 31.] [고용노동부령 제457호,2025. 12. 47., 일부개정]",제13조 제4장 정년
167,"고용상 연령차별금지 및 고령자고용촉진에 관한 법률 시행규칙[시행2025. 12. 31.] [고용노동부령 제457호,2025. 12. 48., 일부개정]",제8조 고령자인재은행 업무의 폐지ㆍ휴업
168,"고용상 연령차별금지 및 고령자고용촉진에 관한 법률 시행규칙[시행2025. 12. 31.] [고용노동부령 제457호,2025. 12. 49., 일부개정]",제2조 제2장 정부의 고령자 취업지원
169,"고용상 연령차별금지 및 고령자고용촉진에 관한 법률 시행규칙[시행2025. 12. 31.] [고용노동부령 제457호,2025. 12. 50., 일부개정]",제12조 우선고용직종에 관한 고용현황 제출
170,"경제사회노동위원회법[시행2026. 1. 2.] [법률 제21065호,2025. 10. 1., 타법개정]",제3조 위원회의 설치 및 기능
171,"경제사회노동위원회법[시행2026. 1. 2.] [법률 제21065호,2025. 10. 2., 타법개정]",제19조 성실이행 의무
172,"국가기술자격법 시행령[시행2026. 1. 2.] [대통령령 제35947호,2025. 12. 30., 타법개정]",제3조 위원장의 직무 등
173,"국가기술자격법 시행령[시행2026. 1. 2.] [대통령령 제35947호,2025. 12. 31., 타법개정]",제14조 국가기술자격 검정의 기준 등
174,"국가기술자격법 시행령[시행2026. 1. 2.] [대통령령 제35947호,2025. 12. 32., 타법개정]",제20조의2 과정평가형 자격의 합격기준 등
175,"국가기술자격법 시행령[시행2026. 1. 2.] [대통령령 제35947호,2025. 12. 33., 타법개정]",제31조의2 검정업무의 대행기관
176,"사회적기업 육성법 시행령[시행2026. 1. 2.] [대통령령 제35948호,2025. 12. 30., 타법개정]",제6조 사회적기업 육성 기본계획에 포함될 사항
177,"사회적기업 육성법 시행령[시행2026. 1. 2.] [대통령령 제35948호,2025. 12. 30., 타법개정]",제12조의6 이사회
178,"국가기술자격법 시행규칙[시행2026. 1. 2.] [고용노동부령 제459호,2025. 12. 30., 타법개정]",제6조 국가기술자격의 인정 범위
179,"국가기술자격법 시행규칙[시행2026. 1. 2.] [고용노동부령 제459호,2025. 12. 30., 타법개정]",제14조 수험원서 등
180,"국가기술자격법 시행규칙[시행2026. 1. 2.] [고용노동부령 제459호,2025. 12. 30., 타법개정]",제25조 검정의 일부 합격 확인 신청
181,"국가기술자격법 시행규칙[시행2026. 1. 2.] [고용노동부령 제459호,2025. 12. 30., 타법개정]",제33조의6 비밀유지
182,"국가기술자격법 시행규칙[시행2026. 1. 2.] [고용노동부령 제459호,2025. 12. 30., 타법개정]",제40조의2 과정평가형 자격 관리ㆍ운영 규정
183,"경제사회노동위원회법[시행2026. 1. 2.] [법률 제21065호,2025. 10. 1., 타법개정]",제6조 위원의 임기
184,"경제사회노동위원회법[시행2026. 1. 2.] [법률 제21065호,2025. 10. 1., 타법개정]",제14조 관계 기관 등의 협조
185,"국가기술자격법 시행령[시행2026. 1. 2.] [대통령령 제35947호,2025. 12. 30., 타법개정]",제1조 목적
186,"국가기술자격법 시행령[시행2026. 1. 2.] [대통령령 제35947호,2025. 12. 30., 타법개정]",제12조의3 교육ㆍ훈련과정의 지정기준
187,"국가기술자격법 시행령[시행2026. 1. 2.] [대통령령 제35947호,2025. 12. 30., 타법개정]",제17조 검정 과목의 면제신청 절차 등
188,"국가기술자격법 시행령[시행2026. 1. 2.] [대통령령 제35947호,2025. 12. 30., 타법개정]",제29조 권한의 위임ㆍ위탁
189,"필수업무 지정 및 종사자 보호ㆍ지원에 관한 법률 시행령[시행2026. 1. 2.] [대통령령 제35947호,2025. 12. 30., 타법개정]",제12조 지원계획 및 이행 등에 대한 평가
190,"사회적기업 육성법 시행령[시행2026. 1. 2.] [대통령령 제35948호,2025. 12. 30., 타법개정]",제12조의5 임원
191,"사회적기업 육성법 시행령[시행2026. 1. 2.] [대통령령 제35948호,2025. 12. 30., 타법개정]",제12조의7 회계
192,"국가기술자격법 시행규칙[시행2026. 1. 2.] [고용노동부령 제459호,2025. 12. 30., 타법개정]",제4조 국가기술자격 종목신설등 검토의견서
193,"국가기술자격법 시행규칙[시행2026. 1. 2.] [고용노동부령 제459호,2025. 12. 30., 타법개정]",제13조의2 과정평가형 자격 종목선정 검토
194,"국가기술자격법 시행규칙[시행2026. 1. 2.] [고용노동부령 제459호,2025. 12. 30., 타법개정]",제24조 서비스 분야의 합격 결정 기준
195,"국가기술자격법 시행규칙[시행2026. 1. 2.] [고용노동부령 제459호,2025. 12. 30., 타법개정]",제34조 국가기술자격의 취소 또는 정지에 관한 기준
196,"국가기술자격법 시행규칙[시행2026. 1. 2.] [고용노동부령 제459호,2025. 12. 30., 타법개정]",제41조의2 업무 재위탁 등에 관한 절차
197,"최저임금법 시행규칙[시행2026. 1. 2.] [고용노동부령 제459호,2025. 12. 30., 타법개정]",제2조 최저임금의 범위
198,"경제사회노동위원회법[시행2026. 1. 2.] [법률 제21065호,2025. 10. 1., 타법개정]",제9조 의제별ㆍ업종별위원회
199,"국가기술자격법 시행령[시행2026. 1. 2.] [대통령령 제35947호,2025. 12. 30., 타법개정]",제1조의2 국가기술자격제도발전기본계획의 수립
200,"국가기술자격법 시행령[시행2026. 1. 2.] [대통령령 제35947호,2025. 12. 31., 타법개정]",제13조 검정별 소관 주무부장관
201,"국가기술자격법 시행령[시행2026. 1. 2.] [대통령령 제35947호,2025. 12. 32., 타법개정]",제20조 검정의 합격 결정 기준
202,"국가기술자격법 시행령[시행2026. 1. 2.] [대통령령 제35947호,2025. 12. 33., 타법개정]",제31조 수탁기관 평가 등
203,"필수업무 지정 및 종사자 보호ㆍ지원에 관한 법률 시행령[시행2026. 1. 2.] [대통령령 제35947호,2025. 12. 30., 타법개정]",제6조 간사
204,"사회적기업 육성법 시행령[시행2026. 1. 2.] [대통령령 제35948호,2025. 12. 30., 타법개정]",제3조 사회서비스의 종류
205,"사회적기업 육성법 시행령[시행2026. 1. 2.] [대통령령 제35948호,2025. 12. 31., 타법개정]",제12조의4 정관
206,"국가기술자격법 시행규칙[시행2026. 1. 2.] [고용노동부령 제459호,2025. 12. 30., 타법개정]",제7조 종목별 소관 주무부장관
207,"국가기술자격법 시행규칙[시행2026. 1. 2.] [고용노동부령 제459호,2025. 12. 31., 타법개정]",제26조 합격인원 예정선발
208,"국가기술자격법 시행규칙[시행2026. 1. 2.] [고용노동부령 제459호,2025. 12. 32., 타법개정]",제33조의5 포상금의 지급기준
209,"국가기술자격법 시행규칙[시행2026. 1. 2.] [고용노동부령 제459호,2025. 12. 33., 타법개정]",제42조 국가기술자격 취득자 관리 현황 통보
210,"최저임금법 시행규칙[시행2026. 1. 2.] [고용노동부령 제459호,2025. 12. 30., 타법개정]",제6조 최저임금위원회 특별위원
211,"경제사회노동위원회법[시행2026. 1. 2.] [법률 제21065호,2025. 10. 1., 타법개정]",제1조 목적
212,"경제사회노동위원회법[시행2026. 1. 2.] [법률 제21065호,2025. 10. 2., 타법개정]",제5조 위원장 등의 직무
213,"경제사회노동위원회법[시행2026. 1. 2.] [법률 제21065호,2025. 10. 3., 타법개정]",제12조 사무처
214,"경제사회노동위원회법[시행2026. 1. 2.] [법률 제21065호,2025. 10. 4., 타법개정]",제20조 지역별 사회적 대화의 지원
215,"국가기술자격법 시행령[시행2026. 1. 2.] [대통령령 제35947호,2025. 12. 30., 타법개정]",제9조 국가기술자격의 조사와 연구 업무의 대행
216,"국가기술자격법 시행령[시행2026. 1. 2.] [대통령령 제35947호,2025. 12. 30., 타법개정]",제15조의3 과정평가형 자격의 연도별 시행계획
217,"국가기술자격법 시행령[시행2026. 1. 2.] [대통령령 제35947호,2025. 12. 30., 타법개정]",제26조 국가기술자격증의 관리 등
218,"필수업무 지정 및 종사자 보호ㆍ지원에 관한 법률 시행령[시행2026. 1. 2.] [대통령령 제35947호,2025. 12. 30., 타법개정]",제1조 목적
219,"필수업무 지정 및 종사자 보호ㆍ지원에 관한 법률 시행령[시행2026. 1. 2.] [대통령령 제35947호,2025. 12. 30., 타법개정]",제13조 행정적ㆍ재정적 지원
220,"사회적기업 육성법 시행령[시행2026. 1. 2.] [대통령령 제35948호,2025. 12. 30., 타법개정]",제7조의2 시ㆍ도별 사회적기업 지원계획의 수립 등
221,"필수업무 지정 및 종사자 보호ㆍ지원에 관한 법률 시행령[시행2026. 1. 2.] [대통령령 제35947호,2025. 12. 30., 타법개정]",제12조의2 구매계획과 구매실적의 통보
222,"사회적기업 육성법 시행령[시행2026. 1. 2.] [대통령령 제35948호,2025. 12. 30., 타법개정]",제9조 검정의 방법
223,"사회적기업 육성법 시행령[시행2026. 1. 2.] [대통령령 제35948호,2025. 12. 30., 타법개정]",제15조의2 국가 공인 민간자격 취득자의 검정과목 면제
224,"사회적기업 육성법 시행령[시행2026. 1. 2.] [대통령령 제35948호,2025. 12. 30., 타법개정]",제29조 국가기술자격증의 발급신청서
225,"사회적기업 육성법 시행령[시행2026. 1. 2.] [대통령령 제35948호,2025. 12. 30., 타법개정]",제33조 국가기술자격 취득자에 대한 우대
226,"사회적기업 육성법 시행령[시행2026. 1. 2.] [대통령령 제35948호,2025. 12. 30., 타법개정]",제40조 검정 관리ㆍ운영규정
227,"경제사회노동위원회법[시행2026. 1. 2.] [법률 제21065호,2025. 10. 1., 타법개정]",제7조 위원회의 회의
228,"경제사회노동위원회법[시행2026. 1. 2.] [법률 제21065호,2025. 10. 1., 타법개정]",제13조 전문위원
229,"국가기술자격법 시행령[시행2026. 1. 2.] [대통령령 제35947호,2025. 12. 30., 타법개정]",제34조 과태료의 부과기준
230,"국가기술자격법 시행령[시행2026. 1. 2.] [대통령령 제35947호,2025. 12. 30., 타법개정]",제12조 종목신설등의 절차
231,"국가기술자격법 시행령[시행2026. 1. 2.] [대통령령 제35947호,2025. 12. 30., 타법개정]",제18조 시험문제의 공개
232,"국가기술자격법 시행령[시행2026. 1. 2.] [대통령령 제35947호,2025. 12. 30., 타법개정]",제27조 국가기술자격 취득자의 취업 등에 대한 우대
233,"필수업무 지정 및 종사자 보호ㆍ지원에 관한 법률 시행령[시행2026. 1. 2.] [대통령령 제35947호,2025. 12. 30., 타법개정]",제4조 위원의 임기
234,"사회적기업 육성법 시행령[시행2026. 1. 2.] [대통령령 제35948호,2025. 12. 30., 타법개정]",제5조 
235,"사회적기업 육성법 시행령[시행2026. 1. 2.] [대통령령 제35948호,2025. 12. 31., 타법개정]",제12조의8 업무의 협조
236,"국가기술자격법 시행규칙[시행2026. 1. 2.] [고용노동부령 제459호,2025. 12. 30., 타법개정]",제10조의4 교육ㆍ훈련과정 지정 등의 지원
237,"국가기술자격법 시행규칙[시행2026. 1. 2.] [고용노동부령 제459호,2025. 12. 31., 타법개정]",제19조 
238,"국가기술자격법 시행규칙[시행2026. 1. 2.] [고용노동부령 제459호,2025. 12. 32., 타법개정]",제31조의2 국가기술자격 취득사항 확인서 발급 절차
239,"국가기술자격법 시행규칙[시행2026. 1. 2.] [고용노동부령 제459호,2025. 12. 33., 타법개정]",제39조 
240,"최저임금법 시행규칙[시행2026. 1. 2.] [고용노동부령 제459호,2025. 12. 30., 타법개정]",제4조 사용자단체의 지정
241,"경제사회노동위원회법[시행2026. 1. 2.] [법률 제21065호,2025. 10. 1., 타법개정]",제16조 조사ㆍ연구의 의뢰
242,"국가기술자격법 시행령[시행2026. 1. 2.] [대통령령 제35947호,2025. 12. 30., 타법개정]",제5조 전문위원회
243,"국가기술자격법 시행령[시행2026. 1. 2.] [대통령령 제35947호,2025. 12. 31., 타법개정]",제8조 국가기술자격 정보체계의 구축 및 운영
244,"국가기술자격법 시행령[시행2026. 1. 2.] [대통령령 제35947호,2025. 12. 32., 타법개정]",제15조의2 과정평가형 자격의 종목선정 절차
245,"국가기술자격법 시행령[시행2026. 1. 2.] [대통령령 제35947호,2025. 12. 33., 타법개정]",제25조 국가기술자격증의 발급신청 등
246,"필수업무 지정 및 종사자 보호ㆍ지원에 관한 법률 시행령[시행2026. 1. 2.] [대통령령 제35947호,2025. 12. 30., 타법개정]",제10조 운영세칙
247,"사회적기업 육성법 시행령[시행2026. 1. 2.] [대통령령 제35948호,2025. 12. 30., 타법개정]",제10조 영업활동을 통한 수입의 기준
248,"국가기술자격법 시행규칙[시행2026. 1. 2.] [고용노동부령 제459호,2025. 12. 30., 타법개정]",제1조 목적
249,"국가기술자격법 시행규칙[시행2026. 1. 2.] [고용노동부령 제459호,2025. 12. 31., 타법개정]",제11조의2 과정평가형 자격 시행결과 보고
250,"국가기술자격법 시행규칙[시행2026. 1. 2.] [고용노동부령 제459호,2025. 12. 32., 타법개정]",제21조 시험위원의 자격 등
251,"국가기술자격법 시행규칙[시행2026. 1. 2.] [고용노동부령 제459호,2025. 12. 33., 타법개정]",제33조의2 국가기술자격 취득자의 교육훈련 종목 및 절차 등
252,"국가기술자격법 시행규칙[시행2026. 1. 2.] [고용노동부령 제459호,2025. 12. 34., 타법개정]",제41조 주무부장관의 업무 위탁 등에 관한 절차
253,"최저임금법 시행규칙[시행2026. 1. 2.] [고용노동부령 제459호,2025. 12. 30., 타법개정]",제5조 최저임금위원회 사용자위원의 추천
254,"경제사회노동위원회법[시행2026. 1. 2.] [법률 제21065호,2025. 10. 1., 타법개정]",제17조 관계 공무원 및 직원의 파견 등
255,"국가기술자격법 시행령[시행2026. 1. 2.] [대통령령 제35947호,2025. 12. 30., 타법개정]",제14조의3 교육ㆍ훈련과정의 이수기준
256,"국가기술자격법 시행령[시행2026. 1. 2.] [대통령령 제35947호,2025. 12. 31., 타법개정]",제22조 합격 결정 기준의 예외
257,"국가기술자격법 시행령[시행2026. 1. 2.] [대통령령 제35947호,2025. 12. 32., 타법개정]",제32조 위탁업무 등의 수행에 관한 내용 통보
258,"사회적기업 육성법 시행령[시행2026. 1. 2.] [대통령령 제35948호,2025. 12. 30., 타법개정]",제2조 취약계층의 구체적 기준
259,"사회적기업 육성법 시행령[시행2026. 1. 2.] [대통령령 제35948호,2025. 12. 31., 타법개정]",제12조의3 실질적 동일성의 기준
260,"국가기술자격법 시행규칙[시행2026. 1. 2.] [고용노동부령 제459호,2025. 12. 30., 타법개정]",제8조 국가기술자격의 종목별 시험과목
261,"국가기술자격법 시행규칙[시행2026. 1. 2.] [고용노동부령 제459호,2025. 12. 31., 타법개정]",제15조 부정행위의 기준 등
262,"국가기술자격법 시행규칙[시행2026. 1. 2.] [고용노동부령 제459호,2025. 12. 32., 타법개정]",제24조의2 과정평가형 자격의 평가방법 및 절차
263,"국가기술자격법 시행규칙[시행2026. 1. 2.] [고용노동부령 제459호,2025. 12. 33., 타법개정]",제27조 합격자 공고방법
264,"국가기술자격법 시행규칙[시행2026. 1. 2.] [고용노동부령 제459호,2025. 12. 34., 타법개정]",제36조 수수료
265,"경제사회노동위원회법[시행2026. 1. 2.] [법률 제21065호,2025. 10. 1., 타법개정]",제2조 참여주체의 책무
266,"경제사회노동위원회법[시행2026. 1. 2.] [법률 제21065호,2025. 10. 2., 타법개정]",제18조 협의 결과의 보고
267,"국가기술자격법 시행령[시행2026. 1. 2.] [대통령령 제35947호,2025. 12. 30., 타법개정]",제2조 국가기술자격 정책심의위원회
268,"국가기술자격법 시행령[시행2026. 1. 2.] [대통령령 제35947호,2025. 12. 31., 타법개정]",제12조의2 국가기술자격의 등급
269,"국가기술자격법 시행령[시행2026. 1. 2.] [대통령령 제35947호,2025. 12. 32., 타법개정]",제19조 시험위원
270,"국가기술자격법 시행령[시행2026. 1. 2.] [대통령령 제35947호,2025. 12. 33., 타법개정]",제30조 수탁기관에 대한 지원
271,"사회적기업 육성법 시행령[시행2026. 1. 2.] [대통령령 제35948호,2025. 12. 30., 타법개정]",제8조 사회적기업의 조직 형태
272,"사회적기업 육성법 시행령[시행2026. 1. 2.] [대통령령 제35948호,2025. 12. 31., 타법개정]",제14조 과태료의 부과
273,"국가기술자격법 시행규칙[시행2026. 1. 2.] [고용노동부령 제459호,2025. 12. 30., 타법개정]",제2조 
274,"국가기술자격법 시행규칙[시행2026. 1. 2.] [고용노동부령 제459호,2025. 12. 31., 타법개정]",제12조 수시검정의 시행
275,"국가기술자격법 시행규칙[시행2026. 1. 2.] [고용노동부령 제459호,2025. 12. 32., 타법개정]",제30조 국가기술자격증의 재발급 신청
276,"국가기술자격법 시행규칙[시행2026. 1. 2.] [고용노동부령 제459호,2025. 12. 33., 타법개정]",제38조 출제기준의 작성 등
277,"경제사회노동위원회법[시행2026. 1. 2.] [법률 제21065호,2025. 10. 1., 타법개정]",제10조 의제개발ㆍ조정위원회
278,"국가기술자격법 시행령[시행2026. 1. 2.] [대통령령 제35947호,2025. 12. 30., 타법개정]",제7조 수당 및 여비
279,"국가기술자격법 시행령[시행2026. 1. 2.] [대통령령 제35947호,2025. 12. 30., 타법개정]",제14조의4 교육ㆍ훈련과정의 운영 확인
280,"국가기술자격법 시행령[시행2026. 1. 2.] [대통령령 제35947호,2025. 12. 30., 타법개정]",제23조 합격자 공고
281,"국가기술자격법 시행령[시행2026. 1. 2.] [대통령령 제35947호,2025. 12. 30., 타법개정]",제33조의2 고유식별정보의 처리
282,"필수업무 지정 및 종사자 보호ㆍ지원에 관한 법률 시행령[시행2026. 1. 2.] [대통령령 제35947호,2025. 12. 30., 타법개정]",제2조 위원회의 구성 등
283,"필수업무 지정 및 종사자 보호ㆍ지원에 관한 법률 시행령[시행2026. 1. 2.] [대통령령 제35947호,2025. 12. 30., 타법개정]",제8조 위원의 해임 또는 해촉
284,"사회적기업 육성법 시행령[시행2026. 1. 2.] [대통령령 제35948호,2025. 12. 30., 타법개정]",제11조 정관등의 기재 사항
285,"사회적기업 육성법 시행령[시행2026. 1. 2.] [대통령령 제35948호,2025. 12. 30., 타법개정]",제13조 권한의 위임
286,"국가기술자격법 시행규칙[시행2026. 1. 2.] [고용노동부령 제459호,2025. 12. 30., 타법개정]",제5조 
287,"국가기술자격법 시행규칙[시행2026. 1. 2.] [고용노동부령 제459호,2025. 12. 31., 타법개정]",제10조의3 교육ㆍ훈련과정의 지정신청 절차 등
288,"국가기술자격법 시행규칙[시행2026. 1. 2.] [고용노동부령 제459호,2025. 12. 32., 타법개정]",제18조 기능사 검정의 필기시험 면제
289,"국가기술자격법 시행규칙[시행2026. 1. 2.] [고용노동부령 제459호,2025. 12. 33., 타법개정]",제31조 국가기술자격 취득자 관리대장
290,"국가기술자격법 시행규칙[시행2026. 1. 2.] [고용노동부령 제459호,2025. 12. 34., 타법개정]",제46조 서류의 보존
291,"최저임금법 시행규칙[시행2026. 1. 2.] [고용노동부령 제459호,2025. 12. 30., 타법개정]",제1조 목적
292,"경제사회노동위원회법[시행2026. 1. 2.] [법률 제21065호,2025. 10. 1., 타법개정]",제4조 위원회의 구성 및 운영
293,"경제사회노동위원회법[시행2026. 1. 2.] [법률 제21065호,2025. 10. 2., 타법개정]",제15조 여론의 수집
294,"국가기술자격법 시행령[시행2026. 1. 2.] [대통령령 제35947호,2025. 12. 30., 타법개정]",제4조 정책심의회의 회의
295,"국가기술자격법 시행령[시행2026. 1. 2.] [대통령령 제35947호,2025. 12. 31., 타법개정]",제10조 
296,"국가기술자격법 시행령[시행2026. 1. 2.] [대통령령 제35947호,2025. 12. 32., 타법개정]",제14조의2 교육ㆍ훈련과정의 지정 방법 및 절차
297,"국가기술자격법 시행령[시행2026. 1. 2.] [대통령령 제35947호,2025. 12. 33., 타법개정]",제21조 검정의 일부 합격 인정
298,"국가기술자격법 시행령[시행2026. 1. 2.] [대통령령 제35947호,2025. 12. 34., 타법개정]",제33조 검정에 대한 협력
299,"필수업무 지정 및 종사자 보호ㆍ지원에 관한 법률 시행령[시행2026. 1. 2.] [대통령령 제35947호,2025. 12. 30., 타법개정]",제5조 회의
300,"사회적기업 육성법 시행령[시행2026. 1. 2.] [대통령령 제35948호,2025. 12. 30., 타법개정]",제12조 경영 지원업무의 위탁
301,"사회적기업 육성법 시행령[시행2026. 1. 2.] [대통령령 제35948호,2025. 12. 31., 타법개정]",제12조의9 설립등기
302,"국가기술자격법 시행규칙[시행2026. 1. 2.] [고용노동부령 제459호,2025. 12. 30., 타법개정]",제10조의2 응시자격
303,"국가기술자격법 시행규칙[시행2026. 1. 2.] [고용노동부령 제459호,2025. 12. 31., 타법개정]",제13조 상시검정의 시행
304,"국가기술자격법 시행규칙[시행2026. 1. 2.] [고용노동부령 제459호,2025. 12. 32., 타법개정]",제17조 기능경기대회 입상자의 검정 과목 면제
305,"국가기술자격법 시행규칙[시행2026. 1. 2.] [고용노동부령 제459호,2025. 12. 33., 타법개정]",제22조 필기시험의 합격 여부와 관계없이 실기시험을 실시하는 경우 합격자 결정방법
306,"국가기술자격법 시행규칙[시행2026. 1. 2.] [고용노동부령 제459호,2025. 12. 34., 타법개정]",제33조의4 포상금의 지급
307,"국가기술자격법 시행규칙[시행2026. 1. 2.] [고용노동부령 제459호,2025. 12. 35., 타법개정]",제35조 국가만이 검정할 수 있는 국가기술자격의 종목
308,"국가기술자격법 시행규칙[시행2026. 1. 2.] [고용노동부령 제459호,2025. 12. 36., 타법개정]",제44조 검정시설 사용기관에 대한 지원 금액 등
309,"최저임금법 시행규칙[시행2026. 1. 2.] [고용노동부령 제459호,2025. 12. 30., 타법개정]",제7조 규제의 재검토
310,"경제사회노동위원회법[시행2026. 1. 2.] [법률 제21065호,2025. 10. 1., 타법개정]",제11조 특별위원회 등
311,"국가기술자격법 시행령[시행2026. 1. 2.] [대통령령 제35947호,2025. 12. 30., 타법개정]",제6조 간사
312,"국가기술자격법 시행령[시행2026. 1. 2.] [대통령령 제35947호,2025. 12. 31., 타법개정]",제15조 국가기술자격 검정의 시행 등
313,"국가기술자격법 시행령[시행2026. 1. 2.] [대통령령 제35947호,2025. 12. 32., 타법개정]",제24조 국가기술자격의 이중취득금지
314,"필수업무 지정 및 종사자 보호ㆍ지원에 관한 법률 시행령[시행2026. 1. 2.] [대통령령 제35947호,2025. 12. 30., 타법개정]",제3조 위원장의 직무 등
315,"필수업무 지정 및 종사자 보호ㆍ지원에 관한 법률 시행령[시행2026. 1. 2.] [대통령령 제35947호,2025. 12. 30., 타법개정]",제7조 실무위원회의 구성ㆍ운영 등
316,"사회적기업 육성법 시행령[시행2026. 1. 2.] [대통령령 제35948호,2025. 12. 30., 타법개정]",제4조 
317,"사회적기업 육성법 시행령[시행2026. 1. 2.] [대통령령 제35948호,2025. 12. 30., 타법개정]",제7조 기본계획 등의 수립ㆍ시행
318,"국가기술자격법 시행규칙[시행2026. 1. 2.] [고용노동부령 제459호,2025. 12. 30., 타법개정]",제3조 국가기술자격의 직무분야 및 종목
319,"국가기술자격법 시행규칙[시행2026. 1. 2.] [고용노동부령 제459호,2025. 12. 31., 타법개정]",제11조 검정의 시행 등
320,"국가기술자격법 시행규칙[시행2026. 1. 2.] [고용노동부령 제459호,2025. 12. 32., 타법개정]",제20조 검정 과목의 면제신청서
321,"국가기술자격법 시행규칙[시행2026. 1. 2.] [고용노동부령 제459호,2025. 12. 33., 타법개정]",제32조 검정 또는 평가 시행 결과의 통보
322,"국가기술자격법 시행규칙[시행2026. 1. 2.] [고용노동부령 제459호,2025. 12. 34., 타법개정]",제37조 국방부장관이 시행하는 검정의 국가기술자격의 종목
323,"국가기술자격법 시행규칙[시행2026. 1. 2.] [고용노동부령 제459호,2025. 12. 35., 타법개정]",제45조 시정명령 및 지정취소
324,"최저임금법 시행규칙[시행2026. 1. 2.] [고용노동부령 제459호,2025. 12. 30., 타법개정]",제3조 최저임금 적용 제외의 인가
325,"최저임금법 시행규칙[시행2026. 1. 2.] [고용노동부령 제459호,2025. 12. 31., 타법개정]",제8조 
326,"경제사회노동위원회법[시행2026. 1. 2.] [법률 제21065호,2025. 10. 1., 타법개정]",제8조 운영위원회
327,"국가기술자격법 시행령[시행2026. 1. 2.] [대통령령 제35947호,2025. 12. 30., 타법개정]",제11조 국가기술자격 종목 신설 등의 기준
328,"국가기술자격법 시행령[시행2026. 1. 2.] [대통령령 제35947호,2025. 12. 31., 타법개정]",제16조 국가기술자격 검정 과목의 면제기준 등
329,"국가기술자격법 시행령[시행2026. 1. 2.] [대통령령 제35947호,2025. 12. 32., 타법개정]",제28조 국가기술자격의 국가 간 상호 인정
330,"국가기술자격법 시행령[시행2026. 1. 2.] [대통령령 제35947호,2025. 12. 33., 타법개정]",제33조의3 규제의 재검토
331,"필수업무 지정 및 종사자 보호ㆍ지원에 관한 법률 시행령[시행2026. 1. 2.] [대통령령 제35947호,2025. 12. 30., 타법개정]",제9조 수당 등
332,"필수업무 지정 및 종사자 보호ㆍ지원에 관한 법률 시행령[시행2026. 1. 2.] [대통령령 제35947호,2025. 12. 31., 타법개정]",제11조 실태조사
333,"사회적기업 육성법 시행령[시행2026. 1. 2.] [대통령령 제35948호,2025. 12. 30., 타법개정]",제1조 목적
334,"사회적기업 육성법 시행령[시행2026. 1. 2.] [대통령령 제35948호,2025. 12. 31., 타법개정]",제9조 사회적 목적 실현의 판단기준
335,"사회적기업 육성법 시행령[시행2026. 1. 2.] [대통령령 제35948호,2025. 12. 32., 타법개정]",제13조의2 고유식별정보의 처리
336,"국가기술자격법 시행규칙[시행2026. 1. 2.] [고용노동부령 제459호,2025. 12. 30., 타법개정]",제10조 산업수요 맞춤형 고등학교 또는 특성화고등학교에서의 실기시험 실시
337,"국가기술자격법 시행규칙[시행2026. 1. 2.] [고용노동부령 제459호,2025. 12. 31., 타법개정]",제16조 
338,"국가기술자격법 시행규칙[시행2026. 1. 2.] [고용노동부령 제459호,2025. 12. 32., 타법개정]",제23조 실기시험의 불합격 처리 기준
339,"국가기술자격법 시행규칙[시행2026. 1. 2.] [고용노동부령 제459호,2025. 12. 33., 타법개정]",제28조 국가기술자격증
340,"국가기술자격법 시행규칙[시행2026. 1. 2.] [고용노동부령 제459호,2025. 12. 34., 타법개정]",제33조의3 신고포상금의 지급대상 등
341,"국가기술자격법 시행규칙[시행2026. 1. 2.] [고용노동부령 제459호,2025. 12. 35., 타법개정]",제43조 국가기술자격 검정 시설 등의 사용 대상 기관
342,"국가기술자격법 시행규칙[시행2026. 1. 2.] [고용노동부령 제459호,2025. 12. 36., 타법개정]",제47조 
343,"한국산업안전보건공단법[시행2026. 2. 12.] [법률 제21139호,2025. 11. 11., 일부개정]",제9조 임원의 결격사유
344,"한국산업안전보건공단법[시행2026. 2. 12.] [법률 제21139호,2025. 11. 11., 일부개정]",제22조 비밀엄수의 의무
345,"한국산업인력공단법[시행2026. 2. 12.] [법률 제21140호,2025. 11. 11., 일부개정]",제10조 비상임임원의 보수제한
346,"한국산업인력공단법[시행2026. 2. 12.] [법률 제21140호,2025. 11. 11., 일부개정]",제14조 공단의 수입ㆍ지출
347,"한국산업인력공단법[시행2026. 2. 12.] [법률 제21140호,2025. 11. 11., 일부개정]",제29조 
348,"국민 평생 직업능력 개발법 시행령[시행2026. 2. 1.] [대통령령 제36055호,2026. 1. 27., 타법개정]",제6조의2 다른 법령에 따른 직업능력개발훈련 대상
349,"국민 평생 직업능력 개발법 시행령[시행2026. 2. 1.] [대통령령 제36055호,2026. 1. 28., 타법개정]",제13조 직업능력개발훈련의 위탁실시
350,"국민 평생 직업능력 개발법 시행령[시행2026. 2. 1.] [대통령령 제36055호,2026. 1. 29., 타법개정]",제20조의5 전문연구기관의 지정 등
351,"국민 평생 직업능력 개발법 시행령[시행2026. 2. 1.] [대통령령 제36055호,2026. 1. 30., 타법개정]",제26조 직업능력개발훈련법인의 허가 요건 등
352,"국민 평생 직업능력 개발법 시행령[시행2026. 2. 1.] [대통령령 제36055호,2026. 1. 31., 타법개정]",제37조 다기능기술자과정의 교과
353,"국민 평생 직업능력 개발법 시행령[시행2026. 2. 1.] [대통령령 제36055호,2026. 1. 32., 타법개정]",제44조 교원 등의 임용
354,"국민 평생 직업능력 개발법 시행령[시행2026. 2. 1.] [대통령령 제36055호,2026. 1. 33., 타법개정]",제53조 과태료의 부과기준
355,"산업현장 일학습병행 지원에 관한 법률 시행령[시행2026. 2. 1.] [대통령령 제36055호,2026. 1. 27., 타법개정]",제10조 기업현장교사의 육성
356,"한국산업인력공단법 시행령[시행2026. 2. 12.] [대통령령 제36072호,2026. 2. 3., 일부개정]",제11조 
357,"산업재해보상보험법 시행규칙[시행2026. 2. 2.] [고용노동부령 제461호,2026. 2. 2., 일부개정]",제7조 판정위원회의 심의에서 제외되는 질병
358,"산업재해보상보험법 시행규칙[시행2026. 2. 2.] [고용노동부령 제461호,2026. 2. 2., 일부개정]",제18조 이송비의 청구 방법
359,"산업재해보상보험법 시행규칙[시행2026. 2. 2.] [고용노동부령 제461호,2026. 2. 2., 일부개정]",제34조 진폐진단의 실시 등
360,"산업재해보상보험법 시행규칙[시행2026. 2. 2.] [고용노동부령 제461호,2026. 2. 2., 일부개정]",제45조 재요양에 따른 평균임금 산정사유 발생일
361,"산업재해보상보험법 시행규칙[시행2026. 2. 2.] [고용노동부령 제461호,2026. 2. 2., 일부개정]",제55조 직업훈련의 신청 등
362,"산업재해보상보험법 시행규칙[시행2026. 2. 2.] [고용노동부령 제461호,2026. 2. 2., 일부개정]",제63조의2 부정수급자 명단 공개 등
363,"산업재해보상보험법 시행규칙[시행2026. 2. 2.] [고용노동부령 제461호,2026. 2. 2., 일부개정]",제64조의3 제3장의2 노무제공자에 대한 특례
364,"산업재해보상보험법 시행규칙[시행2026. 2. 2.] [고용노동부령 제461호,2026. 2. 2., 일부개정]",제70조 
365,"산업재해보상보험법 시행규칙[시행2026. 2. 2.] [고용노동부령 제461호,2026. 2. 2., 일부개정]",제73조의3 포상금의 지급 제한
366,"한국산업안전보건공단법[시행2026. 2. 12.] [법률 제21139호,2025. 11. 11., 일부개정]",제12조 이사회
367,"한국산업안전보건공단법[시행2026. 2. 12.] [법률 제21139호,2025. 11. 11., 일부개정]",제25조 산업안전보건협의회
368,"한국산업인력공단법[시행2026. 2. 12.] [법률 제21140호,2025. 11. 11., 일부개정]",제1조 목적
369,"한국산업인력공단법[시행2026. 2. 12.] [법률 제21140호,2025. 11. 11., 일부개정]",제9조 임원의 직무 등
370,"한국산업인력공단법[시행2026. 2. 12.] [법률 제21140호,2025. 11. 11., 일부개정]",제15조 국유재산 등의 무상대부
371,"한국산업인력공단법[시행2026. 2. 12.] [법률 제21140호,2025. 11. 11., 일부개정]",제22조 업무의 지도 및 감독
372,"국민 평생 직업능력 개발법 시행령[시행2026. 2. 1.] [대통령령 제36055호,2026. 1. 27., 타법개정]",제5조 재해 위로금
373,"국민 평생 직업능력 개발법 시행령[시행2026. 2. 1.] [대통령령 제36055호,2026. 1. 27., 타법개정]",제6조 직업능력개발훈련의 대상
374,"국민 평생 직업능력 개발법 시행령[시행2026. 2. 1.] [대통령령 제36055호,2026. 1. 27., 타법개정]",제18조의2 
375,"국민 평생 직업능력 개발법 시행령[시행2026. 2. 1.] [대통령령 제36055호,2026. 1. 27., 타법개정]",제20조의2 지역별 인적자원개발위원회의 심의사항
376,"국민 평생 직업능력 개발법 시행령[시행2026. 2. 1.] [대통령령 제36055호,2026. 1. 27., 타법개정]",제25조 훈련비의 반환
377,"국민 평생 직업능력 개발법 시행령[시행2026. 2. 1.] [대통령령 제36055호,2026. 1. 27., 타법개정]",제28조의2 직업능력개발훈련교사등의 보수교육
378,"국민 평생 직업능력 개발법 시행령[시행2026. 2. 1.] [대통령령 제36055호,2026. 1. 27., 타법개정]",제40조의2 학위전공심화과정의 학점 등
379,"국민 평생 직업능력 개발법 시행령[시행2026. 2. 1.] [대통령령 제36055호,2026. 1. 27., 타법개정]",제52조 권한의 위임ㆍ위탁
380,"산업현장 일학습병행 지원에 관한 법률 시행령[시행2026. 2. 1.] [대통령령 제36055호,2026. 1. 27., 타법개정]",제4조 지역단위별 일학습병행의 촉진 등
381,"산업현장 일학습병행 지원에 관한 법률 시행령[시행2026. 2. 1.] [대통령령 제36055호,2026. 1. 27., 타법개정]",제14조 내부평가
382,"한국산업인력공단법 시행령[시행2026. 2. 12.] [대통령령 제36072호,2026. 2. 3., 일부개정]",제4조 분사무소의 설치등기
383,"한국산업인력공단법 시행령[시행2026. 2. 12.] [대통령령 제36072호,2026. 2. 4., 일부개정]",제17조 산하기관의 후원회
384,"산업재해보상보험법 시행규칙[시행2026. 2. 2.] [고용노동부령 제461호,2026. 2. 2., 일부개정]",제1조 제1장 총칙
385,"산업재해보상보험법 시행규칙[시행2026. 2. 2.] [고용노동부령 제461호,2026. 2. 3., 일부개정]",제8조 판정위원회의 심의 절차
386,"산업재해보상보험법 시행규칙[시행2026. 2. 2.] [고용노동부령 제461호,2026. 2. 4., 일부개정]",제19조 국외에서 발생한 재해에 대한 보험급여의 청구 절차 등
387,"산업재해보상보험법 시행규칙[시행2026. 2. 2.] [고용노동부령 제461호,2026. 2. 5., 일부개정]",제27조 진료비의 청구
388,"산업재해보상보험법 시행규칙[시행2026. 2. 2.] [고용노동부령 제461호,2026. 2. 6., 일부개정]",제32조 분진작업의 범위
389,"산업재해보상보험법 시행규칙[시행2026. 2. 2.] [고용노동부령 제461호,2026. 2. 7., 일부개정]",제43조 이황화탄소 중독증의 판정 절차
390,"산업재해보상보험법 시행규칙[시행2026. 2. 2.] [고용노동부령 제461호,2026. 2. 8., 일부개정]",제52조 중증요양상태등급의 적용시기
391,"산업재해보상보험법 시행규칙[시행2026. 2. 2.] [고용노동부령 제461호,2026. 2. 9., 일부개정]",제61조의4 직장복귀지원 의료기관의 지정 절차 등
392,"산업재해보상보험법 시행규칙[시행2026. 2. 2.] [고용노동부령 제461호,2026. 2. 10., 일부개정]",제65조 제4장 근로복지사업
393,"산업재해보상보험법 시행규칙[시행2026. 2. 2.] [고용노동부령 제461호,2026. 2. 11., 일부개정]",제73조의2 포상금의 지급기준
394,"산업재해보상보험법 시행규칙[시행2026. 2. 2.] [고용노동부령 제461호,2026. 2. 12., 일부개정]",제80조 규제의 재검토
395,"한국산업안전보건공단법[시행2026. 2. 12.] [법률 제21139호,2025. 11. 11., 일부개정]",제20조 수수료의 징수
396,"한국산업인력공단법[시행2026. 2. 12.] [법률 제21140호,2025. 11. 11., 일부개정]",제2조 법인격
397,"한국산업인력공단법[시행2026. 2. 12.] [법률 제21140호,2025. 11. 12., 일부개정]",제18조 예산의 편성 등
398,"한국산업인력공단법[시행2026. 2. 12.] [법률 제21140호,2025. 11. 13., 일부개정]",제30조 
399,"국민 평생 직업능력 개발법 시행령[시행2026. 2. 1.] [대통령령 제36055호,2026. 1. 27., 타법개정]",제5조의2 공공단체의 직업능력개발사업
400,"국민 평생 직업능력 개발법 시행령[시행2026. 2. 1.] [대통령령 제36055호,2026. 1. 28., 타법개정]",제17조 직업능력개발훈련과정 등의 인정
401,"국민 평생 직업능력 개발법 시행령[시행2026. 2. 1.] [대통령령 제36055호,2026. 1. 29., 타법개정]",제22조의2 
402,"국민 평생 직업능력 개발법 시행령[시행2026. 2. 1.] [대통령령 제36055호,2026. 1. 30., 타법개정]",제34조 기능대학의 설립기준
403,"국민 평생 직업능력 개발법 시행령[시행2026. 2. 1.] [대통령령 제36055호,2026. 1. 31., 타법개정]",제47조 지도ㆍ감독
404,"산업현장 일학습병행 지원에 관한 법률 시행령[시행2026. 2. 1.] [대통령령 제36055호,2026. 1. 27., 타법개정]",제11조 학습근로계약의 해지 사유
405,"한국산업인력공단법 시행령[시행2026. 2. 12.] [대통령령 제36072호,2026. 2. 3., 일부개정]",제10조 출연금의 지급
406,"산업재해보상보험법 시행규칙[시행2026. 2. 2.] [고용노동부령 제461호,2026. 2. 2., 일부개정]",제6조 업무상질병판정위원회의 구성
407,"산업재해보상보험법 시행규칙[시행2026. 2. 2.] [고용노동부령 제461호,2026. 2. 3., 일부개정]",제17조 동행 간호인
408,"산업재해보상보험법 시행규칙[시행2026. 2. 2.] [고용노동부령 제461호,2026. 2. 4., 일부개정]",제26조 지정취소 및 진료제한등의 조치의 절차 등
409,"산업재해보상보험법 시행규칙[시행2026. 2. 2.] [고용노동부령 제461호,2026. 2. 5., 일부개정]",제35조 진폐진단 결과 제출
410,"산업재해보상보험법 시행규칙[시행2026. 2. 2.] [고용노동부령 제461호,2026. 2. 6., 일부개정]",제47조 운동기능장해의 측정
411,"산업재해보상보험법 시행규칙[시행2026. 2. 2.] [고용노동부령 제461호,2026. 2. 7., 일부개정]",제56조 직업훈련의 중단
412,"산업재해보상보험법 시행규칙[시행2026. 2. 2.] [고용노동부령 제461호,2026. 2. 8., 일부개정]",제61조의3 직장복귀지원 의료기관의 지정 기준
413,"산업재해보상보험법 시행규칙[시행2026. 2. 2.] [고용노동부령 제461호,2026. 2. 9., 일부개정]",제63조 제3장제14절 보험급여 지급의 제한 및 충당 등
414,"산업재해보상보험법 시행규칙[시행2026. 2. 2.] [고용노동부령 제461호,2026. 2. 10., 일부개정]",제66조 지정법인의 지정 신청
415,"산업재해보상보험법 시행규칙[시행2026. 2. 2.] [고용노동부령 제461호,2026. 2. 11., 일부개정]",제75조 중ㆍ소기업 사업주등의 보험급여의 청구 등
416,"한국산업안전보건공단법[시행2026. 2. 12.] [법률 제21139호,2025. 11. 11., 일부개정]",제6조 사업
417,"한국산업안전보건공단법[시행2026. 2. 12.] [법률 제21139호,2025. 11. 12., 일부개정]",제17조 예산의 편성 등
418,"한국산업안전보건공단법[시행2026. 2. 12.] [법률 제21139호,2025. 11. 13., 일부개정]",제30조 
419,"한국산업인력공단법[시행2026. 2. 12.] [법률 제21140호,2025. 11. 11., 일부개정]",제3조 설립등기
420,"한국산업인력공단법[시행2026. 2. 12.] [법률 제21140호,2025. 11. 12., 일부개정]",제12조 이사회
421,"한국산업인력공단법[시행2026. 2. 12.] [법률 제21140호,2025. 11. 13., 일부개정]",제24조 유사명칭의 사용금지
422,"국민 평생 직업능력 개발법 시행령[시행2026. 2. 1.] [대통령령 제36055호,2026. 1. 27., 타법개정]",제10조 국가기간ㆍ전략산업직종의 선정
423,"국민 평생 직업능력 개발법 시행령[시행2026. 2. 1.] [대통령령 제36055호,2026. 1. 28., 타법개정]",제23조의2 직무능력정보시스템의 구축ㆍ운영
424,"국민 평생 직업능력 개발법 시행령[시행2026. 2. 1.] [대통령령 제36055호,2026. 1. 29., 타법개정]",제32조 기능대학의 설립추천
425,"국민 평생 직업능력 개발법 시행령[시행2026. 2. 1.] [대통령령 제36055호,2026. 1. 30., 타법개정]",제48조 직업능력개발훈련시설 등에 대한 평가 및 그 결과의 공개
426,"산업현장 일학습병행 지원에 관한 법률 시행령[시행2026. 2. 1.] [대통령령 제36055호,2026. 1. 27., 타법개정]",제5조 일학습병행 관련 조사 및 연구
427,"산업현장 일학습병행 지원에 관한 법률 시행령[시행2026. 2. 1.] [대통령령 제36055호,2026. 1. 28., 타법개정]",제13조 학습근로시간의 산정 등
428,"한국산업인력공단법 시행령[시행2026. 2. 12.] [대통령령 제36072호,2026. 2. 3., 일부개정]",제14조 세입ㆍ세출결산서의 제출
429,"산업재해보상보험법 시행규칙[시행2026. 2. 2.] [고용노동부령 제461호,2026. 2. 2., 일부개정]",제5조 특례 적용 여부 통지
430,"산업재해보상보험법 시행규칙[시행2026. 2. 2.] [고용노동부령 제461호,2026. 2. 3., 일부개정]",제16조 이송비
431,"산업재해보상보험법 시행규칙[시행2026. 2. 2.] [고용노동부령 제461호,2026. 2. 4., 일부개정]",제33조 진폐에 대한 요양급여 등의 청구 시 필요서류
432,"산업재해보상보험법 시행규칙[시행2026. 2. 2.] [고용노동부령 제461호,2026. 2. 5., 일부개정]",제44조 제3장제7절 휴업급여의 청구 절차
433,"산업재해보상보험법 시행규칙[시행2026. 2. 2.] [고용노동부령 제461호,2026. 2. 6., 일부개정]",제53조 중증요양상태등급 판정 기준
434,"산업재해보상보험법 시행규칙[시행2026. 2. 2.] [고용노동부령 제461호,2026. 2. 7., 일부개정]",제62조 제3장제13절 보험급여의 일시지급
435,"산업재해보상보험법 시행규칙[시행2026. 2. 2.] [고용노동부령 제461호,2026. 2. 8., 일부개정]",제65조 지정법인의 지정 기준
436,"산업재해보상보험법 시행규칙[시행2026. 2. 2.] [고용노동부령 제461호,2026. 2. 9., 일부개정]",제76조 중ㆍ소기업 사업주등의 재요양에 따른 휴업급여 등의 지급 기준
437,"한국산업안전보건공단법[시행2026. 2. 12.] [법률 제21139호,2025. 11. 11., 일부개정]",제10조 임직원의 겸직제한
438,"한국산업안전보건공단법[시행2026. 2. 12.] [법률 제21139호,2025. 11. 12., 일부개정]",제23조 유사명칭의 사용금지
439,"한국산업인력공단법[시행2026. 2. 12.] [법률 제21140호,2025. 11. 11., 일부개정]",제6조 사업
440,"한국산업인력공단법[시행2026. 2. 12.] [법률 제21140호,2025. 11. 12., 일부개정]",제19조 결산서의 제출
441,"국민 평생 직업능력 개발법 시행령[시행2026. 2. 1.] [대통령령 제36055호,2026. 1. 27., 타법개정]",제15조 근로자의 자율적 직업능력개발 지원
442,"국민 평생 직업능력 개발법 시행령[시행2026. 2. 1.] [대통령령 제36055호,2026. 1. 28., 타법개정]",제26조의2 잔여 귀속재산을 처분ㆍ변경한 자에 대한 징수절차
443,"국민 평생 직업능력 개발법 시행령[시행2026. 2. 1.] [대통령령 제36055호,2026. 1. 29., 타법개정]",제38조 다기능기술자과정의 학생선발방법
444,"국민 평생 직업능력 개발법 시행령[시행2026. 2. 1.] [대통령령 제36055호,2026. 1. 30., 타법개정]",제46조 사업계획의 제출
445,"국민 평생 직업능력 개발법 시행령[시행2026. 2. 1.] [대통령령 제36055호,2026. 1. 31., 타법개정]",제50조의3 직업능력개발훈련 위탁계약해지 등의 공표 절차 및 방법
446,"산업현장 일학습병행 지원에 관한 법률 시행령[시행2026. 2. 1.] [대통령령 제36055호,2026. 1. 27., 타법개정]",제9조 기업현장교사의 지정ㆍ운영
447,"한국산업인력공단법 시행령[시행2026. 2. 12.] [대통령령 제36072호,2026. 2. 3., 일부개정]",제6조 변경등기
448,"한국산업인력공단법 시행령[시행2026. 2. 12.] [대통령령 제36072호,2026. 2. 4., 일부개정]",제18조 과태료의 부과기준
449,"산업재해보상보험법 시행규칙[시행2026. 2. 2.] [고용노동부령 제461호,2026. 2. 2., 일부개정]",제4조 생산제품의 설치공사에 대한 적용 특례
450,"산업재해보상보험법 시행규칙[시행2026. 2. 2.] [고용노동부령 제461호,2026. 2. 3., 일부개정]",제12조 간병을 할 수 있는 사람의 범위
451,"산업재해보상보험법 시행규칙[시행2026. 2. 2.] [고용노동부령 제461호,2026. 2. 4., 일부개정]",제31조 재요양의 신청 절차 등
452,"산업재해보상보험법 시행규칙[시행2026. 2. 2.] [고용노동부령 제461호,2026. 2. 5., 일부개정]",제42조 
453,"산업재해보상보험법 시행규칙[시행2026. 2. 2.] [고용노동부령 제461호,2026. 2. 6., 일부개정]",제50조 간병급여의 청구 방법
454,"산업재해보상보험법 시행규칙[시행2026. 2. 2.] [고용노동부령 제461호,2026. 2. 7., 일부개정]",제51조 유족보상연금 수급자격자의 범위
455,"산업재해보상보험법 시행규칙[시행2026. 2. 2.] [고용노동부령 제461호,2026. 2. 8., 일부개정]",제59조 직업훈련기관의 범위 등
456,"산업재해보상보험법 시행규칙[시행2026. 2. 2.] [고용노동부령 제461호,2026. 2. 9., 일부개정]",제68조 지정법인의 지도 감독 등
457,"한국산업안전보건공단법[시행2026. 2. 12.] [법률 제21139호,2025. 11. 11., 일부개정]",제8조 임원의 직무
458,"한국산업안전보건공단법[시행2026. 2. 12.] [법률 제21139호,2025. 11. 12., 일부개정]",제19조 잉여금의 처리
459,"한국산업인력공단법[시행2026. 2. 12.] [법률 제21140호,2025. 11. 11., 일부개정]",제5조 정관
460,"한국산업인력공단법[시행2026. 2. 12.] [법률 제21140호,2025. 11. 12., 일부개정]",제20조 잉여금의 처리
461,"국민 평생 직업능력 개발법 시행령[시행2026. 2. 1.] [대통령령 제36055호,2026. 1. 27., 타법개정]",제2조 직업능력개발훈련시설을 설치할 수 있는 공공단체의 범위
462,"국민 평생 직업능력 개발법 시행령[시행2026. 2. 1.] [대통령령 제36055호,2026. 1. 28., 타법개정]",제13조의2 직업능력개발훈련 위탁제한 등이 적용되지 아니하는 부정수급액
463,"국민 평생 직업능력 개발법 시행령[시행2026. 2. 1.] [대통령령 제36055호,2026. 1. 29., 타법개정]",제22조 직업능력개발훈련과정의 인정
464,"국민 평생 직업능력 개발법 시행령[시행2026. 2. 1.] [대통령령 제36055호,2026. 1. 30., 타법개정]",제36조 다기능기술자과정의 설치ㆍ운영 등
465,"국민 평생 직업능력 개발법 시행령[시행2026. 2. 1.] [대통령령 제36055호,2026. 1. 31., 타법개정]",제43조 교원 등의 정원
466,"국민 평생 직업능력 개발법 시행령[시행2026. 2. 1.] [대통령령 제36055호,2026. 1. 32., 타법개정]",제52조의3 
467,"산업현장 일학습병행 지원에 관한 법률 시행령[시행2026. 2. 1.] [대통령령 제36055호,2026. 1. 27., 타법개정]",제6조 일학습병행 직종 등의 개발 및 업무 위탁
468,"산업현장 일학습병행 지원에 관한 법률 시행령[시행2026. 2. 1.] [대통령령 제36055호,2026. 1. 28., 타법개정]",제12조 학습기업 사업주의 준수사항
469,"한국산업인력공단법 시행령[시행2026. 2. 12.] [대통령령 제36072호,2026. 2. 3., 일부개정]",제1조 목적
470,"한국산업인력공단법 시행령[시행2026. 2. 12.] [대통령령 제36072호,2026. 2. 4., 일부개정]",제9조 
471,"산업재해보상보험법 시행규칙[시행2026. 2. 2.] [고용노동부령 제461호,2026. 2. 2., 일부개정]",제6조 제3장제2절 업무상 질병의 판정
472,"산업재해보상보험법 시행규칙[시행2026. 2. 2.] [고용노동부령 제461호,2026. 2. 3., 일부개정]",제9조 판정위원회의 운영
473,"산업재해보상보험법 시행규칙[시행2026. 2. 2.] [고용노동부령 제461호,2026. 2. 4., 일부개정]",제15조 이송의 범위
474,"산업재해보상보험법 시행규칙[시행2026. 2. 2.] [고용노동부령 제461호,2026. 2. 5., 일부개정]",제26조의2 지정취소 재지정 금지기간
475,"산업재해보상보험법 시행규칙[시행2026. 2. 2.] [고용노동부령 제461호,2026. 2. 6., 일부개정]",제39조 진폐요양 의료기관의 범위 및 등급기준 등
476,"산업재해보상보험법 시행규칙[시행2026. 2. 2.] [고용노동부령 제461호,2026. 2. 7., 일부개정]",제44조 부분휴업급여의 청구
477,"산업재해보상보험법 시행규칙[시행2026. 2. 2.] [고용노동부령 제461호,2026. 2. 8., 일부개정]",제49조 장해등급등의 재판정 신청
478,"산업재해보상보험법 시행규칙[시행2026. 2. 2.] [고용노동부령 제461호,2026. 2. 9., 일부개정]",제58조 훈련직종 및 훈련과정
479,"산업재해보상보험법 시행규칙[시행2026. 2. 2.] [고용노동부령 제461호,2026. 2. 10., 일부개정]",제64조 충당 동의서의 기재사항
480,"산업재해보상보험법 시행규칙[시행2026. 2. 2.] [고용노동부령 제461호,2026. 2. 11., 일부개정]",제69조 기금관리요원
481,"산업재해보상보험법 시행규칙[시행2026. 2. 2.] [고용노동부령 제461호,2026. 2. 12., 일부개정]",제74조 해외파견자의 보험급여의 청구 등
482,"한국산업안전보건공단법[시행2026. 2. 12.] [법률 제21139호,2025. 11. 11., 일부개정]",제5조 정관
483,"한국산업안전보건공단법[시행2026. 2. 12.] [법률 제21139호,2025. 11. 12., 일부개정]",제16조 사업연도
484,"한국산업안전보건공단법[시행2026. 2. 12.] [법률 제21139호,2025. 11. 13., 일부개정]",제29조 
485,"한국산업인력공단법[시행2026. 2. 12.] [법률 제21140호,2025. 11. 11., 일부개정]",제13조 직원의 임면
486,"한국산업인력공단법[시행2026. 2. 12.] [법률 제21140호,2025. 11. 12., 일부개정]",제23조 비밀엄수의 의무
487,"한국산업인력공단법[시행2026. 2. 12.] [법률 제21140호,2025. 11. 13., 일부개정]",제26조 산하기관
488,"국민 평생 직업능력 개발법 시행령[시행2026. 2. 1.] [대통령령 제36055호,2026. 1. 27., 타법개정]",제8조 
489,"국민 평생 직업능력 개발법 시행령[시행2026. 2. 1.] [대통령령 제36055호,2026. 1. 28., 타법개정]",제12조 직업능력개발훈련을 위탁받을 수 있는 기관
490,"국민 평생 직업능력 개발법 시행령[시행2026. 2. 1.] [대통령령 제36055호,2026. 1. 29., 타법개정]",제20조의4 지역별 인적자원개발위원회의 구성 및 운영
491,"국민 평생 직업능력 개발법 시행령[시행2026. 2. 1.] [대통령령 제36055호,2026. 1. 30., 타법개정]",제25조의2 지정직업훈련시설 지정취소 등의 조치기준
492,"국민 평생 직업능력 개발법 시행령[시행2026. 2. 1.] [대통령령 제36055호,2026. 1. 31., 타법개정]",제28조 직업능력개발훈련교사의 자격 취득
493,"국민 평생 직업능력 개발법 시행령[시행2026. 2. 1.] [대통령령 제36055호,2026. 1. 32., 타법개정]",제39조 직업훈련과정의 설치ㆍ운영 등
494,"국민 평생 직업능력 개발법 시행령[시행2026. 2. 1.] [대통령령 제36055호,2026. 1. 33., 타법개정]",제49조 평가 결과에 따른 차등 지원의 내용
495,"산업현장 일학습병행 지원에 관한 법률 시행령[시행2026. 2. 1.] [대통령령 제36055호,2026. 1. 27., 타법개정]",제1조 목적
496,"한국산업인력공단법 시행령[시행2026. 2. 12.] [대통령령 제36072호,2026. 2. 3., 일부개정]",제3조 분사무소의 설치승인 등
497,"한국산업인력공단법 시행령[시행2026. 2. 12.] [대통령령 제36072호,2026. 2. 4., 일부개정]",제7조 등기신청서의 첨부서류
498,"한국산업인력공단법 시행령[시행2026. 2. 12.] [대통령령 제36072호,2026. 2. 5., 일부개정]",제15조 
499,"산업재해보상보험법 시행규칙[시행2026. 2. 2.] [고용노동부령 제461호,2026. 2. 2., 일부개정]",제3조 제2장 보험가입자
500,"산업재해보상보험법 시행규칙[시행2026. 2. 2.] [고용노동부령 제461호,2026. 2. 3., 일부개정]",제11조 간병의 범위
501,"산업재해보상보험법 시행규칙[시행2026. 2. 2.] [고용노동부령 제461호,2026. 2. 4., 일부개정]",제23조 제3장제5절 산재보험 의료기관
502,"산업재해보상보험법 시행규칙[시행2026. 2. 2.] [고용노동부령 제461호,2026. 2. 5., 일부개정]",제30조 진료비의 현지조사
503,"산업재해보상보험법 시행규칙[시행2026. 2. 2.] [고용노동부령 제461호,2026. 2. 6., 일부개정]",제41조 전신해부에 따른 비용지원 등
504,"산업재해보상보험법 시행규칙[시행2026. 2. 2.] [고용노동부령 제461호,2026. 2. 7., 일부개정]",제52조 제3장제11절 상병보상연금의 산정 방법
505,"산업재해보상보험법 시행규칙[시행2026. 2. 2.] [고용노동부령 제461호,2026. 2. 8., 일부개정]",제61조의2 직장복귀계획서의 기재사항 등
506,"산업재해보상보험법 시행규칙[시행2026. 2. 2.] [고용노동부령 제461호,2026. 2. 9., 일부개정]",제64조의4 노무제공자에 대한 보험급여의 신청 등
507,"산업재해보상보험법 시행규칙[시행2026. 2. 2.] [고용노동부령 제461호,2026. 2. 10., 일부개정]",제73조 외국거주자의 수급권 신고
508,"산업재해보상보험법 시행규칙[시행2026. 2. 2.] [고용노동부령 제461호,2026. 2. 11., 일부개정]",제79조 서식
509,"한국산업안전보건공단법[시행2026. 2. 12.] [법률 제21139호,2025. 11. 11., 일부개정]",제2조 법인격
510,"한국산업안전보건공단법[시행2026. 2. 12.] [법률 제21139호,2025. 11. 12., 일부개정]",제13조 공단의 수입
511,"한국산업안전보건공단법[시행2026. 2. 12.] [법률 제21139호,2025. 11. 13., 일부개정]",제26조 산하기관
512,"한국산업인력공단법[시행2026. 2. 12.] [법률 제21140호,2025. 11. 11., 일부개정]",제17조 사업연도
513,"한국산업인력공단법[시행2026. 2. 12.] [법률 제21140호,2025. 11. 11., 일부개정]",제27조 벌칙
514,"국민 평생 직업능력 개발법 시행령[시행2026. 2. 1.] [대통령령 제36055호,2026. 1. 27., 타법개정]",제1조 목적
515,"국민 평생 직업능력 개발법 시행령[시행2026. 2. 1.] [대통령령 제36055호,2026. 1. 28., 타법개정]",제11조 국가기간ㆍ전략산업직종훈련 대상 등
516,"국민 평생 직업능력 개발법 시행령[시행2026. 2. 1.] [대통령령 제36055호,2026. 1. 29., 타법개정]",제20조의3 지역별 인적자원개발위원회 심의사항의 협의
517,"국민 평생 직업능력 개발법 시행령[시행2026. 2. 1.] [대통령령 제36055호,2026. 1. 30., 타법개정]",제23조 직무능력계좌의 발급 등
518,"국민 평생 직업능력 개발법 시행령[시행2026. 2. 1.] [대통령령 제36055호,2026. 1. 31., 타법개정]",제30조 훈련기준의 설정
519,"국민 평생 직업능력 개발법 시행령[시행2026. 2. 1.] [대통령령 제36055호,2026. 1. 32., 타법개정]",제40조 다기능기술자과정의 학점 등
520,"산업현장 일학습병행 지원에 관한 법률 시행령[시행2026. 2. 1.] [대통령령 제36055호,2026. 1. 27., 타법개정]",제2조 일학습병행 추진계획의 수립
521,"산업현장 일학습병행 지원에 관한 법률 시행령[시행2026. 2. 1.] [대통령령 제36055호,2026. 1. 27., 타법개정]",제15조 외부평가
522,"한국산업인력공단법 시행령[시행2026. 2. 12.] [대통령령 제36072호,2026. 2. 3., 일부개정]",제5조 사무소의 이전등기
523,"산업재해보상보험법 시행규칙[시행2026. 2. 2.] [고용노동부령 제461호,2026. 2. 2., 일부개정]",제1조 목적
524,"산업재해보상보험법 시행규칙[시행2026. 2. 2.] [고용노동부령 제461호,2026. 2. 3., 일부개정]",제9조의2 소위원회의 구성ㆍ운영
525,"산업재해보상보험법 시행규칙[시행2026. 2. 2.] [고용노동부령 제461호,2026. 2. 4., 일부개정]",제20조 제3장제4절 요양급여의 신청 절차 등
526,"산업재해보상보험법 시행규칙[시행2026. 2. 2.] [고용노동부령 제461호,2026. 2. 5., 일부개정]",제22조 업무상 질병에 관한 자문
527,"산업재해보상보험법 시행규칙[시행2026. 2. 2.] [고용노동부령 제461호,2026. 2. 6., 일부개정]",제29조 진료비ㆍ약제비의 심사 및 지급결정
528,"산업재해보상보험법 시행규칙[시행2026. 2. 2.] [고용노동부령 제461호,2026. 2. 7., 일부개정]",제40조 진폐요양의료기관평가위원회
529,"산업재해보상보험법 시행규칙[시행2026. 2. 2.] [고용노동부령 제461호,2026. 2. 8., 일부개정]",제51조 제3장제10절 유족보상연금 수급자격자
530,"산업재해보상보험법 시행규칙[시행2026. 2. 2.] [고용노동부령 제461호,2026. 2. 9., 일부개정]",제61조 직장복귀지원금등의 청구 시기
531,"산업재해보상보험법 시행규칙[시행2026. 2. 2.] [고용노동부령 제461호,2026. 2. 10., 일부개정]",제64조의3 노무제공자의 범위
532,"산업재해보상보험법 시행규칙[시행2026. 2. 2.] [고용노동부령 제461호,2026. 2. 11., 일부개정]",제72조 조사연구원의 보수
533,"한국산업안전보건공단법[시행2026. 2. 12.] [법률 제21139호,2025. 11. 11., 일부개정]",제3조 사무소
534,"한국산업안전보건공단법[시행2026. 2. 12.] [법률 제21139호,2025. 11. 12., 일부개정]",제14조 국유재산의 무상대부
535,"한국산업안전보건공단법[시행2026. 2. 12.] [법률 제21139호,2025. 11. 13., 일부개정]",제27조 벌칙
536,"한국산업인력공단법[시행2026. 2. 12.] [법률 제21140호,2025. 11. 11., 일부개정]",제12조의2 
537,"한국산업인력공단법[시행2026. 2. 12.] [법률 제21140호,2025. 11. 12., 일부개정]",제20조의2 위탁훈련사업계획의 구분수립 등
538,"국민 평생 직업능력 개발법 시행령[시행2026. 2. 1.] [대통령령 제36055호,2026. 1. 27., 타법개정]",제3조 직업능력개발훈련의 구분 및 실시방법
539,"국민 평생 직업능력 개발법 시행령[시행2026. 2. 1.] [대통령령 제36055호,2026. 1. 28., 타법개정]",제7조 직업능력개발훈련의 훈련과정 등
540,"국민 평생 직업능력 개발법 시행령[시행2026. 2. 1.] [대통령령 제36055호,2026. 1. 29., 타법개정]",제19조 사업주 및 사업주단체등에 대한 직업능력개발사업 지원
541,"국민 평생 직업능력 개발법 시행령[시행2026. 2. 1.] [대통령령 제36055호,2026. 1. 30., 타법개정]",제31조 기능대학의 설립협의
542,"국민 평생 직업능력 개발법 시행령[시행2026. 2. 1.] [대통령령 제36055호,2026. 1. 31., 타법개정]",제39조의3 학위전공심화과정의 입학자격 등
543,"국민 평생 직업능력 개발법 시행령[시행2026. 2. 1.] [대통령령 제36055호,2026. 1. 32., 타법개정]",제50조의2 직업능력개발훈련 위탁계약해지 등의 공표 사항 및 대상
544,"산업현장 일학습병행 지원에 관한 법률 시행령[시행2026. 2. 1.] [대통령령 제36055호,2026. 1. 27., 타법개정]",제16조 일학습병행에 대한 지원 및 환수 등
545,"한국산업인력공단법 시행령[시행2026. 2. 12.] [대통령령 제36072호,2026. 2. 3., 일부개정]",제13조 예산안의 제출
546,"산업재해보상보험법 시행규칙[시행2026. 2. 2.] [고용노동부령 제461호,2026. 2. 2., 일부개정]",제3조 
547,"산업재해보상보험법 시행규칙[시행2026. 2. 2.] [고용노동부령 제461호,2026. 2. 3., 일부개정]",제21조 요양급여의 결정 등
548,"산업재해보상보험법 시행규칙[시행2026. 2. 2.] [고용노동부령 제461호,2026. 2. 4., 일부개정]",제28조 약제비의 청구
549,"산업재해보상보험법 시행규칙[시행2026. 2. 2.] [고용노동부령 제461호,2026. 2. 5., 일부개정]",제46조 제3장제8절 장해등급의 판정 기준
550,"산업재해보상보험법 시행규칙[시행2026. 2. 2.] [고용노동부령 제461호,2026. 2. 6., 일부개정]",제54조 제3장제12절 직업재활급여 등
551,"산업재해보상보험법 시행규칙[시행2026. 2. 2.] [고용노동부령 제461호,2026. 2. 7., 일부개정]",제62조 보험급여 일시지급의 신청 및 지급 절차
552,"산업재해보상보험법 시행규칙[시행2026. 2. 2.] [고용노동부령 제461호,2026. 2. 8., 일부개정]",제71조 실비 지급
553,"산업재해보상보험법 시행규칙[시행2026. 2. 2.] [고용노동부령 제461호,2026. 2. 9., 일부개정]",제77조 
554,"산업재해보상보험법 시행규칙[시행2026. 2. 2.] [고용노동부령 제461호,2026. 2. 10., 일부개정]",제78조 
555,"한국산업안전보건공단법[시행2026. 2. 12.] [법률 제21139호,2025. 11. 11., 일부개정]",제1조 목적
556,"한국산업안전보건공단법[시행2026. 2. 12.] [법률 제21139호,2025. 11. 12., 일부개정]",제7조 임원
557,"한국산업안전보건공단법[시행2026. 2. 12.] [법률 제21139호,2025. 11. 13., 일부개정]",제18조 결산서의 제출
558,"한국산업안전보건공단법[시행2026. 2. 12.] [법률 제21139호,2025. 11. 14., 일부개정]",제21조 업무의 지도 및 감독
559,"한국산업인력공단법[시행2026. 2. 12.] [법률 제21140호,2025. 11. 11., 일부개정]",제4조 분사무소의 설치
560,"한국산업인력공단법[시행2026. 2. 12.] [법률 제21140호,2025. 11. 12., 일부개정]",제8조 임원의 결격사유
561,"한국산업인력공단법[시행2026. 2. 12.] [법률 제21140호,2025. 11. 13., 일부개정]",제15조의2 공단재산 등의 무상대부
562,"한국산업인력공단법[시행2026. 2. 12.] [법률 제21140호,2025. 11. 14., 일부개정]",제21조 수수료의 징수
563,"국민 평생 직업능력 개발법 시행령[시행2026. 2. 1.] [대통령령 제36055호,2026. 1. 27., 타법개정]",제9조 
564,"국민 평생 직업능력 개발법 시행령[시행2026. 2. 1.] [대통령령 제36055호,2026. 1. 28., 타법개정]",제20조 산업부문별 직업능력개발사업 지원
565,"국민 평생 직업능력 개발법 시행령[시행2026. 2. 1.] [대통령령 제36055호,2026. 1. 29., 타법개정]",제24조 직업능력개발훈련시설의 지정
566,"국민 평생 직업능력 개발법 시행령[시행2026. 2. 1.] [대통령령 제36055호,2026. 1. 30., 타법개정]",제35조 기능대학의 분교
567,"국민 평생 직업능력 개발법 시행령[시행2026. 2. 1.] [대통령령 제36055호,2026. 1. 31., 타법개정]",제42조 교원 등의 자격
568,"국민 평생 직업능력 개발법 시행령[시행2026. 2. 1.] [대통령령 제36055호,2026. 1. 32., 타법개정]",제52조의2 민감정보 및 고유식별정보의 처리
569,"산업현장 일학습병행 지원에 관한 법률 시행령[시행2026. 2. 1.] [대통령령 제36055호,2026. 1. 27., 타법개정]",제19조 과태료의 부과기준
570,"한국산업인력공단법 시행령[시행2026. 2. 12.] [대통령령 제36072호,2026. 2. 3., 일부개정]",제12조 자금 차입 등의 승인 신청
571,"산업재해보상보험법 시행규칙[시행2026. 2. 2.] [고용노동부령 제461호,2026. 2. 2., 일부개정]",제2조 정보통신망을 이용한 신청 또는 청구
572,"산업재해보상보험법 시행규칙[시행2026. 2. 2.] [고용노동부령 제461호,2026. 2. 3., 일부개정]",제10조 제3장제3절 요양급여의 범위 등
573,"산업재해보상보험법 시행규칙[시행2026. 2. 2.] [고용노동부령 제461호,2026. 2. 4., 일부개정]",제20조 요양급여의 신청 등
574,"산업재해보상보험법 시행규칙[시행2026. 2. 2.] [고용노동부령 제461호,2026. 2. 5., 일부개정]",제37조 
575,"산업재해보상보험법 시행규칙[시행2026. 2. 2.] [고용노동부령 제461호,2026. 2. 6., 일부개정]",제46조 기본원칙
576,"산업재해보상보험법 시행규칙[시행2026. 2. 2.] [고용노동부령 제461호,2026. 2. 7., 일부개정]",제54조 취업의 범위
577,"산업재해보상보험법 시행규칙[시행2026. 2. 2.] [고용노동부령 제461호,2026. 2. 8., 일부개정]",제63조 보험급여 지급 제한의 절차
578,"산업재해보상보험법 시행규칙[시행2026. 2. 2.] [고용노동부령 제461호,2026. 2. 9., 일부개정]",제67조 사업계획서 등의 제출
579,"산업재해보상보험법 시행규칙[시행2026. 2. 2.] [고용노동부령 제461호,2026. 2. 10., 일부개정]",제74조의3 학생연구자의 재요양에 따른 휴업급여 등의 지급 기준
580,"한국산업안전보건공단법[시행2026. 2. 12.] [법률 제21139호,2025. 11. 11., 일부개정]",제11조 직원의 임면
581,"한국산업안전보건공단법[시행2026. 2. 12.] [법률 제21139호,2025. 11. 12., 일부개정]",제24조 「민법」의 준용
582,"한국산업인력공단법[시행2026. 2. 12.] [법률 제21140호,2025. 11. 11., 일부개정]",제7조 임원
583,"한국산업인력공단법[시행2026. 2. 12.] [법률 제21140호,2025. 11. 12., 일부개정]",제16조 자금의 차입 등
584,"한국산업인력공단법[시행2026. 2. 12.] [법률 제21140호,2025. 11. 13., 일부개정]",제28조 과태료
585,"국민 평생 직업능력 개발법 시행령[시행2026. 2. 1.] [대통령령 제36055호,2026. 1. 27., 타법개정]",제16조 직업능력개발계좌제도
586,"국민 평생 직업능력 개발법 시행령[시행2026. 2. 1.] [대통령령 제36055호,2026. 1. 28., 타법개정]",제18조 직업능력개발훈련과정ㆍ계좌적합훈련과정의 인정취소 시 인정제한 등이 적용되지 아니하는 부정수급액
587,"국민 평생 직업능력 개발법 시행령[시행2026. 2. 1.] [대통령령 제36055호,2026. 1. 29., 타법개정]",제22조의3 직업능력개발훈련과정의 인정취소 시 인정제한 등이 적용되지 아니하는 부정수급액
588,"국민 평생 직업능력 개발법 시행령[시행2026. 2. 1.] [대통령령 제36055호,2026. 1. 30., 타법개정]",제29조 직업능력개발훈련교사등의 능력개발 지원
589,"국민 평생 직업능력 개발법 시행령[시행2026. 2. 1.] [대통령령 제36055호,2026. 1. 31., 타법개정]",제33조 기능대학의 설립인가신청
590,"국민 평생 직업능력 개발법 시행령[시행2026. 2. 1.] [대통령령 제36055호,2026. 1. 32., 타법개정]",제39조의2 학위전공심화과정의 인가기준 등
591,"국민 평생 직업능력 개발법 시행령[시행2026. 2. 1.] [대통령령 제36055호,2026. 1. 33., 타법개정]",제50조 
592,"산업현장 일학습병행 지원에 관한 법률 시행령[시행2026. 2. 1.] [대통령령 제36055호,2026. 1. 27., 타법개정]",제3조 실태조사의 범위ㆍ방법 등
593,"산업현장 일학습병행 지원에 관한 법률 시행령[시행2026. 2. 1.] [대통령령 제36055호,2026. 1. 28., 타법개정]",제7조 학습기업의 지정 방법 및 절차
594,"산업현장 일학습병행 지원에 관한 법률 시행령[시행2026. 2. 1.] [대통령령 제36055호,2026. 1. 29., 타법개정]",제18조 고유식별정보의 처리
595,"한국산업인력공단법 시행령[시행2026. 2. 12.] [대통령령 제36072호,2026. 2. 3., 일부개정]",제2조 설립등기
596,"한국산업인력공단법 시행령[시행2026. 2. 12.] [대통령령 제36072호,2026. 2. 4., 일부개정]",제16조 업무의 감독
597,"산업재해보상보험법 시행규칙[시행2026. 2. 2.] [고용노동부령 제461호,2026. 2. 2., 일부개정]",제5조 제3장 보험급여
598,"산업재해보상보험법 시행규칙[시행2026. 2. 2.] [고용노동부령 제461호,2026. 2. 3., 일부개정]",제14조 간병료의 청구 방법
599,"산업재해보상보험법 시행규칙[시행2026. 2. 2.] [고용노동부령 제461호,2026. 2. 4., 일부개정]",제24조 산재보험 의료기관의 지정 절차
600,"산업재해보상보험법 시행규칙[시행2026. 2. 2.] [고용노동부령 제461호,2026. 2. 5., 일부개정]",제32조 제3장제6절 진폐에 대한 요양급여 등의 청구절차
601,"산업재해보상보험법 시행규칙[시행2026. 2. 2.] [고용노동부령 제461호,2026. 2. 6., 일부개정]",제36조 진단수당의 지급
602,"산업재해보상보험법 시행규칙[시행2026. 2. 2.] [고용노동부령 제461호,2026. 2. 7., 일부개정]",제48조 신체부위별 장해등급 판정 기준
603,"산업재해보상보험법 시행규칙[시행2026. 2. 2.] [고용노동부령 제461호,2026. 2. 8., 일부개정]",제57조 직업훈련비용의 지급 범위 등
604,"산업재해보상보험법 시행규칙[시행2026. 2. 2.] [고용노동부령 제461호,2026. 2. 9., 일부개정]",제63조의3 부정수급자 등 명단공개심의위원회
605,"산업재해보상보험법 시행규칙[시행2026. 2. 2.] [고용노동부령 제461호,2026. 2. 10., 일부개정]",제69조 제5장 보칙
606,"산업재해보상보험법 시행규칙[시행2026. 2. 2.] [고용노동부령 제461호,2026. 2. 11., 일부개정]",제74조의2 학생연구자의 보험급여의 청구 등
607,"한국산업안전보건공단법[시행2026. 2. 12.] [법률 제21139호,2025. 11. 11., 일부개정]",제4조 설립등기
608,"한국산업안전보건공단법[시행2026. 2. 12.] [법률 제21139호,2025. 11. 12., 일부개정]",제15조 자금의 차입
609,"한국산업안전보건공단법[시행2026. 2. 12.] [법률 제21139호,2025. 11. 13., 일부개정]",제28조 과태료
610,"한국산업인력공단법[시행2026. 2. 12.] [법률 제21140호,2025. 11. 11., 일부개정]",제11조 임직원의 겸직제한
611,"한국산업인력공단법[시행2026. 2. 12.] [법률 제21140호,2025. 11. 12., 일부개정]",제25조 「민법」의 준용
612,"국민 평생 직업능력 개발법 시행령[시행2026. 2. 1.] [대통령령 제36055호,2026. 1. 27., 타법개정]",제4조 직업능력개발훈련의 대상 연령 등
613,"국민 평생 직업능력 개발법 시행령[시행2026. 2. 1.] [대통령령 제36055호,2026. 1. 28., 타법개정]",제14조 훈련과정 등 심사위원회
614,"국민 평생 직업능력 개발법 시행령[시행2026. 2. 1.] [대통령령 제36055호,2026. 1. 29., 타법개정]",제21조 직업능력개발단체의 직업능력개발사업 지원
615,"국민 평생 직업능력 개발법 시행령[시행2026. 2. 1.] [대통령령 제36055호,2026. 1. 30., 타법개정]",제27조 직업능력개발훈련을 위하여 훈련생을 가르칠 수 있는 사람
616,"국민 평생 직업능력 개발법 시행령[시행2026. 2. 1.] [대통령령 제36055호,2026. 1. 31., 타법개정]",제38조의2 학위전공심화과정의 설치ㆍ운영 등
617,"국민 평생 직업능력 개발법 시행령[시행2026. 2. 1.] [대통령령 제36055호,2026. 1. 32., 타법개정]",제41조 학칙
618,"국민 평생 직업능력 개발법 시행령[시행2026. 2. 1.] [대통령령 제36055호,2026. 1. 33., 타법개정]",제45조 교원의 정년 등
619,"국민 평생 직업능력 개발법 시행령[시행2026. 2. 1.] [대통령령 제36055호,2026. 1. 34., 타법개정]",제51조 업무의 대행
620,"산업현장 일학습병행 지원에 관한 법률 시행령[시행2026. 2. 1.] [대통령령 제36055호,2026. 1. 27., 타법개정]",제8조 학습기업의 지정 요건
621,"산업현장 일학습병행 지원에 관한 법률 시행령[시행2026. 2. 1.] [대통령령 제36055호,2026. 1. 27., 타법개정]",제17조 권한 등의 위임ㆍ위탁
622,"한국산업인력공단법 시행령[시행2026. 2. 12.] [대통령령 제36072호,2026. 2. 3., 일부개정]",제8조 등기기간의 기산
623,"산업재해보상보험법 시행규칙[시행2026. 2. 2.] [고용노동부령 제461호,2026. 2. 2., 일부개정]",제5조 제3장제1절 평균임금 산정의 특례
624,"산업재해보상보험법 시행규칙[시행2026. 2. 2.] [고용노동부령 제461호,2026. 2. 3., 일부개정]",제10조 요양급여의 범위 및 비용
625,"산업재해보상보험법 시행규칙[시행2026. 2. 2.] [고용노동부령 제461호,2026. 2. 4., 일부개정]",제13조 간병료
626,"산업재해보상보험법 시행규칙[시행2026. 2. 2.] [고용노동부령 제461호,2026. 2. 5., 일부개정]",제23조 산재보험 의료기관의 지정 기준
627,"산업재해보상보험법 시행규칙[시행2026. 2. 2.] [고용노동부령 제461호,2026. 2. 6., 일부개정]",제25조 지정취소 및 진료제한등의 조치의 기준
628,"산업재해보상보험법 시행규칙[시행2026. 2. 2.] [고용노동부령 제461호,2026. 2. 7., 일부개정]",제38조 진폐심사회의
629,"산업재해보상보험법 시행규칙[시행2026. 2. 2.] [고용노동부령 제461호,2026. 2. 8., 일부개정]",제50조 제3장제9절 간병급여의 청구 방법
630,"산업재해보상보험법 시행규칙[시행2026. 2. 2.] [고용노동부령 제461호,2026. 2. 9., 일부개정]",제60조 직업훈련수당의 지급 기준 등
631,"산업재해보상보험법 시행규칙[시행2026. 2. 2.] [고용노동부령 제461호,2026. 2. 10., 일부개정]",제64조의2 국민건강보험 요양급여 비용의 지급 절차 등
632,"산업재해보상보험법 시행규칙[시행2026. 2. 2.] [고용노동부령 제461호,2026. 2. 11., 일부개정]",제73조의4 포상금의 지급방법 등
633,"노동조합 및 노동관계조정법[시행2026. 3. 10.] [법률 제21045호,2025. 9. 9., 일부개정]",제3조 손해배상 청구의 제한
634,"노동조합 및 노동관계조정법[시행2026. 3. 10.] [법률 제21045호,2025. 9. 10., 일부개정]",제12조 신고증의 교부
635,"노동조합 및 노동관계조정법[시행2026. 3. 10.] [법률 제21045호,2025. 9. 11., 일부개정]",제23조 임원의 자격 등
636,"노동조합 및 노동관계조정법[시행2026. 3. 10.] [법률 제21045호,2025. 9. 12., 일부개정]",제29조의4 공정대표의무 등
637,"노동조합 및 노동관계조정법[시행2026. 3. 10.] [법률 제21045호,2025. 9. 13., 일부개정]",제40조 
638,"노동조합 및 노동관계조정법[시행2026. 3. 10.] [법률 제21045호,2025. 9. 14., 일부개정]",제46조 직장폐쇄의 요건
639,"노동조합 및 노동관계조정법[시행2026. 3. 10.] [법률 제21045호,2025. 9. 15., 일부개정]",제48조 당사자의 책무
640,"노동조합 및 노동관계조정법[시행2026. 3. 10.] [법률 제21045호,2025. 9. 16., 일부개정]",제59조 출석금지
641,"노동조합 및 노동관계조정법[시행2026. 3. 10.] [법률 제21045호,2025. 9. 17., 일부개정]",제69조 중재재정등의 확정
642,"노동조합 및 노동관계조정법[시행2026. 3. 10.] [법률 제21045호,2025. 9. 18., 일부개정]",제71조 공익사업의 범위등
643,"노동조합 및 노동관계조정법[시행2026. 3. 10.] [법률 제21045호,2025. 9. 19., 일부개정]",제83조 조사등
644,"노동조합 및 노동관계조정법[시행2026. 3. 10.] [법률 제21045호,2025. 9. 20., 일부개정]",제90조 벌칙
645,"노동조합 및 노동관계조정법 시행령[시행2026. 3. 10.] [대통령령 제36159호,2026. 3. 3., 일부개정]",제9조 설립신고서의 보완요구 등
646,"노동조합 및 노동관계조정법 시행령[시행2026. 3. 10.] [대통령령 제36159호,2026. 3. 4., 일부개정]",제11조의5 위원회 위원의 임기
647,"노동조합 및 노동관계조정법 시행령[시행2026. 3. 10.] [대통령령 제36159호,2026. 3. 5., 일부개정]",제13조 노동위원회의 해산의결 등
648,"노동조합 및 노동관계조정법 시행령[시행2026. 3. 10.] [대통령령 제36159호,2026. 3. 6., 일부개정]",제14조의6 자율적 교섭대표노동조합의 결정 등
649,"노동조합 및 노동관계조정법 시행령[시행2026. 3. 10.] [대통령령 제36159호,2026. 3. 7., 일부개정]",제22조 중지통보
650,"노동조합 및 노동관계조정법 시행령[시행2026. 3. 10.] [대통령령 제36159호,2026. 3. 8., 일부개정]",제24조 노동쟁의의 조정 등의 신청
651,"노동조합 및 노동관계조정법 시행규칙[시행2026. 3. 10.] [고용노동부령 제463호,2026. 3. 5., 일부개정]",제10조 해산신고
652,"노동조합 및 노동관계조정법 시행규칙[시행2026. 3. 10.] [고용노동부령 제463호,2026. 3. 6., 일부개정]",제11조의2 쟁의행위의 신고
653,"근로복지기본법 시행령[시행2026. 3. 24.] [대통령령 제36220호,2026. 3. 24., 타법개정]",제4조 근로자 신용보증의 보증료
654,"근로복지기본법 시행령[시행2026. 3. 24.] [대통령령 제36220호,2026. 3. 25., 타법개정]",제17조 조합기금의 사용
655,"근로복지기본법 시행령[시행2026. 3. 24.] [대통령령 제36220호,2026. 3. 26., 타법개정]",제24조의6 우리사주 대차거래 중개ㆍ주선업무 금융회사
656,"근로복지기본법 시행령[시행2026. 3. 24.] [대통령령 제36220호,2026. 3. 27., 타법개정]",제35조 변경등기 등
657,"근로복지기본법 시행령[시행2026. 3. 24.] [대통령령 제36220호,2026. 3. 28., 타법개정]",제49조 사내근로복지기금의 예산과 결산
658,"근로복지기본법 시행령[시행2026. 3. 24.] [대통령령 제36220호,2026. 3. 29., 타법개정]",제58조 진흥기금운용계획의 수립
659,"근로복지기본법 시행령[시행2026. 3. 24.] [대통령령 제36220호,2026. 3. 30., 타법개정]",제63조 기금법인의 운영상황 보고
660,"근로자퇴직급여 보장법 시행령[시행2026. 3. 24.] [대통령령 제36220호,2026. 3. 24., 타법개정]",제4조 확정급여형퇴직연금규약의 규정 사항
661,"근로자퇴직급여 보장법 시행령[시행2026. 3. 24.] [대통령령 제36220호,2026. 3. 25., 타법개정]",제13조 사전지정운용방법의 승인 요건
662,"근로자퇴직급여 보장법 시행령[시행2026. 3. 24.] [대통령령 제36220호,2026. 3. 26., 타법개정]",제16조의3 운영위원회의 운영 등
663,"근로자퇴직급여 보장법 시행령[시행2026. 3. 24.] [대통령령 제36220호,2026. 3. 27., 타법개정]",제16조의5 중소기업퇴직연금기금의 회계
664,"근로자퇴직급여 보장법 시행령[시행2026. 3. 24.] [대통령령 제36220호,2026. 3. 28., 타법개정]",제16조의18 요청 대상 자료의 범위
665,"근로자퇴직급여 보장법 시행령[시행2026. 3. 24.] [대통령령 제36220호,2026. 3. 29., 타법개정]",제25조 확정기여형퇴직연금제도 및 개인형퇴직연금제도 적립금의 원리금보장 운용방법
666,"근로자퇴직급여 보장법 시행령[시행2026. 3. 24.] [대통령령 제36220호,2026. 3. 30., 타법개정]",제37조 퇴직연금사업자에 대한 금융위원회의 감독
667,"직업안정법 시행령[시행2026. 3. 24.] [대통령령 제36220호,2026. 3. 24., 타법개정]",제5조 구인의 신청
668,"직업안정법 시행령[시행2026. 3. 24.] [대통령령 제36220호,2026. 3. 25., 타법개정]",제19조 
669,"직업안정법 시행령[시행2026. 3. 24.] [대통령령 제36220호,2026. 3. 26., 타법개정]",제21조 유료직업소개사업의 등록요건 등
670,"직업안정법 시행령[시행2026. 3. 24.] [대통령령 제36220호,2026. 3. 27., 타법개정]",제30조 
671,"직업안정법 시행령[시행2026. 3. 24.] [대통령령 제36220호,2026. 3. 28., 타법개정]",제38조 과태료의 부과기준
672,"노동조합 및 노동관계조정법[시행2026. 3. 10.] [법률 제21045호,2025. 9. 9., 일부개정]",제3조의2 책임의 면제
673,"노동조합 및 노동관계조정법[시행2026. 3. 10.] [법률 제21045호,2025. 9. 10., 일부개정]",제10조 제2장제2절 노동조합의 설립
674,"노동조합 및 노동관계조정법[시행2026. 3. 10.] [법률 제21045호,2025. 9. 11., 일부개정]",제13조 변경사항의 신고등
675,"노동조합 및 노동관계조정법[시행2026. 3. 10.] [법률 제21045호,2025. 9. 12., 일부개정]",제24조 근로시간 면제 등
676,"노동조합 및 노동관계조정법[시행2026. 3. 10.] [법률 제21045호,2025. 9. 13., 일부개정]",제33조 기준의 효력
677,"노동조합 및 노동관계조정법[시행2026. 3. 10.] [법률 제21045호,2025. 9. 14., 일부개정]",제42조의5 노동위원회의 결정에 따른 쟁의행위
678,"노동조합 및 노동관계조정법[시행2026. 3. 10.] [법률 제21045호,2025. 9. 15., 일부개정]",제51조 공익사업등의 우선적 취급
679,"노동조합 및 노동관계조정법[시행2026. 3. 10.] [법률 제21045호,2025. 9. 16., 일부개정]",제71조 제5장제4절 공익사업등의 조정에 관한 특칙
680,"노동조합 및 노동관계조정법[시행2026. 3. 10.] [법률 제21045호,2025. 9. 17., 일부개정]",제81조 부당노동행위
681,"노동조합 및 노동관계조정법 시행령[시행2026. 3. 10.] [대통령령 제36159호,2026. 3. 3., 일부개정]",제2조 법인등기
682,"노동조합 및 노동관계조정법 시행령[시행2026. 3. 10.] [대통령령 제36159호,2026. 3. 4., 일부개정]",제11조의4 위원회 위원의 자격기준
683,"노동조합 및 노동관계조정법 시행령[시행2026. 3. 10.] [대통령령 제36159호,2026. 3. 5., 일부개정]",제14조의7 과반수 노동조합의 교섭대표노동조합 확정 등
684,"노동조합 및 노동관계조정법 시행령[시행2026. 3. 10.] [대통령령 제36159호,2026. 3. 6., 일부개정]",제22조의3 필수유지업무 유지ㆍ운영 수준 등의 결정 신청 등
685,"노동조합 및 노동관계조정법 시행령[시행2026. 3. 10.] [대통령령 제36159호,2026. 3. 7., 일부개정]",제33조의2 고유식별정보의 처리
686,"노동조합 및 노동관계조정법 시행규칙[시행2026. 3. 10.] [고용노동부령 제463호,2026. 3. 5., 일부개정]",제2조 노동조합의 설립신고
687,"노동조합 및 노동관계조정법 시행규칙[시행2026. 3. 10.] [고용노동부령 제463호,2026. 3. 6., 일부개정]",제7조 노동단체카드
688,"노동조합 및 노동관계조정법 시행규칙[시행2026. 3. 10.] [고용노동부령 제463호,2026. 3. 7., 일부개정]",제10조의8 교섭단위 결정 신청
689,"노동조합 및 노동관계조정법 시행규칙[시행2026. 3. 10.] [고용노동부령 제463호,2026. 3. 8., 일부개정]",제16조 서식 등
690,"근로복지기본법 시행령[시행2026. 3. 24.] [대통령령 제36220호,2026. 3. 24., 타법개정]",제1조 목적
691,"근로복지기본법 시행령[시행2026. 3. 24.] [대통령령 제36220호,2026. 3. 25., 타법개정]",제15조 배당금의 처리
692,"근로복지기본법 시행령[시행2026. 3. 24.] [대통령령 제36220호,2026. 3. 26., 타법개정]",제24조의5 우리사주 최소 손실보전비율
693,"근로복지기본법 시행령[시행2026. 3. 24.] [대통령령 제36220호,2026. 3. 27., 타법개정]",제33조 분사무소의 설치등기
694,"근로복지기본법 시행령[시행2026. 3. 24.] [대통령령 제36220호,2026. 3. 28., 타법개정]",제48조 사내근로복지기금의 회계원칙
695,"근로복지기본법 시행령[시행2026. 3. 24.] [대통령령 제36220호,2026. 3. 29., 타법개정]",제55조의2 공동근로복지기금에의 출연
696,"근로복지기본법 시행령[시행2026. 3. 24.] [대통령령 제36220호,2026. 3. 30., 타법개정]",제57조 진흥기금운용심의회의 구성 등
697,"근로복지기본법 시행령[시행2026. 3. 24.] [대통령령 제36220호,2026. 3. 31., 타법개정]",제65조 권한의 위임ㆍ위탁
698,"근로자퇴직급여 보장법 시행령[시행2026. 3. 24.] [대통령령 제36220호,2026. 3. 24., 타법개정]",제11조 미납 부담금에 대한 지연이자 이율
699,"근로자퇴직급여 보장법 시행령[시행2026. 3. 24.] [대통령령 제36220호,2026. 3. 25., 타법개정]",제15조 표준규약에 규정될 사항
700,"근로자퇴직급여 보장법 시행령[시행2026. 3. 24.] [대통령령 제36220호,2026. 3. 26., 타법개정]",제16조의12 가입자부담금의 납입 한도
701,"근로자퇴직급여 보장법 시행령[시행2026. 3. 24.] [대통령령 제36220호,2026. 3. 27., 타법개정]",제19조 10명 미만을 사용하는 사업에 대한 특례
702,"근로자퇴직급여 보장법 시행령[시행2026. 3. 24.] [대통령령 제36220호,2026. 3. 28., 타법개정]",제32조의2 확정급여형퇴직연금제도 가입자 등에 대한 교육 방법
703,"근로자퇴직급여 보장법 시행령[시행2026. 3. 24.] [대통령령 제36220호,2026. 3. 29., 타법개정]",제35조 특별한 이익의 구체적 내용
704,"직업안정법 시행령[시행2026. 3. 24.] [대통령령 제36220호,2026. 3. 24., 타법개정]",제2조의5 고용서비스 우수기관 인증업무의 위탁
705,"직업안정법 시행령[시행2026. 3. 24.] [대통령령 제36220호,2026. 3. 25., 타법개정]",제12조 고용정보제공의 내용등
706,"직업안정법 시행령[시행2026. 3. 24.] [대통령령 제36220호,2026. 3. 26., 타법개정]",제25조 유료직업소개사업자의 준수사항
707,"직업안정법 시행령[시행2026. 3. 24.] [대통령령 제36220호,2026. 3. 27., 타법개정]",제36조 서면통지
708,"노동조합 및 노동관계조정법[시행2026. 3. 10.] [법률 제21045호,2025. 9. 9., 일부개정]",제14조 서류비치등
709,"노동조합 및 노동관계조정법[시행2026. 3. 10.] [법률 제21045호,2025. 9. 10., 일부개정]",제25조 회계감사
710,"노동조합 및 노동관계조정법[시행2026. 3. 10.] [법률 제21045호,2025. 9. 11., 일부개정]",제31조 단체협약의 작성
711,"노동조합 및 노동관계조정법[시행2026. 3. 10.] [법률 제21045호,2025. 9. 12., 일부개정]",제38조 노동조합의 지도와 책임
712,"노동조합 및 노동관계조정법[시행2026. 3. 10.] [법률 제21045호,2025. 9. 13., 일부개정]",제52조 사적 조정ㆍ중재
713,"노동조합 및 노동관계조정법[시행2026. 3. 10.] [법률 제21045호,2025. 9. 14., 일부개정]",제62조 제5장제3절 중재
714,"노동조합 및 노동관계조정법[시행2026. 3. 10.] [법률 제21045호,2025. 9. 15., 일부개정]",제74조 
715,"노동조합 및 노동관계조정법[시행2026. 3. 10.] [법률 제21045호,2025. 9. 16., 일부개정]",제85조 구제명령의 확정
716,"노동조합 및 노동관계조정법[시행2026. 3. 10.] [법률 제21045호,2025. 9. 17., 일부개정]",제95조 과태료
717,"노동조합 및 노동관계조정법 시행령[시행2026. 3. 10.] [대통령령 제36159호,2026. 3. 3., 일부개정]",제5조 이전등기
718,"노동조합 및 노동관계조정법 시행령[시행2026. 3. 10.] [대통령령 제36159호,2026. 3. 4., 일부개정]",제7조 산하조직의 신고
719,"노동조합 및 노동관계조정법 시행령[시행2026. 3. 10.] [대통령령 제36159호,2026. 3. 5., 일부개정]",제12조 자료제출의 요구
720,"노동조합 및 노동관계조정법 시행령[시행2026. 3. 10.] [대통령령 제36159호,2026. 3. 6., 일부개정]",제15조 단체협약의 신고
721,"노동조합 및 노동관계조정법 시행령[시행2026. 3. 10.] [대통령령 제36159호,2026. 3. 7., 일부개정]",제19조 
722,"노동조합 및 노동관계조정법 시행령[시행2026. 3. 10.] [대통령령 제36159호,2026. 3. 8., 일부개정]",제30조 중재재정의 해석요청
723,"노동조합 및 노동관계조정법 시행규칙[시행2026. 3. 10.] [고용노동부령 제463호,2026. 3. 5., 일부개정]",제8조 재정장부와 서류
724,"노동조합 및 노동관계조정법 시행규칙[시행2026. 3. 10.] [고용노동부령 제463호,2026. 3. 6., 일부개정]",제11조 단체협약의 신고
725,"노동조합 및 노동관계조정법 시행규칙[시행2026. 3. 10.] [고용노동부령 제463호,2026. 3. 7., 일부개정]",제17조 
726,"근로복지기본법 시행령[시행2026. 3. 24.] [대통령령 제36220호,2026. 3. 24., 타법개정]",제3조 융자업무취급기관
727,"근로복지기본법 시행령[시행2026. 3. 24.] [대통령령 제36220호,2026. 3. 25., 타법개정]",제8조 우리사주조합의 설립 등
728,"근로복지기본법 시행령[시행2026. 3. 24.] [대통령령 제36220호,2026. 3. 26., 타법개정]",제21조 조합차입
729,"근로복지기본법 시행령[시행2026. 3. 24.] [대통령령 제36220호,2026. 3. 27., 타법개정]",제27조의2 비상장법인의 의무적 환매수
730,"근로복지기본법 시행령[시행2026. 3. 24.] [대통령령 제36220호,2026. 3. 28., 타법개정]",제41조 의장 등
731,"근로복지기본법 시행령[시행2026. 3. 24.] [대통령령 제36220호,2026. 3. 29., 타법개정]",제59조 진흥기금의 결산 등
732,"근로복지기본법 시행령[시행2026. 3. 24.] [대통령령 제36220호,2026. 3. 30., 타법개정]",제61조 진흥기금의 용도
733,"근로자퇴직급여 보장법 시행령[시행2026. 3. 24.] [대통령령 제36220호,2026. 3. 24., 타법개정]",제9조의2 확정급여형퇴직연금제도 적립금운용위원회의 구성 등
734,"근로자퇴직급여 보장법 시행령[시행2026. 3. 24.] [대통령령 제36220호,2026. 3. 25., 타법개정]",제16조의4 중소기업퇴직연금기금의 관리ㆍ운용 방법
735,"근로자퇴직급여 보장법 시행령[시행2026. 3. 24.] [대통령령 제36220호,2026. 3. 26., 타법개정]",제16조의20 중소기업퇴직연금기금제도의 공시
736,"근로자퇴직급여 보장법 시행령[시행2026. 3. 24.] [대통령령 제36220호,2026. 3. 27., 타법개정]",제26조 적립금의 안정적 운용을 위한 운용방법 및 기준
737,"근로자퇴직급여 보장법 시행령[시행2026. 3. 24.] [대통령령 제36220호,2026. 3. 28., 타법개정]",제30조 퇴직연금제도 모집인의 준수사항
738,"근로자퇴직급여 보장법 시행령[시행2026. 3. 24.] [대통령령 제36220호,2026. 3. 29., 타법개정]",제41조 권한의 위탁ㆍ위임
739,"직업안정법 시행령[시행2026. 3. 24.] [대통령령 제36220호,2026. 3. 24., 타법개정]",제2조의4 민간직업상담원의 보수
740,"직업안정법 시행령[시행2026. 3. 24.] [대통령령 제36220호,2026. 3. 25., 타법개정]",제11조 학생 등에 대한 직업지도
741,"직업안정법 시행령[시행2026. 3. 24.] [대통령령 제36220호,2026. 3. 26., 타법개정]",제34조의2 예치금의 예치 및 인출등
742,"노동조합 및 노동관계조정법[시행2026. 3. 10.] [법률 제21045호,2025. 9. 9., 일부개정]",제5조 제2장제1절 통칙
743,"노동조합 및 노동관계조정법[시행2026. 3. 10.] [법률 제21045호,2025. 9. 10., 일부개정]",제15조 총회의 개최
744,"노동조합 및 노동관계조정법[시행2026. 3. 10.] [법률 제21045호,2025. 9. 11., 일부개정]",제27조 자료의 제출
745,"노동조합 및 노동관계조정법[시행2026. 3. 10.] [법률 제21045호,2025. 9. 12., 일부개정]",제36조 지역적 구속력
746,"노동조합 및 노동관계조정법[시행2026. 3. 10.] [법률 제21045호,2025. 9. 13., 일부개정]",제42조의2 필수유지업무에 대한 쟁의행위의 제한
747,"노동조합 및 노동관계조정법[시행2026. 3. 10.] [법률 제21045호,2025. 9. 14., 일부개정]",제49조 국가등의 책무
748,"노동조합 및 노동관계조정법[시행2026. 3. 10.] [법률 제21045호,2025. 9. 15., 일부개정]",제60조 조정안의 작성
749,"노동조합 및 노동관계조정법[시행2026. 3. 10.] [법률 제21045호,2025. 9. 16., 일부개정]",제61조의2 조정종료 결정 후의 조정
750,"노동조합 및 노동관계조정법[시행2026. 3. 10.] [법률 제21045호,2025. 9. 17., 일부개정]",제70조 중재재정 등의 효력
751,"노동조합 및 노동관계조정법[시행2026. 3. 10.] [법률 제21045호,2025. 9. 18., 일부개정]",제81조 제6장 부당노동행위
752,"노동조합 및 노동관계조정법[시행2026. 3. 10.] [법률 제21045호,2025. 9. 19., 일부개정]",제88조 벌칙
753,"노동조합 및 노동관계조정법 시행령[시행2026. 3. 10.] [대통령령 제36159호,2026. 3. 3., 일부개정]",제10조 변경사항의 신고 등
754,"노동조합 및 노동관계조정법 시행령[시행2026. 3. 10.] [대통령령 제36159호,2026. 3. 4., 일부개정]",제14조의2 노동조합의 교섭 요구 시기 및 방법
755,"노동조합 및 노동관계조정법 시행령[시행2026. 3. 10.] [대통령령 제36159호,2026. 3. 5., 일부개정]",제17조 쟁의행위의 신고
756,"노동조합 및 노동관계조정법 시행령[시행2026. 3. 10.] [대통령령 제36159호,2026. 3. 6., 일부개정]",제29조 중재재정서의 송달
757,"노동조합 및 노동관계조정법 시행규칙[시행2026. 3. 10.] [고용노동부령 제463호,2026. 3. 5., 일부개정]",제9조의2 노동조합 회계 공시시스템을 통한 결산결과 공표 표준서식
758,"노동조합 및 노동관계조정법 시행규칙[시행2026. 3. 10.] [고용노동부령 제463호,2026. 3. 6., 일부개정]",제10조의9 공정대표의무 위반에 대한 시정신청 등
759,"노동조합 및 노동관계조정법 시행규칙[시행2026. 3. 10.] [고용노동부령 제463호,2026. 3. 7., 일부개정]",제16조의2 
760,"근로복지기본법 시행령[시행2026. 3. 24.] [대통령령 제36220호,2026. 3. 24., 타법개정]",제12조 총회의 개최
761,"근로복지기본법 시행령[시행2026. 3. 24.] [대통령령 제36220호,2026. 3. 25., 타법개정]",제24조 예탁우리사주의 담보제공
762,"근로복지기본법 시행령[시행2026. 3. 24.] [대통령령 제36220호,2026. 3. 26., 타법개정]",제29조의2 조합의 회사 인수
763,"근로복지기본법 시행령[시행2026. 3. 24.] [대통령령 제36220호,2026. 3. 27., 타법개정]",제44조 회의의 공개
764,"근로복지기본법 시행령[시행2026. 3. 24.] [대통령령 제36220호,2026. 3. 28., 타법개정]",제55조의3 공동기금법인 사업의 지원
765,"근로복지기본법 시행령[시행2026. 3. 24.] [대통령령 제36220호,2026. 3. 29., 타법개정]",제55조의6 준용
766,"근로복지기본법 시행령[시행2026. 3. 24.] [대통령령 제36220호,2026. 3. 30., 타법개정]",제66조의4 민감정보 및 고유식별정보의 처리
767,"근로자퇴직급여 보장법 시행령[시행2026. 3. 24.] [대통령령 제36220호,2026. 3. 24., 타법개정]",제9조 급여의 개인형퇴직연금계정등으로 이전 예외 사유
768,"근로자퇴직급여 보장법 시행령[시행2026. 3. 24.] [대통령령 제36220호,2026. 3. 25., 타법개정]",제16조의8 중소기업퇴직연금기금표준계약서의 기재사항
769,"근로자퇴직급여 보장법 시행령[시행2026. 3. 24.] [대통령령 제36220호,2026. 3. 26., 타법개정]",제16조의16 지원금 신청절차 및 지급방법
770,"근로자퇴직급여 보장법 시행령[시행2026. 3. 24.] [대통령령 제36220호,2026. 3. 27., 타법개정]",제24조 자산관리업무 수행계약의 형태
771,"근로자퇴직급여 보장법 시행령[시행2026. 3. 24.] [대통령령 제36220호,2026. 3. 28., 타법개정]",제32조 퇴직연금제도 가입자에 대한 교육사항
772,"근로자퇴직급여 보장법 시행령[시행2026. 3. 24.] [대통령령 제36220호,2026. 3. 29., 타법개정]",제42조 과태료의 부과기준
773,"직업안정법 시행령[시행2026. 3. 24.] [대통령령 제36220호,2026. 3. 24., 타법개정]",제3조 직업소개담당직원의 배치
774,"직업안정법 시행령[시행2026. 3. 24.] [대통령령 제36220호,2026. 3. 25., 타법개정]",제15조 
775,"직업안정법 시행령[시행2026. 3. 24.] [대통령령 제36220호,2026. 3. 26., 타법개정]",제23조 
776,"직업안정법 시행령[시행2026. 3. 24.] [대통령령 제36220호,2026. 3. 27., 타법개정]",제34조 거짓 구인광고의 범위 등
777,"노동조합 및 노동관계조정법[시행2026. 3. 10.] [법률 제21045호,2025. 9. 9., 일부개정]",제5조 노동조합의 조직ㆍ가입ㆍ활동
778,"노동조합 및 노동관계조정법[시행2026. 3. 10.] [법률 제21045호,2025. 9. 10., 일부개정]",제26조 운영상황의 공개
779,"노동조합 및 노동관계조정법[시행2026. 3. 10.] [법률 제21045호,2025. 9. 11., 일부개정]",제35조 일반적 구속력
780,"노동조합 및 노동관계조정법[시행2026. 3. 10.] [법률 제21045호,2025. 9. 12., 일부개정]",제42조의3 필수유지업무협정
781,"노동조합 및 노동관계조정법[시행2026. 3. 10.] [법률 제21045호,2025. 9. 13., 일부개정]",제50조 신속한 처리
782,"노동조합 및 노동관계조정법[시행2026. 3. 10.] [법률 제21045호,2025. 9. 14., 일부개정]",제61조 조정의 효력
783,"노동조합 및 노동관계조정법[시행2026. 3. 10.] [법률 제21045호,2025. 9. 15., 일부개정]",제72조 특별조정위원회의 구성
784,"노동조합 및 노동관계조정법[시행2026. 3. 10.] [법률 제21045호,2025. 9. 16., 일부개정]",제79조 중앙노동위원회의 중재회부 결정권
785,"노동조합 및 노동관계조정법 시행령[시행2026. 3. 10.] [대통령령 제36159호,2026. 3. 3., 일부개정]",제1조 목적
786,"노동조합 및 노동관계조정법 시행령[시행2026. 3. 10.] [대통령령 제36159호,2026. 3. 4., 일부개정]",제11조의3 위원회 위원의 위촉
787,"노동조합 및 노동관계조정법 시행령[시행2026. 3. 10.] [대통령령 제36159호,2026. 3. 5., 일부개정]",제14조의5 교섭 요구 노동조합의 확정
788,"노동조합 및 노동관계조정법 시행령[시행2026. 3. 10.] [대통령령 제36159호,2026. 3. 6., 일부개정]",제21조 점거가 금지되는 시설
789,"노동조합 및 노동관계조정법 시행령[시행2026. 3. 10.] [대통령령 제36159호,2026. 3. 7., 일부개정]",제22조의2 필수유지업무의 범위
790,"노동조합 및 노동관계조정법 시행령[시행2026. 3. 10.] [대통령령 제36159호,2026. 3. 8., 일부개정]",제33조 권한의 위임 등
791,"노동조합 및 노동관계조정법 시행규칙[시행2026. 3. 10.] [고용노동부령 제463호,2026. 3. 5., 일부개정]",제5조 관할행정관청의 변경
792,"노동조합 및 노동관계조정법 시행규칙[시행2026. 3. 10.] [고용노동부령 제463호,2026. 3. 6., 일부개정]",제10조의6 서류 제출 요구 등 조사에 따르지 않은 경우의 처리 기준
793,"노동조합 및 노동관계조정법 시행규칙[시행2026. 3. 10.] [고용노동부령 제463호,2026. 3. 7., 일부개정]",제13조 사적 조정ㆍ중재결정의 신고등
794,"근로복지기본법 시행령[시행2026. 3. 24.] [대통령령 제36220호,2026. 3. 24., 타법개정]",제7조 지연이자
795,"근로복지기본법 시행령[시행2026. 3. 24.] [대통령령 제36220호,2026. 3. 25., 타법개정]",제19조의2 우리사주조합원에 대한 우선배정의 범위
796,"근로복지기본법 시행령[시행2026. 3. 24.] [대통령령 제36220호,2026. 3. 26., 타법개정]",제27조 환매수 가격
797,"근로복지기본법 시행령[시행2026. 3. 24.] [대통령령 제36220호,2026. 3. 27., 타법개정]",제39조 근로자위원의 선출
798,"근로복지기본법 시행령[시행2026. 3. 24.] [대통령령 제36220호,2026. 3. 28., 타법개정]",제52조 기금법인의 해산통지
799,"근로복지기본법 시행령[시행2026. 3. 24.] [대통령령 제36220호,2026. 3. 29., 타법개정]",제62조 진흥기금 운용의 감독
800,"근로자퇴직급여 보장법 시행령[시행2026. 3. 24.] [대통령령 제36220호,2026. 3. 24., 타법개정]",제3조의2 퇴직금의 개인형퇴직연금제도 계정 등으로의 이전 예외 사유
801,"근로자퇴직급여 보장법 시행령[시행2026. 3. 24.] [대통령령 제36220호,2026. 3. 25., 타법개정]",제15조의2 표준계약서에 규정될 사항
802,"근로자퇴직급여 보장법 시행령[시행2026. 3. 24.] [대통령령 제36220호,2026. 3. 26., 타법개정]",제16조의11 사용자부담금의 납입 방법 등
803,"근로자퇴직급여 보장법 시행령[시행2026. 3. 24.] [대통령령 제36220호,2026. 3. 27., 타법개정]",제18조 개인형퇴직연금제도의 급여 종류별 수급요건 및 중도인출
804,"근로자퇴직급여 보장법 시행령[시행2026. 3. 24.] [대통령령 제36220호,2026. 3. 28., 타법개정]",제31조 퇴직급여제도의 안정적 운영을 위한 사용자의 책무
805,"근로자퇴직급여 보장법 시행령[시행2026. 3. 24.] [대통령령 제36220호,2026. 3. 29., 타법개정]",제36조의2 퇴직연금사업자에 대한 평가
806,"직업안정법 시행령[시행2026. 3. 24.] [대통령령 제36220호,2026. 3. 24., 타법개정]",제2조의2 채용박람회등의 개최
807,"직업안정법 시행령[시행2026. 3. 24.] [대통령령 제36220호,2026. 3. 24., 타법개정]",제16조 
808,"직업안정법 시행령[시행2026. 3. 24.] [대통령령 제36220호,2026. 3. 24., 타법개정]",제22조 
809,"직업안정법 시행령[시행2026. 3. 24.] [대통령령 제36220호,2026. 3. 24., 타법개정]",제33조 근로자공급사업
810,"노동조합 및 노동관계조정법[시행2026. 3. 10.] [법률 제21045호,2025. 9. 9., 일부개정]",제4조 정당행위
811,"노동조합 및 노동관계조정법[시행2026. 3. 10.] [법률 제21045호,2025. 9. 10., 일부개정]",제9조 차별대우의 금지
812,"노동조합 및 노동관계조정법[시행2026. 3. 10.] [법률 제21045호,2025. 9. 11., 일부개정]",제19조 소집의 절차
813,"노동조합 및 노동관계조정법[시행2026. 3. 10.] [법률 제21045호,2025. 9. 12., 일부개정]",제22조 조합원의 권리와 의무
814,"노동조합 및 노동관계조정법[시행2026. 3. 10.] [법률 제21045호,2025. 9. 13., 일부개정]",제32조 단체협약 유효기간의 상한
815,"노동조합 및 노동관계조정법[시행2026. 3. 10.] [법률 제21045호,2025. 9. 14., 일부개정]",제37조 쟁의행위의 기본원칙
816,"노동조합 및 노동관계조정법[시행2026. 3. 10.] [법률 제21045호,2025. 9. 15., 일부개정]",제45조 조정의 전치
817,"노동조합 및 노동관계조정법[시행2026. 3. 10.] [법률 제21045호,2025. 9. 16., 일부개정]",제55조 조정위원회의 구성
818,"노동조합 및 노동관계조정법[시행2026. 3. 10.] [법률 제21045호,2025. 9. 17., 일부개정]",제65조 중재위원회의 위원장
819,"노동조합 및 노동관계조정법[시행2026. 3. 10.] [법률 제21045호,2025. 9. 18., 일부개정]",제76조 긴급조정의 결정
820,"노동조합 및 노동관계조정법[시행2026. 3. 10.] [법률 제21045호,2025. 9. 19., 일부개정]",제86조 구제명령등의 효력
821,"노동조합 및 노동관계조정법[시행2026. 3. 10.] [법률 제21045호,2025. 9. 20., 일부개정]",제96조 과태료
822,"노동조합 및 노동관계조정법 시행령[시행2026. 3. 10.] [대통령령 제36159호,2026. 3. 3., 일부개정]",제8조 노동조합의 소속연합단체와의 관계 등
823,"노동조합 및 노동관계조정법 시행령[시행2026. 3. 10.] [대통령령 제36159호,2026. 3. 4., 일부개정]",제14조 교섭권한 등의 위임통보
824,"노동조합 및 노동관계조정법 시행령[시행2026. 3. 10.] [대통령령 제36159호,2026. 3. 5., 일부개정]",제16조 단체협약의 해석요청
825,"노동조합 및 노동관계조정법 시행령[시행2026. 3. 10.] [대통령령 제36159호,2026. 3. 6., 일부개정]",제28조 중재위원회의 구성
826,"노동조합 및 노동관계조정법 시행규칙[시행2026. 3. 10.] [고용노동부령 제463호,2026. 3. 5., 일부개정]",제10조의3 교섭요구 사실의 공고  및 시정요청
827,"노동조합 및 노동관계조정법 시행규칙[시행2026. 3. 10.] [고용노동부령 제463호,2026. 3. 6., 일부개정]",제12조 중지통보 등
828,"근로복지기본법 시행령[시행2026. 3. 24.] [대통령령 제36220호,2026. 3. 24., 타법개정]",제10조 우리사주조합원의 자격
829,"근로복지기본법 시행령[시행2026. 3. 24.] [대통령령 제36220호,2026. 3. 25., 타법개정]",제14조 조합의 운영
830,"근로복지기본법 시행령[시행2026. 3. 24.] [대통령령 제36220호,2026. 3. 26., 타법개정]",제20조 우리사주매수선택권
831,"근로복지기본법 시행령[시행2026. 3. 24.] [대통령령 제36220호,2026. 3. 27., 타법개정]",제24조의3 우리사주 손실보전거래 회사
832,"근로복지기본법 시행령[시행2026. 3. 24.] [대통령령 제36220호,2026. 3. 28., 타법개정]",제25조 우리사주의 인출
833,"근로복지기본법 시행령[시행2026. 3. 24.] [대통령령 제36220호,2026. 3. 29., 타법개정]",제37조 기금법인의 등기절차
834,"근로복지기본법 시행령[시행2026. 3. 24.] [대통령령 제36220호,2026. 3. 30., 타법개정]",제43조 정족수
835,"근로복지기본법 시행령[시행2026. 3. 24.] [대통령령 제36220호,2026. 3. 31., 타법개정]",제55조 비밀유지를 위한 익명성 보장
836,"근로복지기본법 시행령[시행2026. 3. 24.] [대통령령 제36220호,2026. 3. 32., 타법개정]",제66조의3 휴게시설의 운영 업무 위탁
837,"근로복지기본법 시행령[시행2026. 3. 24.] [대통령령 제36220호,2026. 3. 33., 타법개정]",제34조 이전등기
838,"근로자퇴직급여 보장법 시행령[시행2026. 3. 24.] [대통령령 제36220호,2026. 3. 24., 타법개정]",제1조 목적
839,"근로자퇴직급여 보장법 시행령[시행2026. 3. 24.] [대통령령 제36220호,2026. 3. 25., 타법개정]",제6조 재정검증 결과의 통보
840,"근로자퇴직급여 보장법 시행령[시행2026. 3. 24.] [대통령령 제36220호,2026. 3. 26., 타법개정]",제13조의3 사전지정운용방법에 따른 적립금 운용의 통지
841,"근로자퇴직급여 보장법 시행령[시행2026. 3. 24.] [대통령령 제36220호,2026. 3. 27., 타법개정]",제13조의5 사전지정운용방법의 공시
842,"근로자퇴직급여 보장법 시행령[시행2026. 3. 24.] [대통령령 제36220호,2026. 3. 28., 타법개정]",제16조의6 자료의 활용 범위
843,"근로자퇴직급여 보장법 시행령[시행2026. 3. 24.] [대통령령 제36220호,2026. 3. 29., 타법개정]",제16조의17 지원금의 환수
844,"근로자퇴직급여 보장법 시행령[시행2026. 3. 24.] [대통령령 제36220호,2026. 3. 30., 타법개정]",제21조 등록취소 등에 따른 가입자 보호조치
845,"근로자퇴직급여 보장법 시행령[시행2026. 3. 24.] [대통령령 제36220호,2026. 3. 31., 타법개정]",제33조 사용자의 금지행위
846,"근로자퇴직급여 보장법 시행령[시행2026. 3. 24.] [대통령령 제36220호,2026. 3. 32., 타법개정]",제43조 고유식별정보의 처리
847,"직업안정법 시행령[시행2026. 3. 24.] [대통령령 제36220호,2026. 3. 24., 타법개정]",제6조 구직의 신청
848,"직업안정법 시행령[시행2026. 3. 24.] [대통령령 제36220호,2026. 3. 25., 타법개정]",제20조 
849,"직업안정법 시행령[시행2026. 3. 24.] [대통령령 제36220호,2026. 3. 26., 타법개정]",제29조 겸업 금지
850,"직업안정법 시행령[시행2026. 3. 24.] [대통령령 제36220호,2026. 3. 27., 타법개정]",제37조의2 사업자협회의 설립
851,"노동조합 및 노동관계조정법[시행2026. 3. 10.] [법률 제21045호,2025. 9. 9., 일부개정]",제7조 노동조합의 보호요건
852,"노동조합 및 노동관계조정법[시행2026. 3. 10.] [법률 제21045호,2025. 9. 10., 일부개정]",제17조 대의원회
853,"노동조합 및 노동관계조정법[시행2026. 3. 10.] [법률 제21045호,2025. 9. 11., 일부개정]",제29조의3 교섭단위 결정
854,"노동조합 및 노동관계조정법[시행2026. 3. 10.] [법률 제21045호,2025. 9. 12., 일부개정]",제42조 폭력행위등의 금지
855,"노동조합 및 노동관계조정법[시행2026. 3. 10.] [법률 제21045호,2025. 9. 13., 일부개정]",제47조 자주적 조정의 노력
856,"노동조합 및 노동관계조정법[시행2026. 3. 10.] [법률 제21045호,2025. 9. 14., 일부개정]",제58조 주장의 확인등
857,"노동조합 및 노동관계조정법[시행2026. 3. 10.] [법률 제21045호,2025. 9. 15., 일부개정]",제73조 특별조정위원회의 위원장
858,"노동조합 및 노동관계조정법[시행2026. 3. 10.] [법률 제21045호,2025. 9. 16., 일부개정]",제84조 구제명령
859,"노동조합 및 노동관계조정법[시행2026. 3. 10.] [법률 제21045호,2025. 9. 17., 일부개정]",제87조 제7장 보칙
860,"노동조합 및 노동관계조정법 시행령[시행2026. 3. 10.] [대통령령 제36159호,2026. 3. 3., 일부개정]",제3조 등기사항
861,"노동조합 및 노동관계조정법 시행령[시행2026. 3. 10.] [대통령령 제36159호,2026. 3. 4., 일부개정]",제11조의6 위원회의 운영
862,"노동조합 및 노동관계조정법 시행령[시행2026. 3. 10.] [대통령령 제36159호,2026. 3. 5., 일부개정]",제14조의8 자율적 공동교섭대표단 구성 및 통지
863,"노동조합 및 노동관계조정법 시행령[시행2026. 3. 10.] [대통령령 제36159호,2026. 3. 6., 일부개정]",제14조의11 교섭단위 결정
864,"노동조합 및 노동관계조정법 시행령[시행2026. 3. 10.] [대통령령 제36159호,2026. 3. 7., 일부개정]",제31조 수당 등의 지급
865,"노동조합 및 노동관계조정법 시행규칙[시행2026. 3. 10.] [고용노동부령 제463호,2026. 3. 5., 일부개정]",제9조 총회의 소집권자 지명요구
866,"노동조합 및 노동관계조정법 시행규칙[시행2026. 3. 10.] [고용노동부령 제463호,2026. 3. 6., 일부개정]",제15조 중재의 신청
867,"근로복지기본법 시행령[시행2026. 3. 24.] [대통령령 제36220호,2026. 3. 24., 타법개정]",제6조 결손처분
868,"근로복지기본법 시행령[시행2026. 3. 24.] [대통령령 제36220호,2026. 3. 25., 타법개정]",제19조 조합의 우리사주 배정
869,"근로복지기본법 시행령[시행2026. 3. 24.] [대통령령 제36220호,2026. 3. 26., 타법개정]",제24조의4 우리사주 손실보전거래 상품
870,"근로복지기본법 시행령[시행2026. 3. 24.] [대통령령 제36220호,2026. 3. 27., 타법개정]",제32조 기금법인의 설립등기 등
871,"근로복지기본법 시행령[시행2026. 3. 24.] [대통령령 제36220호,2026. 3. 28., 타법개정]",제46조 기금법인의 사업 및 수혜대상
872,"근로복지기본법 시행령[시행2026. 3. 24.] [대통령령 제36220호,2026. 3. 29., 타법개정]",제56조 그 밖의 수입금
873,"근로복지기본법 시행령[시행2026. 3. 24.] [대통령령 제36220호,2026. 3. 30., 타법개정]",제66조의2 휴게시설의 설치ㆍ운영 등
874,"근로자퇴직급여 보장법 시행령[시행2026. 3. 24.] [대통령령 제36220호,2026. 3. 24., 타법개정]",제2조 퇴직연금제도 수급권의 담보제공 사유 등
875,"근로자퇴직급여 보장법 시행령[시행2026. 3. 24.] [대통령령 제36220호,2026. 3. 25., 타법개정]",제12조 지연이자의 적용제외 사유
876,"근로자퇴직급여 보장법 시행령[시행2026. 3. 24.] [대통령령 제36220호,2026. 3. 26., 타법개정]",제16조 중소기업퇴직연금기금제도운영위원회의 구성 등
877,"근로자퇴직급여 보장법 시행령[시행2026. 3. 24.] [대통령령 제36220호,2026. 3. 27., 타법개정]",제16조의14 기금제도가입자부담금계정의 수급요건
878,"근로자퇴직급여 보장법 시행령[시행2026. 3. 24.] [대통령령 제36220호,2026. 3. 28., 타법개정]",제22조 운용관리업무의 범위
879,"근로자퇴직급여 보장법 시행령[시행2026. 3. 24.] [대통령령 제36220호,2026. 3. 29., 타법개정]",제34조 퇴직연금사업자의 금지행위
880,"직업안정법 시행령[시행2026. 3. 24.] [대통령령 제36220호,2026. 3. 24., 타법개정]",제9조 직업지도
881,"직업안정법 시행령[시행2026. 3. 24.] [대통령령 제36220호,2026. 3. 25., 타법개정]",제17조 직업소개사업의 타목적 이용금지
882,"직업안정법 시행령[시행2026. 3. 24.] [대통령령 제36220호,2026. 3. 26., 타법개정]",제26조의2 
883,"직업안정법 시행령[시행2026. 3. 24.] [대통령령 제36220호,2026. 3. 27., 타법개정]",제37조의3 사업자협회의 업무
884,"노동조합 및 노동관계조정법[시행2026. 3. 10.] [법률 제21045호,2025. 9. 9., 일부개정]",제6조 법인격의 취득
885,"노동조합 및 노동관계조정법[시행2026. 3. 10.] [법률 제21045호,2025. 9. 10., 일부개정]",제16조 총회의 의결사항
886,"노동조합 및 노동관계조정법[시행2026. 3. 10.] [법률 제21045호,2025. 9. 11., 일부개정]",제24조의2 근로시간면제심의위원회
887,"노동조합 및 노동관계조정법[시행2026. 3. 10.] [법률 제21045호,2025. 9. 12., 일부개정]",제28조 제2장제4절 노동조합의 해산
888,"노동조합 및 노동관계조정법[시행2026. 3. 10.] [법률 제21045호,2025. 9. 13., 일부개정]",제37조 제4장 쟁의행위
889,"노동조합 및 노동관계조정법[시행2026. 3. 10.] [법률 제21045호,2025. 9. 14., 일부개정]",제47조 제5장제1절 통칙
890,"노동조합 및 노동관계조정법[시행2026. 3. 10.] [법률 제21045호,2025. 9. 15., 일부개정]",제57조 단독조정
891,"노동조합 및 노동관계조정법[시행2026. 3. 10.] [법률 제21045호,2025. 9. 16., 일부개정]",제67조 출석금지
892,"노동조합 및 노동관계조정법[시행2026. 3. 10.] [법률 제21045호,2025. 9. 17., 일부개정]",제78조 중앙노동위원회의 조정
893,"노동조합 및 노동관계조정법[시행2026. 3. 10.] [법률 제21045호,2025. 9. 18., 일부개정]",제82조 구제신청
894,"노동조합 및 노동관계조정법[시행2026. 3. 10.] [법률 제21045호,2025. 9. 19., 일부개정]",제94조 양벌규정
895,"노동조합 및 노동관계조정법 시행령[시행2026. 3. 10.] [대통령령 제36159호,2026. 3. 3., 일부개정]",제11조의8 결산결과 및 운영상황의 공표 시기 등
896,"노동조합 및 노동관계조정법 시행령[시행2026. 3. 10.] [대통령령 제36159호,2026. 3. 3., 일부개정]",제14조의9 노동위원회 결정에 의한 공동교섭대표단의 구성
897,"노동조합 및 노동관계조정법 시행령[시행2026. 3. 10.] [대통령령 제36159호,2026. 3. 3., 일부개정]",제22조의4 파업참가자 수의 산정방법
898,"노동조합 및 노동관계조정법 시행령[시행2026. 3. 10.] [대통령령 제36159호,2026. 3. 3., 일부개정]",제32조 긴급조정의 공표
899,"노동조합 및 노동관계조정법 시행규칙[시행2026. 3. 10.] [고용노동부령 제463호,2026. 3. 5., 일부개정]",제6조 정기통보
900,"노동조합 및 노동관계조정법 시행규칙[시행2026. 3. 10.] [고용노동부령 제463호,2026. 3. 5., 일부개정]",제10조의7 공동교섭대표단 구성 결정신청 등
901,"노동조합 및 노동관계조정법 시행규칙[시행2026. 3. 10.] [고용노동부령 제463호,2026. 3. 5., 일부개정]",제14조 조정의 신청
902,"근로복지기본법 시행령[시행2026. 3. 24.] [대통령령 제36220호,2026. 3. 24., 타법개정]",제2조 
903,"근로복지기본법 시행령[시행2026. 3. 24.] [대통령령 제36220호,2026. 3. 24., 타법개정]",제16조 보관 또는 예치 금융회사
904,"근로복지기본법 시행령[시행2026. 3. 24.] [대통령령 제36220호,2026. 3. 24., 타법개정]",제24조의7 우리사주 대여방법 등
905,"근로복지기본법 시행령[시행2026. 3. 24.] [대통령령 제36220호,2026. 3. 24., 타법개정]",제31조 정관의 기재사항
906,"근로복지기본법 시행령[시행2026. 3. 24.] [대통령령 제36220호,2026. 3. 24., 타법개정]",제55조의5 공동기금법인의 탈퇴 사유 등
907,"근로복지기본법 시행령[시행2026. 3. 24.] [대통령령 제36220호,2026. 3. 24., 타법개정]",제66조의5 규제의 재검토
908,"근로자퇴직급여 보장법 시행령[시행2026. 3. 24.] [대통령령 제36220호,2026. 3. 24., 타법개정]",제7조 적립금 부족의 판단기준 및 해소방안
909,"근로자퇴직급여 보장법 시행령[시행2026. 3. 24.] [대통령령 제36220호,2026. 3. 24., 타법개정]",제9조의3 적립금운용계획서의 내용
910,"근로자퇴직급여 보장법 시행령[시행2026. 3. 24.] [대통령령 제36220호,2026. 3. 24., 타법개정]",제13조의6 사전지정운용방법의 승인 취소 등
911,"근로자퇴직급여 보장법 시행령[시행2026. 3. 24.] [대통령령 제36220호,2026. 3. 24., 타법개정]",제16조의15 지원금의 지원대상 등
912,"근로자퇴직급여 보장법 시행령[시행2026. 3. 24.] [대통령령 제36220호,2026. 3. 24., 타법개정]",제23조 운용관리업무의 일부 위탁 등
913,"근로자퇴직급여 보장법 시행령[시행2026. 3. 24.] [대통령령 제36220호,2026. 3. 24., 타법개정]",제36조 개인형퇴직연금제도 가입자에 대한 교육사항
914,"근로자퇴직급여 보장법 시행령[시행2026. 3. 24.] [대통령령 제36220호,2026. 3. 24., 타법개정]",제44조 규제의 재검토
915,"직업안정법 시행령[시행2026. 3. 24.] [대통령령 제36220호,2026. 3. 24., 타법개정]",제4조 직업소개의 절차
916,"직업안정법 시행령[시행2026. 3. 24.] [대통령령 제36220호,2026. 3. 24., 타법개정]",제18조 특별자치도ㆍ시ㆍ군ㆍ구 중 둘 이상에 무료직업소개사업소를 두는 경우
917,"직업안정법 시행령[시행2026. 3. 24.] [대통령령 제36220호,2026. 3. 24., 타법개정]",제27조 직업정보제공사업의 신고절차 및 변경
918,"직업안정법 시행령[시행2026. 3. 24.] [대통령령 제36220호,2026. 3. 24., 타법개정]",제37조의4 민감정보 및 고유식별정보의 처리
919,"노동조합 및 노동관계조정법[시행2026. 3. 10.] [법률 제21045호,2025. 9. 9., 일부개정]",제5조 제2장 노동조합
920,"노동조합 및 노동관계조정법[시행2026. 3. 10.] [법률 제21045호,2025. 9. 10., 일부개정]",제8조 조세의 면제
921,"노동조합 및 노동관계조정법[시행2026. 3. 10.] [법률 제21045호,2025. 9. 11., 일부개정]",제18조 임시총회등의 소집
922,"노동조합 및 노동관계조정법[시행2026. 3. 10.] [법률 제21045호,2025. 9. 12., 일부개정]",제29조 교섭 및 체결권한
923,"노동조합 및 노동관계조정법[시행2026. 3. 10.] [법률 제21045호,2025. 9. 13., 일부개정]",제30조 교섭등의 원칙
924,"노동조합 및 노동관계조정법[시행2026. 3. 10.] [법률 제21045호,2025. 9. 14., 일부개정]",제39조 근로자의 구속제한
925,"노동조합 및 노동관계조정법[시행2026. 3. 10.] [법률 제21045호,2025. 9. 15., 일부개정]",제43조 사용자의 채용제한
926,"노동조합 및 노동관계조정법[시행2026. 3. 10.] [법률 제21045호,2025. 9. 16., 일부개정]",제53조 조정의 개시
927,"노동조합 및 노동관계조정법[시행2026. 3. 10.] [법률 제21045호,2025. 9. 17., 일부개정]",제63조 중재시의 쟁의행위의 금지
928,"노동조합 및 노동관계조정법[시행2026. 3. 10.] [법률 제21045호,2025. 9. 18., 일부개정]",제75조 
929,"노동조합 및 노동관계조정법[시행2026. 3. 10.] [법률 제21045호,2025. 9. 19., 일부개정]",제88조 제8장 벌칙
930,"노동조합 및 노동관계조정법[시행2026. 3. 10.] [법률 제21045호,2025. 9. 20., 일부개정]",제93조 벌칙
931,"노동조합 및 노동관계조정법 시행령[시행2026. 3. 10.] [대통령령 제36159호,2026. 3. 3., 일부개정]",제6조 변경등기
932,"노동조합 및 노동관계조정법 시행령[시행2026. 3. 10.] [대통령령 제36159호,2026. 3. 3., 일부개정]",제11조의9 공시시스템을 통한 결산결과의 공표
933,"노동조합 및 노동관계조정법 시행령[시행2026. 3. 10.] [대통령령 제36159호,2026. 3. 3., 일부개정]",제14조의12 공정대표의무 위반에 대한 시정
934,"노동조합 및 노동관계조정법 시행령[시행2026. 3. 10.] [대통령령 제36159호,2026. 3. 3., 일부개정]",제25조 조정의 통보
935,"노동조합 및 노동관계조정법 시행규칙[시행2026. 3. 10.] [고용노동부령 제463호,2026. 3. 5., 일부개정]",제1조 목적
936,"노동조합 및 노동관계조정법 시행규칙[시행2026. 3. 10.] [고용노동부령 제463호,2026. 3. 5., 일부개정]",제10조의4 교섭요구 노동조합의 확정공고 등
937,"근로복지기본법 시행령[시행2026. 3. 24.] [대통령령 제36220호,2026. 3. 24., 타법개정]",제9조 지배관계회사
938,"근로복지기본법 시행령[시행2026. 3. 24.] [대통령령 제36220호,2026. 3. 25., 타법개정]",제22조 수탁기관
939,"근로복지기본법 시행령[시행2026. 3. 24.] [대통령령 제36220호,2026. 3. 26., 타법개정]",제28조 조합의 의결권 행사
940,"근로복지기본법 시행령[시행2026. 3. 24.] [대통령령 제36220호,2026. 3. 27., 타법개정]",제40조 보궐위원
941,"근로복지기본법 시행령[시행2026. 3. 24.] [대통령령 제36220호,2026. 3. 28., 타법개정]",제60조 진흥기금의 운용세칙
942,"근로자퇴직급여 보장법 시행령[시행2026. 3. 24.] [대통령령 제36220호,2026. 3. 24., 타법개정]",제8조 급여 전액지급 예외 사유
943,"근로자퇴직급여 보장법 시행령[시행2026. 3. 24.] [대통령령 제36220호,2026. 3. 25., 타법개정]",제13조의4 사전지정운용방법의 변경
944,"근로자퇴직급여 보장법 시행령[시행2026. 3. 24.] [대통령령 제36220호,2026. 3. 26., 타법개정]",제16조의7 자료의 활용 업무
945,"근로자퇴직급여 보장법 시행령[시행2026. 3. 24.] [대통령령 제36220호,2026. 3. 27., 타법개정]",제16조의19 가입자에 대한 교육사항
946,"근로자퇴직급여 보장법 시행령[시행2026. 3. 24.] [대통령령 제36220호,2026. 3. 28., 타법개정]",제20조 퇴직연금사업자의 등록요건 등
947,"근로자퇴직급여 보장법 시행령[시행2026. 3. 24.] [대통령령 제36220호,2026. 3. 29., 타법개정]",제32조의3 전문기관의 요건
948,"직업안정법 시행령[시행2026. 3. 24.] [대통령령 제36220호,2026. 3. 24., 타법개정]",제2조 
949,"직업안정법 시행령[시행2026. 3. 24.] [대통령령 제36220호,2026. 3. 25., 타법개정]",제8조 채용여부의 통보
950,"직업안정법 시행령[시행2026. 3. 24.] [대통령령 제36220호,2026. 3. 26., 타법개정]",제21조의2 
951,"직업안정법 시행령[시행2026. 3. 24.] [대통령령 제36220호,2026. 3. 27., 타법개정]",제31조 국외취업자의 모집신고 및 등록
952,"노동조합 및 노동관계조정법[시행2026. 3. 10.] [법률 제21045호,2025. 9. 9., 일부개정]",제1조 목적
953,"노동조합 및 노동관계조정법[시행2026. 3. 10.] [법률 제21045호,2025. 9. 10., 일부개정]",제10조 설립의 신고
954,"노동조합 및 노동관계조정법[시행2026. 3. 10.] [법률 제21045호,2025. 9. 11., 일부개정]",제21조 규약 및 결의처분의 시정
955,"노동조합 및 노동관계조정법[시행2026. 3. 10.] [법률 제21045호,2025. 9. 12., 일부개정]",제29조의2 교섭창구 단일화 절차
956,"노동조합 및 노동관계조정법[시행2026. 3. 10.] [법률 제21045호,2025. 9. 13., 일부개정]",제41조 쟁의행위의 제한과 금지
957,"노동조합 및 노동관계조정법[시행2026. 3. 10.] [법률 제21045호,2025. 9. 14., 일부개정]",제44조 쟁의행위 기간중의 임금지급 요구의 금지
958,"노동조합 및 노동관계조정법[시행2026. 3. 10.] [법률 제21045호,2025. 9. 15., 일부개정]",제54조 조정기간
959,"노동조합 및 노동관계조정법[시행2026. 3. 10.] [법률 제21045호,2025. 9. 16., 일부개정]",제64조 중재위원회의 구성
960,"노동조합 및 노동관계조정법[시행2026. 3. 10.] [법률 제21045호,2025. 9. 17., 일부개정]",제76조 제5장제5절 긴급조정
961,"노동조합 및 노동관계조정법[시행2026. 3. 10.] [법률 제21045호,2025. 9. 18., 일부개정]",제87조 권한의 위임
962,"노동조합 및 노동관계조정법[시행2026. 3. 10.] [법률 제21045호,2025. 9. 19., 일부개정]",제91조 벌칙
963,"노동조합 및 노동관계조정법 시행령[시행2026. 3. 10.] [대통령령 제36159호,2026. 3. 3., 일부개정]",제11조의2 근로시간 면제 한도
964,"노동조합 및 노동관계조정법 시행령[시행2026. 3. 10.] [대통령령 제36159호,2026. 3. 4., 일부개정]",제14조의4 다른 노동조합의 교섭 요구 시기 및 방법
965,"노동조합 및 노동관계조정법 시행령[시행2026. 3. 10.] [대통령령 제36159호,2026. 3. 5., 일부개정]",제20조 방산물자 생산업무 종사자의 범위
966,"노동조합 및 노동관계조정법 시행령[시행2026. 3. 10.] [대통령령 제36159호,2026. 3. 6., 일부개정]",제26조 조정위원회의 구성
967,"노동조합 및 노동관계조정법 시행규칙[시행2026. 3. 10.] [고용노동부령 제463호,2026. 3. 5., 일부개정]",제4조 설립신고증의 재교부신청
968,"노동조합 및 노동관계조정법 시행규칙[시행2026. 3. 10.] [고용노동부령 제463호,2026. 3. 6., 일부개정]",제12조의2 필수유지업무 유지ㆍ운영 수준 등의 결정 신청
969,"근로복지기본법 시행령[시행2026. 3. 24.] [대통령령 제36220호,2026. 3. 24., 타법개정]",제5조 구상권 행사의 위탁
970,"근로복지기본법 시행령[시행2026. 3. 24.] [대통령령 제36220호,2026. 3. 25., 타법개정]",제18조 조합의 우리사주 취득
971,"근로복지기본법 시행령[시행2026. 3. 24.] [대통령령 제36220호,2026. 3. 26., 타법개정]",제26조 인출주식의 우선매입
972,"근로복지기본법 시행령[시행2026. 3. 24.] [대통령령 제36220호,2026. 3. 27., 타법개정]",제30조 기금법인의 설립인가 신청 등
973,"근로복지기본법 시행령[시행2026. 3. 24.] [대통령령 제36220호,2026. 3. 28., 타법개정]",제36조 첨부서류
974,"근로복지기본법 시행령[시행2026. 3. 24.] [대통령령 제36220호,2026. 3. 29., 타법개정]",제45조 사내근로복지기금에의 출연 등
975,"근로복지기본법 시행령[시행2026. 3. 24.] [대통령령 제36220호,2026. 3. 30., 타법개정]",제47조 사내근로복지기금의 운용
976,"근로복지기본법 시행령[시행2026. 3. 24.] [대통령령 제36220호,2026. 3. 31., 타법개정]",제55조의4 공동기금법인의 기본재산의 사용
977,"근로복지기본법 시행령[시행2026. 3. 24.] [대통령령 제36220호,2026. 3. 32., 타법개정]",제67조 과태료의 부과기준
978,"근로자퇴직급여 보장법 시행령[시행2026. 3. 24.] [대통령령 제36220호,2026. 3. 24., 타법개정]",제5조 확정급여형퇴직연금제도의 최소적립금 수준
979,"근로자퇴직급여 보장법 시행령[시행2026. 3. 24.] [대통령령 제36220호,2026. 3. 25., 타법개정]",제13조의2 가입자에 대한 정보 제공
980,"근로자퇴직급여 보장법 시행령[시행2026. 3. 24.] [대통령령 제36220호,2026. 3. 26., 타법개정]",제16조의9 중소기업퇴직연금기금표준계약서의 승인 및 변경승인 등
981,"근로자퇴직급여 보장법 시행령[시행2026. 3. 24.] [대통령령 제36220호,2026. 3. 27., 타법개정]",제17조 개인형퇴직연금제도의 설정 대상
982,"근로자퇴직급여 보장법 시행령[시행2026. 3. 24.] [대통령령 제36220호,2026. 3. 28., 타법개정]",제28조 퇴직연금제도 모집인의 요건
983,"근로자퇴직급여 보장법 시행령[시행2026. 3. 24.] [대통령령 제36220호,2026. 3. 29., 타법개정]",제39조 퇴직연금제도 중단 시 유지해야 할 기본적인 업무
984,"근로자퇴직급여 보장법 시행령[시행2026. 3. 24.] [대통령령 제36220호,2026. 3. 30., 타법개정]",제24조의2 수수료 부과기준 등
985,"직업안정법 시행령[시행2026. 3. 24.] [대통령령 제36220호,2026. 3. 24., 타법개정]",제2조의3 민간과의 공동사업 등의 지원
986,"직업안정법 시행령[시행2026. 3. 24.] [대통령령 제36220호,2026. 3. 25., 타법개정]",제10조 직업상담
987,"직업안정법 시행령[시행2026. 3. 24.] [대통령령 제36220호,2026. 3. 26., 타법개정]",제14조 무료직업소개사업의 신고
988,"직업안정법 시행령[시행2026. 3. 24.] [대통령령 제36220호,2026. 3. 27., 타법개정]",제26조 유료직업소개사업의 등록신청ㆍ명칭등
989,"직업안정법 시행령[시행2026. 3. 24.] [대통령령 제36220호,2026. 3. 28., 타법개정]",제32조 모집방법등의 서면권고
990,"직업안정법 시행령[시행2026. 3. 24.] [대통령령 제36220호,2026. 3. 29., 타법개정]",제37조 권한의 위임
991,"노동조합 및 노동관계조정법[시행2026. 3. 10.] [법률 제21045호,2025. 9. 9., 일부개정]",제1조 제1장 총칙
992,"노동조합 및 노동관계조정법[시행2026. 3. 10.] [법률 제21045호,2025. 9. 10., 일부개정]",제14조 제2장제3절 노동조합의 관리
993,"노동조합 및 노동관계조정법[시행2026. 3. 10.] [법률 제21045호,2025. 9. 11., 일부개정]",제28조 해산사유
994,"노동조합 및 노동관계조정법[시행2026. 3. 10.] [법률 제21045호,2025. 9. 12., 일부개정]",제29조의5 그 밖의 교섭창구 단일화 관련 사항
995,"노동조합 및 노동관계조정법[시행2026. 3. 10.] [법률 제21045호,2025. 9. 13., 일부개정]",제42조의6 필수유지업무 근무 근로자의 지명
996,"노동조합 및 노동관계조정법[시행2026. 3. 10.] [법률 제21045호,2025. 9. 14., 일부개정]",제53조 제5장제2절 조정
997,"노동조합 및 노동관계조정법[시행2026. 3. 10.] [법률 제21045호,2025. 9. 15., 일부개정]",제62조 중재의 개시
998,"노동조합 및 노동관계조정법[시행2026. 3. 10.] [법률 제21045호,2025. 9. 16., 일부개정]",제68조 중재재정
999,"노동조합 및 노동관계조정법[시행2026. 3. 10.] [법률 제21045호,2025. 9. 17., 일부개정]",제80조 중앙노동위원회의 중재
1000,"노동조합 및 노동관계조정법[시행2026. 3. 10.] [법률 제21045호,2025. 9. 18., 일부개정]",제92조 벌칙
1001,"노동조합 및 노동관계조정법 시행령[시행2026. 3. 10.] [대통령령 제36159호,2026. 3. 3., 일부개정]",제4조 등기신청
1002,"노동조합 및 노동관계조정법 시행령[시행2026. 3. 10.] [대통령령 제36159호,2026. 3. 4., 일부개정]",제11조의7 회계감사원 등
1003,"노동조합 및 노동관계조정법 시행령[시행2026. 3. 10.] [대통령령 제36159호,2026. 3. 5., 일부개정]",제14조의10 교섭대표노동조합의 지위 유지기간 등
1004,"노동조합 및 노동관계조정법 시행령[시행2026. 3. 10.] [대통령령 제36159호,2026. 3. 6., 일부개정]",제23조 사적 조정ㆍ중재의 신고
1005,"노동조합 및 노동관계조정법 시행령[시행2026. 3. 10.] [대통령령 제36159호,2026. 3. 7., 일부개정]",제34조 과태료의 부과기준
1006,"노동조합 및 노동관계조정법 시행규칙[시행2026. 3. 10.] [고용노동부령 제463호,2026. 3. 5., 일부개정]",제10조의2 교섭의 요구
1007,"노동조합 및 노동관계조정법 시행규칙[시행2026. 3. 10.] [고용노동부령 제463호,2026. 3. 6., 일부개정]",제11조의3 
1008,"근로복지기본법 시행령[시행2026. 3. 24.] [대통령령 제36220호,2026. 3. 24., 타법개정]",제13조 우리사주운영위원회의 구성ㆍ운영
1009,"근로복지기본법 시행령[시행2026. 3. 24.] [대통령령 제36220호,2026. 3. 25., 타법개정]",제24조의2 수탁기관의 업무
1010,"근로복지기본법 시행령[시행2026. 3. 24.] [대통령령 제36220호,2026. 3. 26., 타법개정]",제38조 정관변경의 인가신청
1011,"근로복지기본법 시행령[시행2026. 3. 24.] [대통령령 제36220호,2026. 3. 27., 타법개정]",제51조 기금법인의 부동산 소유
1012,"근로복지기본법 시행령[시행2026. 3. 24.] [대통령령 제36220호,2026. 3. 28., 타법개정]",제53조 미지급 금품의 지급
1013,"근로복지기본법 시행령[시행2026. 3. 24.] [대통령령 제36220호,2026. 3. 29., 타법개정]",제64조 자료 제출의 요구 등
1014,"근로자퇴직급여 보장법 시행령[시행2026. 3. 24.] [대통령령 제36220호,2026. 3. 24., 타법개정]",제10조 확정기여형퇴직연금규약의 규정 사항
1015,"근로자퇴직급여 보장법 시행령[시행2026. 3. 24.] [대통령령 제36220호,2026. 3. 25., 타법개정]",제14조 확정기여형퇴직연금제도의 중도인출 사유
1016,"근로자퇴직급여 보장법 시행령[시행2026. 3. 24.] [대통령령 제36220호,2026. 3. 26., 타법개정]",제16조의13 기금 운용정보 제공 방법
1017,"근로자퇴직급여 보장법 시행령[시행2026. 3. 24.] [대통령령 제36220호,2026. 3. 27., 타법개정]",제16조의21 시정명령
1018,"근로자퇴직급여 보장법 시행령[시행2026. 3. 24.] [대통령령 제36220호,2026. 3. 28., 타법개정]",제27조 모집업무의 위탁범위
1019,"근로자퇴직급여 보장법 시행령[시행2026. 3. 24.] [대통령령 제36220호,2026. 3. 29., 타법개정]",제38조 제도 폐지에 따른 사용자 조치사항
1020,"직업안정법 시행령[시행2026. 3. 24.] [대통령령 제36220호,2026. 3. 24., 타법개정]",제1조 목적
1021,"직업안정법 시행령[시행2026. 3. 24.] [대통령령 제36220호,2026. 3. 25., 타법개정]",제7조 직업소개시 준수사항
1022,"직업안정법 시행령[시행2026. 3. 24.] [대통령령 제36220호,2026. 3. 26., 타법개정]",제28조 직업정보제공사업자의 준수사항
1023,"직업안정법 시행령[시행2026. 3. 24.] [대통령령 제36220호,2026. 3. 27., 타법개정]",제37조의5 
1024,"노동조합 및 노동관계조정법[시행2026. 3. 10.] [법률 제21045호,2025. 9. 9., 일부개정]",제2조 정의
1025,"노동조합 및 노동관계조정법[시행2026. 3. 10.] [법률 제21045호,2025. 9. 10., 일부개정]",제11조 규약
1026,"노동조합 및 노동관계조정법[시행2026. 3. 10.] [법률 제21045호,2025. 9. 11., 일부개정]",제20조 표결권의 특례
1027,"노동조합 및 노동관계조정법[시행2026. 3. 10.] [법률 제21045호,2025. 9. 12., 일부개정]",제29조 제3장 단체교섭 및 단체협약
1028,"노동조합 및 노동관계조정법[시행2026. 3. 10.] [법률 제21045호,2025. 9. 13., 일부개정]",제34조 단체협약의 해석
1029,"노동조합 및 노동관계조정법[시행2026. 3. 10.] [법률 제21045호,2025. 9. 14., 일부개정]",제42조의4 필수유지업무 유지ㆍ운영 수준 등의 결정
1030,"노동조합 및 노동관계조정법[시행2026. 3. 10.] [법률 제21045호,2025. 9. 15., 일부개정]",제47조 제5장 노동쟁의의 조정
1031,"노동조합 및 노동관계조정법[시행2026. 3. 10.] [법률 제21045호,2025. 9. 16., 일부개정]",제56조 조정위원회의 위원장
1032,"노동조합 및 노동관계조정법[시행2026. 3. 10.] [법률 제21045호,2025. 9. 17., 일부개정]",제66조 주장의 확인등
1033,"노동조합 및 노동관계조정법[시행2026. 3. 10.] [법률 제21045호,2025. 9. 18., 일부개정]",제77조 긴급조정시의 쟁의행위 중지
1034,"노동조합 및 노동관계조정법[시행2026. 3. 10.] [법률 제21045호,2025. 9. 19., 일부개정]",제89조 벌칙
1035,"노동조합 및 노동관계조정법 시행령[시행2026. 3. 10.] [대통령령 제36159호,2026. 3. 3., 일부개정]",제11조 명령 등의 통보
1036,"노동조합 및 노동관계조정법 시행령[시행2026. 3. 10.] [대통령령 제36159호,2026. 3. 4., 일부개정]",제14조의3 노동조합 교섭요구 사실의 공고
1037,"노동조합 및 노동관계조정법 시행령[시행2026. 3. 10.] [대통령령 제36159호,2026. 3. 5., 일부개정]",제18조 폭력행위 등의 신고
1038,"노동조합 및 노동관계조정법 시행령[시행2026. 3. 10.] [대통령령 제36159호,2026. 3. 6., 일부개정]",제27조 조정안의 해석요청
1039,"노동조합 및 노동관계조정법 시행규칙[시행2026. 3. 10.] [고용노동부령 제463호,2026. 3. 5., 일부개정]",제3조 변경사항의 신고
1040,"노동조합 및 노동관계조정법 시행규칙[시행2026. 3. 10.] [고용노동부령 제463호,2026. 3. 6., 일부개정]",제10조의5 과반수노동조합에 대한 이의신청
1041,"노동조합 및 노동관계조정법 시행규칙[시행2026. 3. 10.] [고용노동부령 제463호,2026. 3. 7., 일부개정]",제12조의3 직장폐쇄의 신고
1042,"근로복지기본법 시행령[시행2026. 3. 24.] [대통령령 제36220호,2026. 3. 24., 타법개정]",제11조 규약의 내용
1043,"근로복지기본법 시행령[시행2026. 3. 24.] [대통령령 제36220호,2026. 3. 25., 타법개정]",제23조 우리사주의 예탁기간
1044,"근로복지기본법 시행령[시행2026. 3. 24.] [대통령령 제36220호,2026. 3. 26., 타법개정]",제29조 조합 해산의 보고 등
1045,"근로복지기본법 시행령[시행2026. 3. 24.] [대통령령 제36220호,2026. 3. 27., 타법개정]",제42조 회의 소집
1046,"근로복지기본법 시행령[시행2026. 3. 24.] [대통령령 제36220호,2026. 3. 28., 타법개정]",제50조 기금법인의 관리ㆍ운영사항 공개
1047,"근로복지기본법 시행령[시행2026. 3. 24.] [대통령령 제36220호,2026. 3. 29., 타법개정]",제54조 잔여재산의 귀속
1048,"근로복지기본법 시행령[시행2026. 3. 24.] [대통령령 제36220호,2026. 3. 30., 타법개정]",제66조 보조금 또는 융자금의 반환절차
1049,"근로자퇴직급여 보장법 시행령[시행2026. 3. 24.] [대통령령 제36220호,2026. 3. 24., 타법개정]",제3조 퇴직금의 중간정산 사유
1050,"근로자퇴직급여 보장법 시행령[시행2026. 3. 24.] [대통령령 제36220호,2026. 3. 25., 타법개정]",제12조의2 미납 부담금의 납입 사유
1051,"근로자퇴직급여 보장법 시행령[시행2026. 3. 24.] [대통령령 제36220호,2026. 3. 26., 타법개정]",제16조의2 위원장의 직무
1052,"근로자퇴직급여 보장법 시행령[시행2026. 3. 24.] [대통령령 제36220호,2026. 3. 27., 타법개정]",제16조의10 근로복지공단 업무의 일부 처리
1053,"근로자퇴직급여 보장법 시행령[시행2026. 3. 24.] [대통령령 제36220호,2026. 3. 28., 타법개정]",제17조의2 개인형퇴직연금제도의 부담금 납입한도
1054,"근로자퇴직급여 보장법 시행령[시행2026. 3. 24.] [대통령령 제36220호,2026. 3. 29., 타법개정]",제29조 모집인 등록업무의 위탁
1055,"근로자퇴직급여 보장법 시행령[시행2026. 3. 24.] [대통령령 제36220호,2026. 3. 30., 타법개정]",제40조 퇴직연금제도 폐지에 따른 중간정산의 대상기간 등
1056,"직업안정법 시행령[시행2026. 3. 24.] [대통령령 제36220호,2026. 3. 24., 타법개정]",제2조의6 고용서비스 우수기관 재인증
1057,"직업안정법 시행령[시행2026. 3. 24.] [대통령령 제36220호,2026. 3. 25., 타법개정]",제13조 구인ㆍ구직의 개척
1058,"직업안정법 시행령[시행2026. 3. 24.] [대통령령 제36220호,2026. 3. 26., 타법개정]",제24조 
1059,"직업안정법 시행령[시행2026. 3. 24.] [대통령령 제36220호,2026. 3. 27., 타법개정]",제35조 
1060,"유해ㆍ위험작업의 취업 제한에 관한 규칙[시행2026. 4. 7.] [고용노동부령 제464호,2026. 4. 7., 일부개정]",제9조 교육계획의 수립
1061,"유해ㆍ위험작업의 취업 제한에 관한 규칙[시행2026. 4. 7.] [고용노동부령 제464호,2026. 4. 8., 일부개정]",제1조 목적
1062,"유해ㆍ위험작업의 취업 제한에 관한 규칙[시행2026. 4. 7.] [고용노동부령 제464호,2026. 4. 9., 일부개정]",제2조 정의
1063,"유해ㆍ위험작업의 취업 제한에 관한 규칙[시행2026. 4. 7.] [고용노동부령 제464호,2026. 4. 10., 일부개정]",제5조 지정 신청 등
1064,"유해ㆍ위험작업의 취업 제한에 관한 규칙[시행2026. 4. 7.] [고용노동부령 제464호,2026. 4. 11., 일부개정]",제11조 수료증 등의 발급
1065,"유해ㆍ위험작업의 취업 제한에 관한 규칙[시행2026. 4. 7.] [고용노동부령 제464호,2026. 4. 12., 일부개정]",제7조 교육 내용 및 기간 등
1066,"유해ㆍ위험작업의 취업 제한에 관한 규칙[시행2026. 4. 7.] [고용노동부령 제464호,2026. 4. 13., 일부개정]",제8조 교육방법 등
1067,"유해ㆍ위험작업의 취업 제한에 관한 규칙[시행2026. 4. 7.] [고용노동부령 제464호,2026. 4. 14., 일부개정]",제13조 
1068,"유해ㆍ위험작업의 취업 제한에 관한 규칙[시행2026. 4. 7.] [고용노동부령 제464호,2026. 4. 15., 일부개정]",제6조 지정서의 반납
1069,"유해ㆍ위험작업의 취업 제한에 관한 규칙[시행2026. 4. 7.] [고용노동부령 제464호,2026. 4. 16., 일부개정]",제3조 자격ㆍ면허 등이 필요한 작업의 범위 등
1070,"유해ㆍ위험작업의 취업 제한에 관한 규칙[시행2026. 4. 7.] [고용노동부령 제464호,2026. 4. 17., 일부개정]",제6조의2 
1071,"유해ㆍ위험작업의 취업 제한에 관한 규칙[시행2026. 4. 7.] [고용노동부령 제464호,2026. 4. 18., 일부개정]",제10조 등록
1072,"유해ㆍ위험작업의 취업 제한에 관한 규칙[시행2026. 4. 7.] [고용노동부령 제464호,2026. 4. 19., 일부개정]",제12조 수료증등의 재발급
1073,"유해ㆍ위험작업의 취업 제한에 관한 규칙[시행2026. 4. 7.] [고용노동부령 제464호,2026. 4. 20., 일부개정]",제4조 자격취득 등을 위한 교육기관
1074,"장애인고용촉진 및 직업재활법[시행2026. 5. 12.] [법률 제21138호,2025. 11. 11., 일부개정]",제5조 사업주의 책임
1075,"장애인고용촉진 및 직업재활법[시행2026. 5. 12.] [법률 제21138호,2025. 11. 12., 일부개정]",제11조 직업적응훈련
1076,"장애인고용촉진 및 직업재활법[시행2026. 5. 12.] [법률 제21138호,2025. 11. 13., 일부개정]",제21조의2 장애인 공무원에 대한 지원
1077,"장애인고용촉진 및 직업재활법[시행2026. 5. 12.] [법률 제21138호,2025. 11. 14., 일부개정]",제27조 제3장 장애인 고용 의무 및 부담금
1078,"장애인고용촉진 및 직업재활법[시행2026. 5. 12.] [법률 제21138호,2025. 11. 15., 일부개정]",제33조 사업주의 부담금 납부 등
1079,"장애인고용촉진 및 직업재활법[시행2026. 5. 12.] [법률 제21138호,2025. 11. 16., 일부개정]",제45조 사무소
1080,"장애인고용촉진 및 직업재활법[시행2026. 5. 12.] [법률 제21138호,2025. 11. 17., 일부개정]",제49조 임원의 임기
1081,"장애인고용촉진 및 직업재활법[시행2026. 5. 12.] [법률 제21138호,2025. 11. 18., 일부개정]",제63조 수수료의 징수
1082,"장애인고용촉진 및 직업재활법[시행2026. 5. 12.] [법률 제21138호,2025. 11. 19., 일부개정]",제68조 장애인 고용촉진 및 직업재활 기금의 설치
1083,"장애인고용촉진 및 직업재활법 시행령[시행2026. 5. 12.] [대통령령 제36286호,2026. 4. 28., 일부개정]",제6조 
1084,"장애인고용촉진 및 직업재활법 시행령[시행2026. 5. 12.] [대통령령 제36286호,2026. 4. 29., 일부개정]",제19조의2 출퇴근 교통비 지원
1085,"장애인고용촉진 및 직업재활법 시행령[시행2026. 5. 12.] [대통령령 제36286호,2026. 4. 30., 일부개정]",제24조 공사 실적액의 산정 등
1086,"장애인고용촉진 및 직업재활법 시행령[시행2026. 5. 12.] [대통령령 제36286호,2026. 4. 31., 일부개정]",제36조 사업주 부담금의 납부 등
1087,"장애인고용촉진 및 직업재활법 시행령[시행2026. 5. 12.] [대통령령 제36286호,2026. 4. 32., 일부개정]",제47조 부담금이나 그 밖의 징수금의 결손처분
1088,"장애인고용촉진 및 직업재활법 시행령[시행2026. 5. 12.] [대통령령 제36286호,2026. 4. 33., 일부개정]",제60조 
1089,"장애인고용촉진 및 직업재활법 시행령[시행2026. 5. 12.] [대통령령 제36286호,2026. 4. 34., 일부개정]",제75조 기금의 지출원인행위 한도액 배정
1090,"장애인고용촉진 및 직업재활법 시행령[시행2026. 5. 12.] [대통령령 제36286호,2026. 4. 35., 일부개정]",제78조 기금 결산보고
1091,"파견근로자 보호 등에 관한 법률[시행2026. 5. 26.] [법률 제21701호,2026. 5. 26., 일부개정]",제11조 사업의 폐지
1092,"파견근로자 보호 등에 관한 법률[시행2026. 5. 26.] [법률 제21701호,2026. 5. 27., 일부개정]",제29조 파견사업관리대장
1093,"파견근로자 보호 등에 관한 법률[시행2026. 5. 26.] [법률 제21701호,2026. 5. 28., 일부개정]",제36조 지도ㆍ조언 등
1094,"파견근로자 보호 등에 관한 법률[시행2026. 5. 26.] [법률 제21701호,2026. 5. 29., 일부개정]",제43조의2 벌칙
1095,"장애인고용촉진 및 직업재활법[시행2026. 5. 12.] [법률 제21138호,2025. 11. 11., 일부개정]",제6조 장애인의 자립 노력 등
1096,"장애인고용촉진 및 직업재활법[시행2026. 5. 12.] [법률 제21138호,2025. 11. 12., 일부개정]",제9조 제2장 장애인 고용촉진 및 직업재활
1097,"장애인고용촉진 및 직업재활법[시행2026. 5. 12.] [법률 제21138호,2025. 11. 13., 일부개정]",제19조 취업 후 적응지도
1098,"장애인고용촉진 및 직업재활법[시행2026. 5. 12.] [법률 제21138호,2025. 11. 14., 일부개정]",제26조 장애인 실태조사
1099,"장애인고용촉진 및 직업재활법[시행2026. 5. 12.] [법률 제21138호,2025. 11. 15., 일부개정]",제28조 사업주의 장애인 고용 의무
1100,"장애인고용촉진 및 직업재활법[시행2026. 5. 12.] [법률 제21138호,2025. 11. 16., 일부개정]",제32조 포상금
1101,"장애인고용촉진 및 직업재활법[시행2026. 5. 12.] [법률 제21138호,2025. 11. 17., 일부개정]",제37조 독촉 및 체납처분
1102,"장애인고용촉진 및 직업재활법[시행2026. 5. 12.] [법률 제21138호,2025. 11. 18., 일부개정]",제42조 결손처분
1103,"장애인고용촉진 및 직업재활법[시행2026. 5. 12.] [법률 제21138호,2025. 11. 19., 일부개정]",제52조 임직원의 겸직 제한
1104,"장애인고용촉진 및 직업재활법[시행2026. 5. 12.] [법률 제21138호,2025. 11. 20., 일부개정]",제58조 공단의 회계
1105,"장애인고용촉진 및 직업재활법[시행2026. 5. 12.] [법률 제21138호,2025. 11. 21., 일부개정]",제66조 비슷한 명칭의 사용 금지
1106,"장애인고용촉진 및 직업재활법[시행2026. 5. 12.] [법률 제21138호,2025. 11. 22., 일부개정]",제74조의2 장애인지원관의 지정 등
1107,"장애인고용촉진 및 직업재활법 시행령[시행2026. 5. 12.] [대통령령 제36286호,2026. 4. 28., 일부개정]",제5조의2 직장 내 장애인 인식개선 교육
1108,"장애인고용촉진 및 직업재활법 시행령[시행2026. 5. 12.] [대통령령 제36286호,2026. 4. 29., 일부개정]",제17조 장애인 직업능력개발훈련의 촉진
1109,"장애인고용촉진 및 직업재활법 시행령[시행2026. 5. 12.] [대통령령 제36286호,2026. 4. 30., 일부개정]",제22조의4 국제장애인기능올림픽대회 선발기준 등
1110,"장애인고용촉진 및 직업재활법 시행령[시행2026. 5. 12.] [대통령령 제36286호,2026. 4. 31., 일부개정]",제23조 장애인 공무원 채용계획 등의 제출
1111,"장애인고용촉진 및 직업재활법 시행령[시행2026. 5. 12.] [대통령령 제36286호,2026. 4. 32., 일부개정]",제35조의2 국가와 지방자치단체 등의 장애인 고용부담금의 납부 등
1112,"장애인고용촉진 및 직업재활법 시행령[시행2026. 5. 12.] [대통령령 제36286호,2026. 4. 33., 일부개정]",제46조 공매대행에 관한 세부사항
1113,"장애인고용촉진 및 직업재활법 시행령[시행2026. 5. 12.] [대통령령 제36286호,2026. 4. 34., 일부개정]",제59조 
1114,"장애인고용촉진 및 직업재활법 시행령[시행2026. 5. 12.] [대통령령 제36286호,2026. 4. 35., 일부개정]",제76조 기금지출 한도액의 배정
1115,"파견근로자 보호 등에 관한 법률[시행2026. 5. 26.] [법률 제21701호,2026. 5. 26., 일부개정]",제5조 근로자파견 대상 업무 등
1116,"파견근로자 보호 등에 관한 법률[시행2026. 5. 26.] [법률 제21701호,2026. 5. 27., 일부개정]",제18조 사업보고
1117,"파견근로자 보호 등에 관한 법률[시행2026. 5. 26.] [법률 제21701호,2026. 5. 28., 일부개정]",제27조 사용사업주에 대한 통지
1118,"파견근로자 보호 등에 관한 법률[시행2026. 5. 26.] [법률 제21701호,2026. 5. 29., 일부개정]",제38조 보고와 검사
1119,"장애인고용촉진 및 직업재활법[시행2026. 5. 12.] [법률 제21138호,2025. 11. 11., 일부개정]",제2조 정의
1120,"장애인고용촉진 및 직업재활법[시행2026. 5. 12.] [법률 제21138호,2025. 11. 12., 일부개정]",제16조 취업알선기관 간의 연계 등
1121,"장애인고용촉진 및 직업재활법[시행2026. 5. 12.] [법률 제21138호,2025. 11. 13., 일부개정]",제22조의4 장애인 표준사업장 생산품의 우선구매 등
1122,"장애인고용촉진 및 직업재활법[시행2026. 5. 12.] [법률 제21138호,2025. 11. 14., 일부개정]",제28조의3 장애인 고용인원 산정의 특례
1123,"장애인고용촉진 및 직업재활법[시행2026. 5. 12.] [법률 제21138호,2025. 11. 15., 일부개정]",제39조 서류의 송달
1124,"장애인고용촉진 및 직업재활법[시행2026. 5. 12.] [법률 제21138호,2025. 11. 16., 일부개정]",제70조 차입금
1125,"장애인고용촉진 및 직업재활법[시행2026. 5. 12.] [법률 제21138호,2025. 11. 17., 일부개정]",제82조 권한의 위임ㆍ위탁
1126,"장애인고용촉진 및 직업재활법 시행령[시행2026. 5. 12.] [대통령령 제36286호,2026. 4. 28., 일부개정]",제1조 목적
1127,"장애인고용촉진 및 직업재활법 시행령[시행2026. 5. 12.] [대통령령 제36286호,2026. 4. 29., 일부개정]",제14조 
1128,"장애인고용촉진 및 직업재활법 시행령[시행2026. 5. 12.] [대통령령 제36286호,2026. 4. 30., 일부개정]",제21조 장애인 고용 사업주 등에 대한 지원
1129,"장애인고용촉진 및 직업재활법 시행령[시행2026. 5. 12.] [대통령령 제36286호,2026. 4. 31., 일부개정]",제26조 특정장애인의 고용비율 등
1130,"장애인고용촉진 및 직업재활법 시행령[시행2026. 5. 12.] [대통령령 제36286호,2026. 4. 32., 일부개정]",제38조 부담금의 분할 납부
1131,"장애인고용촉진 및 직업재활법 시행령[시행2026. 5. 12.] [대통령령 제36286호,2026. 4. 33., 일부개정]",제45조 공매대행의 해제 요구
1132,"장애인고용촉진 및 직업재활법 시행령[시행2026. 5. 12.] [대통령령 제36286호,2026. 4. 34., 일부개정]",제48조 분사무소의 설치승인
1133,"장애인고용촉진 및 직업재활법 시행령[시행2026. 5. 12.] [대통령령 제36286호,2026. 4. 35., 일부개정]",제61조 세입ㆍ세출결산서의 제출
1134,"장애인고용촉진 및 직업재활법 시행령[시행2026. 5. 12.] [대통령령 제36286호,2026. 4. 36., 일부개정]",제74조 기금의 지출절차
1135,"장애인고용촉진 및 직업재활법 시행령[시행2026. 5. 12.] [대통령령 제36286호,2026. 4. 37., 일부개정]",제79조의2 장애인지원관의 지정 및 업무
1136,"파견근로자 보호 등에 관한 법률[시행2026. 5. 26.] [법률 제21701호,2026. 5. 26., 일부개정]",제1조 목적
1137,"파견근로자 보호 등에 관한 법률[시행2026. 5. 26.] [법률 제21701호,2026. 5. 27., 일부개정]",제8조 허가의 결격사유
1138,"파견근로자 보호 등에 관한 법률[시행2026. 5. 26.] [법률 제21701호,2026. 5. 28., 일부개정]",제20조 제3장제1절 근로자파견계약
1139,"파견근로자 보호 등에 관한 법률[시행2026. 5. 26.] [법률 제21701호,2026. 5. 29., 일부개정]",제21조 차별적 처우의 금지 및 시정 등
1140,"파견근로자 보호 등에 관한 법률[시행2026. 5. 26.] [법률 제21701호,2026. 5. 30., 일부개정]",제30조 근로자파견계약에 관한 조치
1141,"파견근로자 보호 등에 관한 법률[시행2026. 5. 26.] [법률 제21701호,2026. 5. 31., 일부개정]",제42조 벌칙
1142,"파견근로자 보호 등에 관한 법률[시행2026. 5. 26.] [법률 제21701호,2026. 5. 32., 일부개정]",제44조 벌칙
1143,"장애인고용촉진 및 직업재활법[시행2026. 5. 12.] [법률 제21138호,2025. 11. 11., 일부개정]",제7조 장애인 고용촉진 및 직업재활 기본계획 등
1144,"장애인고용촉진 및 직업재활법[시행2026. 5. 12.] [법률 제21138호,2025. 11. 12., 일부개정]",제22조의5 장애인 표준사업장의 인증 및 인증취소
1145,"장애인고용촉진 및 직업재활법[시행2026. 5. 12.] [법률 제21138호,2025. 11. 13., 일부개정]",제41조 시효의 중단
1146,"장애인고용촉진 및 직업재활법[시행2026. 5. 12.] [법률 제21138호,2025. 11. 14., 일부개정]",제53조 이사회
1147,"장애인고용촉진 및 직업재활법[시행2026. 5. 12.] [법률 제21138호,2025. 11. 15., 일부개정]",제57조 자금의 차입
1148,"장애인고용촉진 및 직업재활법[시행2026. 5. 12.] [법률 제21138호,2025. 11. 16., 일부개정]",제65조의2 비밀누설 등의 금지
1149,"장애인고용촉진 및 직업재활법[시행2026. 5. 12.] [법률 제21138호,2025. 11. 17., 일부개정]",제76조 보고와 검사 등
1150,"장애인고용촉진 및 직업재활법 시행령[시행2026. 5. 12.] [대통령령 제36286호,2026. 4. 28., 일부개정]",제5조 적용제외 근로자
1151,"장애인고용촉진 및 직업재활법 시행령[시행2026. 5. 12.] [대통령령 제36286호,2026. 4. 29., 일부개정]",제12조 
1152,"장애인고용촉진 및 직업재활법 시행령[시행2026. 5. 12.] [대통령령 제36286호,2026. 4. 30., 일부개정]",제21조의2 장애인 표준사업장의 지배기준
1153,"장애인고용촉진 및 직업재활법 시행령[시행2026. 5. 12.] [대통령령 제36286호,2026. 4. 31., 일부개정]",제21조의5 장애인 표준사업장 생산품 구매계획 등의 제출
1154,"장애인고용촉진 및 직업재활법 시행령[시행2026. 5. 12.] [대통령령 제36286호,2026. 4. 32., 일부개정]",제28조 고용장려금의 지급
1155,"장애인고용촉진 및 직업재활법 시행령[시행2026. 5. 12.] [대통령령 제36286호,2026. 4. 33., 일부개정]",제40조 연체금의 징수
1156,"장애인고용촉진 및 직업재활법 시행령[시행2026. 5. 12.] [대통령령 제36286호,2026. 4. 34., 일부개정]",제53조 등기신청 시의 첨부서류
1157,"장애인고용촉진 및 직업재활법 시행령[시행2026. 5. 12.] [대통령령 제36286호,2026. 4. 35., 일부개정]",제63조 내부규정의 승인
1158,"장애인고용촉진 및 직업재활법 시행령[시행2026. 5. 12.] [대통령령 제36286호,2026. 4. 36., 일부개정]",제72조 기금계정
1159,"장애인고용촉진 및 직업재활법 시행령[시행2026. 5. 12.] [대통령령 제36286호,2026. 4. 37., 일부개정]",제79조 다른 법령의 준용
1160,"파견근로자 보호 등에 관한 법률[시행2026. 5. 26.] [법률 제21701호,2026. 5. 26., 일부개정]",제10조 허가의 유효기간 등
1161,"파견근로자 보호 등에 관한 법률[시행2026. 5. 26.] [법률 제21701호,2026. 5. 27., 일부개정]",제12조 허가의 취소 등
1162,"파견근로자 보호 등에 관한 법률[시행2026. 5. 26.] [법률 제21701호,2026. 5. 28., 일부개정]",제21조의2 고용노동부장관의 차별적 처우 시정요구 등
1163,"파견근로자 보호 등에 관한 법률[시행2026. 5. 26.] [법률 제21701호,2026. 5. 29., 일부개정]",제32조 사용사업관리책임자
1164,"파견근로자 보호 등에 관한 법률[시행2026. 5. 26.] [법률 제21701호,2026. 5. 30., 일부개정]",제42조 제5장 벌칙
1165,"장애인고용촉진 및 직업재활법[시행2026. 5. 12.] [법률 제21138호,2025. 11. 11., 일부개정]",제5조의3 장애인 인식개선 교육의 위탁 등
1166,"장애인고용촉진 및 직업재활법[시행2026. 5. 12.] [법률 제21138호,2025. 11. 12., 일부개정]",제9조 장애인 직업재활 실시 기관
1167,"장애인고용촉진 및 직업재활법[시행2026. 5. 12.] [법률 제21138호,2025. 11. 13., 일부개정]",제19조의2 근로지원인 서비스의 제공
1168,"장애인고용촉진 및 직업재활법[시행2026. 5. 12.] [법률 제21138호,2025. 11. 14., 일부개정]",제25조 사업주에 대한 자료 제공
1169,"장애인고용촉진 및 직업재활법[시행2026. 5. 12.] [법률 제21138호,2025. 11. 15., 일부개정]",제28조의2 공공기관 장애인 의무고용률의 특례
1170,"장애인고용촉진 및 직업재활법[시행2026. 5. 12.] [법률 제21138호,2025. 11. 16., 일부개정]",제30조 장애인 고용장려금의 지급
1171,"장애인고용촉진 및 직업재활법[시행2026. 5. 12.] [법률 제21138호,2025. 11. 17., 일부개정]",제38조 징수 우선순위
1172,"장애인고용촉진 및 직업재활법[시행2026. 5. 12.] [법률 제21138호,2025. 11. 18., 일부개정]",제54조 직원의 임면
1173,"장애인고용촉진 및 직업재활법[시행2026. 5. 12.] [법률 제21138호,2025. 11. 19., 일부개정]",제56조 국유재산 등의 무상대부
1174,"장애인고용촉진 및 직업재활법[시행2026. 5. 12.] [법률 제21138호,2025. 11. 20., 일부개정]",제68조 제5장 장애인 고용촉진 및 직업재활 기금
1175,"장애인고용촉진 및 직업재활법[시행2026. 5. 12.] [법률 제21138호,2025. 11. 21., 일부개정]",제74조 자금계정의 설치
1176,"장애인고용촉진 및 직업재활법[시행2026. 5. 12.] [법률 제21138호,2025. 11. 22., 일부개정]",제86조 과태료
1177,"장애인고용촉진 및 직업재활법 시행령[시행2026. 5. 12.] [대통령령 제36286호,2026. 4. 28., 일부개정]",제21조의4 장애인 표준사업장 지원기준 공개
1178,"장애인고용촉진 및 직업재활법 시행령[시행2026. 5. 12.] [대통령령 제36286호,2026. 4. 29., 일부개정]",제27조 장애인 고용계획 등의 제출
1179,"장애인고용촉진 및 직업재활법 시행령[시행2026. 5. 12.] [대통령령 제36286호,2026. 4. 30., 일부개정]",제39조 부담금 등 과오납금의 충당과 환급
1180,"장애인고용촉진 및 직업재활법 시행령[시행2026. 5. 12.] [대통령령 제36286호,2026. 4. 31., 일부개정]",제43조 공매대행의 의뢰 등
1181,"장애인고용촉진 및 직업재활법 시행령[시행2026. 5. 12.] [대통령령 제36286호,2026. 4. 32., 일부개정]",제57조 중요한 재산의 처분 등
1182,"장애인고용촉진 및 직업재활법 시행령[시행2026. 5. 12.] [대통령령 제36286호,2026. 4. 33., 일부개정]",제68조 기금 지급의 위탁
1183,"장애인고용촉진 및 직업재활법 시행령[시행2026. 5. 12.] [대통령령 제36286호,2026. 4. 34., 일부개정]",제82조의2 민감정보 및 고유식별정보의 처리
1184,"파견근로자 보호 등에 관한 법률[시행2026. 5. 26.] [법률 제21701호,2026. 5. 26., 일부개정]",제6조의2 고용의무
1185,"파견근로자 보호 등에 관한 법률[시행2026. 5. 26.] [법률 제21701호,2026. 5. 27., 일부개정]",제19조 폐쇄조치 등
1186,"파견근로자 보호 등에 관한 법률[시행2026. 5. 26.] [법률 제21701호,2026. 5. 28., 일부개정]",제21조의3 확정된 시정명령의 효력 확대
1187,"파견근로자 보호 등에 관한 법률[시행2026. 5. 26.] [법률 제21701호,2026. 5. 29., 일부개정]",제26조 취업조건의 고지
1188,"파견근로자 보호 등에 관한 법률[시행2026. 5. 26.] [법률 제21701호,2026. 5. 30., 일부개정]",제31조 적정한 파견근로의 확보
1189,"파견근로자 보호 등에 관한 법률[시행2026. 5. 26.] [법률 제21701호,2026. 5. 31., 일부개정]",제34조 「근로기준법」의 적용에 관한 특례
1190,"파견근로자 보호 등에 관한 법률[시행2026. 5. 26.] [법률 제21701호,2026. 5. 32., 일부개정]",제45조 양벌규정
1191,"장애인고용촉진 및 직업재활법[시행2026. 5. 12.] [법률 제21138호,2025. 11. 11., 일부개정]",제1조 목적
1192,"장애인고용촉진 및 직업재활법[시행2026. 5. 12.] [법률 제21138호,2025. 11. 12., 일부개정]",제14조 보호고용
1193,"장애인고용촉진 및 직업재활법[시행2026. 5. 12.] [법률 제21138호,2025. 11. 13., 일부개정]",제24조 장애인 고용 우수사업주에 대한 우대
1194,"장애인고용촉진 및 직업재활법[시행2026. 5. 12.] [법률 제21138호,2025. 11. 14., 일부개정]",제31조 부당이득금의 징수 및 지급 제한
1195,"장애인고용촉진 및 직업재활법[시행2026. 5. 12.] [법률 제21138호,2025. 11. 15., 일부개정]",제43조 제4장 한국장애인고용공단
1196,"장애인고용촉진 및 직업재활법[시행2026. 5. 12.] [법률 제21138호,2025. 11. 16., 일부개정]",제51조 임원의 결격사유
1197,"장애인고용촉진 및 직업재활법[시행2026. 5. 12.] [법률 제21138호,2025. 11. 17., 일부개정]",제58조의2 공단의 수입
1198,"장애인고용촉진 및 직업재활법[시행2026. 5. 12.] [법률 제21138호,2025. 11. 18., 일부개정]",제67조 「민법」의 준용
1199,"장애인고용촉진 및 직업재활법[시행2026. 5. 12.] [법률 제21138호,2025. 11. 19., 일부개정]",제75조 장애인 직업생활 상담원 등
1200,"장애인고용촉진 및 직업재활법[시행2026. 5. 12.] [법률 제21138호,2025. 11. 20., 일부개정]",제77조 세제 지원
1201,"장애인고용촉진 및 직업재활법[시행2026. 5. 12.] [법률 제21138호,2025. 11. 21., 일부개정]",제87조 벌칙 적용에서의 공무원 의제
1202,"장애인고용촉진 및 직업재활법 시행령[시행2026. 5. 12.] [대통령령 제36286호,2026. 4. 28., 일부개정]",제4조 중증장애인의 기준
1203,"장애인고용촉진 및 직업재활법 시행령[시행2026. 5. 12.] [대통령령 제36286호,2026. 4. 29., 일부개정]",제16조 장애인 직업적응훈련의 지원
1204,"장애인고용촉진 및 직업재활법 시행령[시행2026. 5. 12.] [대통령령 제36286호,2026. 4. 30., 일부개정]",제20조 취업 후의 적응지도 지원
1205,"장애인고용촉진 및 직업재활법 시행령[시행2026. 5. 12.] [대통령령 제36286호,2026. 4. 31., 일부개정]",제25조 사업주의 의무고용률
1206,"장애인고용촉진 및 직업재활법 시행령[시행2026. 5. 12.] [대통령령 제36286호,2026. 4. 32., 일부개정]",제37조 부담금의 환급
1207,"장애인고용촉진 및 직업재활법 시행령[시행2026. 5. 12.] [대통령령 제36286호,2026. 4. 33., 일부개정]",제49조 설립등기
1208,"장애인고용촉진 및 직업재활법 시행령[시행2026. 5. 12.] [대통령령 제36286호,2026. 4. 34., 일부개정]",제56조 자문위원회 및 후원회
1209,"장애인고용촉진 및 직업재활법 시행령[시행2026. 5. 12.] [대통령령 제36286호,2026. 4. 35., 일부개정]",제67조 기금의 용도
1210,"장애인고용촉진 및 직업재활법 시행령[시행2026. 5. 12.] [대통령령 제36286호,2026. 4. 36., 일부개정]",제82조의3 규제의 재검토
1211,"파견근로자 보호 등에 관한 법률[시행2026. 5. 26.] [법률 제21701호,2026. 5. 26., 일부개정]",제1조 제1장 총칙
1212,"파견근로자 보호 등에 관한 법률[시행2026. 5. 26.] [법률 제21701호,2026. 5. 27., 일부개정]",제14조 겸업금지
1213,"파견근로자 보호 등에 관한 법률[시행2026. 5. 26.] [법률 제21701호,2026. 5. 28., 일부개정]",제23조 제3장제2절 파견사업주가 마련하여야 할 조치
1214,"파견근로자 보호 등에 관한 법률[시행2026. 5. 26.] [법률 제21701호,2026. 5. 29., 일부개정]",제41조 권한의 위임
1215,"파견근로자 보호 등에 관한 법률[시행2026. 5. 26.] [법률 제21701호,2026. 5. 30., 일부개정]",제43조 벌칙
1216,"장애인고용촉진 및 직업재활법[시행2026. 5. 12.] [법률 제21138호,2025. 11. 11., 일부개정]",제13조 지원고용
1217,"장애인고용촉진 및 직업재활법[시행2026. 5. 12.] [법률 제21138호,2025. 11. 12., 일부개정]",제23조 부당 융자 또는 지원금 등의 징수 및 지급제한 등
1218,"장애인고용촉진 및 직업재활법[시행2026. 5. 12.] [법률 제21138호,2025. 11. 13., 일부개정]",제29조 사업주의 장애인 고용 계획 수립 등
1219,"장애인고용촉진 및 직업재활법[시행2026. 5. 12.] [법률 제21138호,2025. 11. 14., 일부개정]",제40조 소멸시효
1220,"장애인고용촉진 및 직업재활법[시행2026. 5. 12.] [법률 제21138호,2025. 11. 15., 일부개정]",제55조 산하기관
1221,"장애인고용촉진 및 직업재활법[시행2026. 5. 12.] [법률 제21138호,2025. 11. 16., 일부개정]",제65조 업무의 지도ㆍ감독
1222,"장애인고용촉진 및 직업재활법 시행령[시행2026. 5. 12.] [대통령령 제36286호,2026. 4. 28., 일부개정]",제2조 정의
1223,"장애인고용촉진 및 직업재활법 시행령[시행2026. 5. 12.] [대통령령 제36286호,2026. 4. 29., 일부개정]",제13조 
1224,"장애인고용촉진 및 직업재활법 시행령[시행2026. 5. 12.] [대통령령 제36286호,2026. 4. 30., 일부개정]",제21조의3 
1225,"장애인고용촉진 및 직업재활법 시행령[시행2026. 5. 12.] [대통령령 제36286호,2026. 4. 31., 일부개정]",제26조의2 장애인 고용인원 산정의 특례 제외 중증장애인
1226,"장애인고용촉진 및 직업재활법 시행령[시행2026. 5. 12.] [대통령령 제36286호,2026. 4. 32., 일부개정]",제38조의2 신용카드등을 이용한 부담금 등의 납부
1227,"장애인고용촉진 및 직업재활법 시행령[시행2026. 5. 12.] [대통령령 제36286호,2026. 4. 33., 일부개정]",제55조 임원
1228,"장애인고용촉진 및 직업재활법 시행령[시행2026. 5. 12.] [대통령령 제36286호,2026. 4. 34., 일부개정]",제77조 기금 운용상황의 보고
1229,"파견근로자 보호 등에 관한 법률[시행2026. 5. 26.] [법률 제21701호,2026. 5. 26., 일부개정]",제9조 허가의 기준
1230,"파견근로자 보호 등에 관한 법률[시행2026. 5. 26.] [법률 제21701호,2026. 5. 27., 일부개정]",제13조 허가취소 등의 처분 후의 근로자파견
1231,"파견근로자 보호 등에 관한 법률[시행2026. 5. 26.] [법률 제21701호,2026. 5. 28., 일부개정]",제22조 계약의 해지 등
1232,"파견근로자 보호 등에 관한 법률[시행2026. 5. 26.] [법률 제21701호,2026. 5. 29., 일부개정]",제33조 사용사업관리대장
1233,"파견근로자 보호 등에 관한 법률[시행2026. 5. 26.] [법률 제21701호,2026. 5. 30., 일부개정]",제40조 수수료
1234,"장애인고용촉진 및 직업재활법[시행2026. 5. 12.] [법률 제21138호,2025. 11. 11., 일부개정]",제5조의2 직장 내 장애인 인식개선 교육
1235,"장애인고용촉진 및 직업재활법[시행2026. 5. 12.] [법률 제21138호,2025. 11. 12., 일부개정]",제10조 직업지도
1236,"장애인고용촉진 및 직업재활법[시행2026. 5. 12.] [법률 제21138호,2025. 11. 13., 일부개정]",제20조 사업주에 대한 고용 지도
1237,"장애인고용촉진 및 직업재활법[시행2026. 5. 12.] [법률 제21138호,2025. 11. 14., 일부개정]",제26조의3 국제장애인기능올림픽대회 개최 등
1238,"장애인고용촉진 및 직업재활법[시행2026. 5. 12.] [법률 제21138호,2025. 11. 15., 일부개정]",제33조의3 부담금의 우선 적용
1239,"장애인고용촉진 및 직업재활법[시행2026. 5. 12.] [법률 제21138호,2025. 11. 16., 일부개정]",제47조 정관
1240,"장애인고용촉진 및 직업재활법[시행2026. 5. 12.] [법률 제21138호,2025. 11. 17., 일부개정]",제62조 잉여금의 처리
1241,"장애인고용촉진 및 직업재활법[시행2026. 5. 12.] [법률 제21138호,2025. 11. 18., 일부개정]",제73조 기금의 회계기관
1242,"장애인고용촉진 및 직업재활법[시행2026. 5. 12.] [법률 제21138호,2025. 11. 19., 일부개정]",제79조 국가와 지방자치단체의 의무고용률 등에 대한 특례
1243,"장애인고용촉진 및 직업재활법[시행2026. 5. 12.] [법률 제21138호,2025. 11. 20., 일부개정]",제84조의2 벌칙
1244,"장애인고용촉진 및 직업재활법 시행령[시행2026. 5. 12.] [대통령령 제36286호,2026. 4. 28., 일부개정]",제9조 
1245,"장애인고용촉진 및 직업재활법 시행령[시행2026. 5. 12.] [대통령령 제36286호,2026. 4. 29., 일부개정]",제19조 취업알선의 지원
1246,"장애인고용촉진 및 직업재활법 시행령[시행2026. 5. 12.] [대통령령 제36286호,2026. 4. 30., 일부개정]",제22조의5 포상 및 상금
1247,"장애인고용촉진 및 직업재활법 시행령[시행2026. 5. 12.] [대통령령 제36286호,2026. 4. 31., 일부개정]",제34조 신고 또는 고발의 중복 시 포상금의 지급방법
1248,"장애인고용촉진 및 직업재활법 시행령[시행2026. 5. 12.] [대통령령 제36286호,2026. 4. 32., 일부개정]",제50조 분사무소의 설치등기
1249,"장애인고용촉진 및 직업재활법 시행령[시행2026. 5. 12.] [대통령령 제36286호,2026. 4. 33., 일부개정]",제62조 관리기구의 설립허가 신청
1250,"장애인고용촉진 및 직업재활법 시행령[시행2026. 5. 12.] [대통령령 제36286호,2026. 4. 34., 일부개정]",제73조 기금수입금의 수납절차
1251,"장애인고용촉진 및 직업재활법 시행령[시행2026. 5. 12.] [대통령령 제36286호,2026. 4. 35., 일부개정]",제80조 장애인직업생활상담원의 선임
1252,"파견근로자 보호 등에 관한 법률[시행2026. 5. 26.] [법률 제21701호,2026. 5. 26., 일부개정]",제5조 제2장 근로자파견사업의 적정 운영
1253,"파견근로자 보호 등에 관한 법률[시행2026. 5. 26.] [법률 제21701호,2026. 5. 27., 일부개정]",제17조 파견사업주 등의 준수사항
1254,"파견근로자 보호 등에 관한 법률[시행2026. 5. 26.] [법률 제21701호,2026. 5. 28., 일부개정]",제25조 파견근로자에 대한 고용제한의 금지
1255,"파견근로자 보호 등에 관한 법률[시행2026. 5. 26.] [법률 제21701호,2026. 5. 29., 일부개정]",제39조 자료의 요청
1256,"장애인고용촉진 및 직업재활법[시행2026. 5. 12.] [법률 제21138호,2025. 11. 11., 일부개정]",제4조 국고의 부담
1257,"장애인고용촉진 및 직업재활법[시행2026. 5. 12.] [법률 제21138호,2025. 11. 12., 일부개정]",제21조 장애인 고용 사업주에 대한 지원
1258,"장애인고용촉진 및 직업재활법[시행2026. 5. 12.] [법률 제21138호,2025. 11. 13., 일부개정]",제34조 부담금 등 과오납금의 충당과 환급
1259,"장애인고용촉진 및 직업재활법[시행2026. 5. 12.] [법률 제21138호,2025. 11. 14., 일부개정]",제48조 임원의 임면
1260,"장애인고용촉진 및 직업재활법[시행2026. 5. 12.] [법률 제21138호,2025. 11. 15., 일부개정]",제60조 예산의 편성 등
1261,"장애인고용촉진 및 직업재활법[시행2026. 5. 12.] [법률 제21138호,2025. 11. 16., 일부개정]",제71조 기금의 용도
1262,"장애인고용촉진 및 직업재활법[시행2026. 5. 12.] [법률 제21138호,2025. 11. 17., 일부개정]",제84조 벌칙
1263,"장애인고용촉진 및 직업재활법 시행령[시행2026. 5. 12.] [대통령령 제36286호,2026. 4. 28., 일부개정]",제7조 
1264,"장애인고용촉진 및 직업재활법 시행령[시행2026. 5. 12.] [대통령령 제36286호,2026. 4. 29., 일부개정]",제11조 
1265,"장애인고용촉진 및 직업재활법 시행령[시행2026. 5. 12.] [대통령령 제36286호,2026. 4. 30., 일부개정]",제20조의2 근로지원인 서비스 제공대상자의 선정 등
1266,"장애인고용촉진 및 직업재활법 시행령[시행2026. 5. 12.] [대통령령 제36286호,2026. 4. 31., 일부개정]",제22조 장애인고용 우수사업주의 선정 및 우대
1267,"장애인고용촉진 및 직업재활법 시행령[시행2026. 5. 12.] [대통령령 제36286호,2026. 4. 32., 일부개정]",제29조 고용장려금의 지급제한
1268,"장애인고용촉진 및 직업재활법 시행령[시행2026. 5. 12.] [대통령령 제36286호,2026. 4. 33., 일부개정]",제35조 포상금의 지급시기
1269,"장애인고용촉진 및 직업재활법 시행령[시행2026. 5. 12.] [대통령령 제36286호,2026. 4. 34., 일부개정]",제44조 압류재산의 인도
1270,"장애인고용촉진 및 직업재활법 시행령[시행2026. 5. 12.] [대통령령 제36286호,2026. 4. 35., 일부개정]",제58조 자금 차입의 승인신청
1271,"장애인고용촉진 및 직업재활법 시행령[시행2026. 5. 12.] [대통령령 제36286호,2026. 4. 36., 일부개정]",제69조 기금의 운용ㆍ관리
1272,"장애인고용촉진 및 직업재활법 시행령[시행2026. 5. 12.] [대통령령 제36286호,2026. 4. 37., 일부개정]",제81조의2 자료 제공의 요청 등
1273,"파견근로자 보호 등에 관한 법률[시행2026. 5. 26.] [법률 제21701호,2026. 5. 26., 일부개정]",제2조 정의
1274,"파견근로자 보호 등에 관한 법률[시행2026. 5. 26.] [법률 제21701호,2026. 5. 27., 일부개정]",제7조 근로자파견사업의 허가
1275,"파견근로자 보호 등에 관한 법률[시행2026. 5. 26.] [법률 제21701호,2026. 5. 28., 일부개정]",제20조 제3장 파견근로자의 근로조건 등
1276,"파견근로자 보호 등에 관한 법률[시행2026. 5. 26.] [법률 제21701호,2026. 5. 29., 일부개정]",제28조 파견사업관리책임자
1277,"파견근로자 보호 등에 관한 법률[시행2026. 5. 26.] [법률 제21701호,2026. 5. 30., 일부개정]",제37조 개선명령
1278,"장애인고용촉진 및 직업재활법[시행2026. 5. 12.] [법률 제21138호,2025. 11. 11., 일부개정]",제8조 교육부 및 보건복지부와의 연계
1279,"장애인고용촉진 및 직업재활법[시행2026. 5. 12.] [법률 제21138호,2025. 11. 12., 일부개정]",제18조 장애인 근로자 지원
1280,"장애인고용촉진 및 직업재활법[시행2026. 5. 12.] [법률 제21138호,2025. 11. 13., 일부개정]",제22조의3 불공정거래행위 금지에 대한 특례
1281,"장애인고용촉진 및 직업재활법[시행2026. 5. 12.] [법률 제21138호,2025. 11. 14., 일부개정]",제26조의2 장애인 기능경기 대회 개최
1282,"장애인고용촉진 및 직업재활법[시행2026. 5. 12.] [법률 제21138호,2025. 11. 15., 일부개정]",제35조 가산금과 연체금의 징수
1283,"장애인고용촉진 및 직업재활법[시행2026. 5. 12.] [법률 제21138호,2025. 11. 16., 일부개정]",제46조 설립등기
1284,"장애인고용촉진 및 직업재활법[시행2026. 5. 12.] [법률 제21138호,2025. 11. 17., 일부개정]",제61조 결산서의 제출
1285,"장애인고용촉진 및 직업재활법[시행2026. 5. 12.] [법률 제21138호,2025. 11. 18., 일부개정]",제74조의2 제6장 보칙
1286,"장애인고용촉진 및 직업재활법[시행2026. 5. 12.] [법률 제21138호,2025. 11. 19., 일부개정]",제78조 경비 보조
1287,"장애인고용촉진 및 직업재활법[시행2026. 5. 12.] [법률 제21138호,2025. 11. 20., 일부개정]",제85조 양벌규정
1288,"장애인고용촉진 및 직업재활법 시행령[시행2026. 5. 12.] [대통령령 제36286호,2026. 4. 28., 일부개정]",제10조 
1289,"장애인고용촉진 및 직업재활법 시행령[시행2026. 5. 12.] [대통령령 제36286호,2026. 4. 29., 일부개정]",제19조의3 작업 보조 공학기기ㆍ장비 등의 지원
1290,"장애인고용촉진 및 직업재활법 시행령[시행2026. 5. 12.] [대통령령 제36286호,2026. 4. 30., 일부개정]",제22조의3 대회 참가 자격 및 참가 신청
1291,"장애인고용촉진 및 직업재활법 시행령[시행2026. 5. 12.] [대통령령 제36286호,2026. 4. 31., 일부개정]",제33조 신고 또는 고발의 기한
1292,"장애인고용촉진 및 직업재활법 시행령[시행2026. 5. 12.] [대통령령 제36286호,2026. 4. 32., 일부개정]",제52조 변경등기
1293,"장애인고용촉진 및 직업재활법 시행령[시행2026. 5. 12.] [대통령령 제36286호,2026. 4. 33., 일부개정]",제65조 정부의 출연금
1294,"장애인고용촉진 및 직업재활법 시행령[시행2026. 5. 12.] [대통령령 제36286호,2026. 4. 34., 일부개정]",제70조 기금 운용계획
1295,"장애인고용촉진 및 직업재활법 시행령[시행2026. 5. 12.] [대통령령 제36286호,2026. 4. 35., 일부개정]",제82조 권한ㆍ업무의 위임ㆍ위탁
1296,"파견근로자 보호 등에 관한 법률[시행2026. 5. 26.] [법률 제21701호,2026. 5. 26., 일부개정]",제4조 근로자파견사업의 조사ㆍ연구
1297,"파견근로자 보호 등에 관한 법률[시행2026. 5. 26.] [법률 제21701호,2026. 5. 27., 일부개정]",제6조 파견기간
1298,"파견근로자 보호 등에 관한 법률[시행2026. 5. 26.] [법률 제21701호,2026. 5. 28., 일부개정]",제15조 명의대여의 금지
1299,"파견근로자 보호 등에 관한 법률[시행2026. 5. 26.] [법률 제21701호,2026. 5. 29., 일부개정]",제23조 파견근로자의 복지 증진
1300,"파견근로자 보호 등에 관한 법률[시행2026. 5. 26.] [법률 제21701호,2026. 5. 30., 일부개정]",제34조 제3장제4절 「근로기준법」 등의 적용에 관한 특례
1301,"장애인고용촉진 및 직업재활법[시행2026. 5. 12.] [법률 제21138호,2025. 11. 11., 일부개정]",제1조 제1장 총칙
1302,"장애인고용촉진 및 직업재활법[시행2026. 5. 12.] [법률 제21138호,2025. 11. 12., 일부개정]",제3조 국가와 지방자치단체의 책임
1303,"장애인고용촉진 및 직업재활법[시행2026. 5. 12.] [법률 제21138호,2025. 11. 13., 일부개정]",제22조 장애인 표준사업장에 대한 지원
1304,"장애인고용촉진 및 직업재활법[시행2026. 5. 12.] [법률 제21138호,2025. 11. 14., 일부개정]",제27조 국가와 지방자치단체의 장애인 고용 의무
1305,"장애인고용촉진 및 직업재활법[시행2026. 5. 12.] [법률 제21138호,2025. 11. 15., 일부개정]",제32조의2 국가와 지방자치단체 등의 장애인 고용부담금의 납부 등
1306,"장애인고용촉진 및 직업재활법[시행2026. 5. 12.] [법률 제21138호,2025. 11. 16., 일부개정]",제36조의2 부담금 징수에 대한 이의신청
1307,"장애인고용촉진 및 직업재활법[시행2026. 5. 12.] [법률 제21138호,2025. 11. 17., 일부개정]",제43조 한국장애인고용공단의 설립
1308,"장애인고용촉진 및 직업재활법[시행2026. 5. 12.] [법률 제21138호,2025. 11. 18., 일부개정]",제64조 출자 등
1309,"장애인고용촉진 및 직업재활법[시행2026. 5. 12.] [법률 제21138호,2025. 11. 19., 일부개정]",제69조 기금의 재원
1310,"장애인고용촉진 및 직업재활법[시행2026. 5. 12.] [법률 제21138호,2025. 11. 20., 일부개정]",제81조 자료 제공의 요청 등
1311,"장애인고용촉진 및 직업재활법 시행령[시행2026. 5. 12.] [대통령령 제36286호,2026. 4. 28., 일부개정]",제3조 장애인의 기준
1312,"장애인고용촉진 및 직업재활법 시행령[시행2026. 5. 12.] [대통령령 제36286호,2026. 4. 29., 일부개정]",제15조 장애인 직업지도의 지원
1313,"장애인고용촉진 및 직업재활법 시행령[시행2026. 5. 12.] [대통령령 제36286호,2026. 4. 30., 일부개정]",제22조의2 장애인 기능경기 대회의 개최
1314,"장애인고용촉진 및 직업재활법 시행령[시행2026. 5. 12.] [대통령령 제36286호,2026. 4. 31., 일부개정]",제30조 부정 수급금이나 그 밖의 징수금의 반환명령 등
1315,"장애인고용촉진 및 직업재활법 시행령[시행2026. 5. 12.] [대통령령 제36286호,2026. 4. 32., 일부개정]",제32조 포상금의 지급기준
1316,"장애인고용촉진 및 직업재활법 시행령[시행2026. 5. 12.] [대통령령 제36286호,2026. 4. 33., 일부개정]",제42조 체납징수금의 징수 우선순위
1317,"장애인고용촉진 및 직업재활법 시행령[시행2026. 5. 12.] [대통령령 제36286호,2026. 4. 34., 일부개정]",제51조 이전등기
1318,"장애인고용촉진 및 직업재활법 시행령[시행2026. 5. 12.] [대통령령 제36286호,2026. 4. 35., 일부개정]",제64조 업무의 감독
1319,"장애인고용촉진 및 직업재활법 시행령[시행2026. 5. 12.] [대통령령 제36286호,2026. 4. 36., 일부개정]",제71조 기금관리 보조요원
1320,"장애인고용촉진 및 직업재활법 시행령[시행2026. 5. 12.] [대통령령 제36286호,2026. 4. 37., 일부개정]",제81조 경비의 보조
1321,"파견근로자 보호 등에 관한 법률[시행2026. 5. 26.] [법률 제21701호,2026. 5. 26., 일부개정]",제20조 계약의 내용 등
1322,"파견근로자 보호 등에 관한 법률[시행2026. 5. 26.] [법률 제21701호,2026. 5. 27., 일부개정]",제30조 제3장제3절 사용사업주가 마련하여야 할 조치
1323,"파견근로자 보호 등에 관한 법률[시행2026. 5. 26.] [법률 제21701호,2026. 5. 28., 일부개정]",제36조 제4장 보칙
1324,"장애인고용촉진 및 직업재활법[시행2026. 5. 12.] [법률 제21138호,2025. 11. 11., 일부개정]",제12조 직업능력개발훈련
1325,"장애인고용촉진 및 직업재활법[시행2026. 5. 12.] [법률 제21138호,2025. 11. 12., 일부개정]",제15조 취업알선 등
1326,"장애인고용촉진 및 직업재활법[시행2026. 5. 12.] [법률 제21138호,2025. 11. 13., 일부개정]",제17조 자영업 장애인 지원
1327,"장애인고용촉진 및 직업재활법[시행2026. 5. 12.] [법률 제21138호,2025. 11. 14., 일부개정]",제22조의2 지주회사 등의 행위제한 등에 대한 특례
1328,"장애인고용촉진 및 직업재활법[시행2026. 5. 12.] [법률 제21138호,2025. 11. 15., 일부개정]",제26조의2 제2장의2 장애인 기능경기 대회 개최 등
1329,"장애인고용촉진 및 직업재활법[시행2026. 5. 12.] [법률 제21138호,2025. 11. 16., 일부개정]",제33조의2 신용카드등으로 하는 부담금등의 납부
1330,"장애인고용촉진 및 직업재활법[시행2026. 5. 12.] [법률 제21138호,2025. 11. 17., 일부개정]",제36조 통지
1331,"장애인고용촉진 및 직업재활법[시행2026. 5. 12.] [법률 제21138호,2025. 11. 18., 일부개정]",제44조 법인격
1332,"장애인고용촉진 및 직업재활법[시행2026. 5. 12.] [법률 제21138호,2025. 11. 19., 일부개정]",제50조 임원의 직무
1333,"장애인고용촉진 및 직업재활법[시행2026. 5. 12.] [법률 제21138호,2025. 11. 20., 일부개정]",제59조 
1334,"장애인고용촉진 및 직업재활법[시행2026. 5. 12.] [법률 제21138호,2025. 11. 21., 일부개정]",제72조 기금의 운용ㆍ관리
1335,"장애인고용촉진 및 직업재활법[시행2026. 5. 12.] [법률 제21138호,2025. 11. 22., 일부개정]",제80조 협조
1336,"장애인고용촉진 및 직업재활법[시행2026. 5. 12.] [법률 제21138호,2025. 11. 23., 일부개정]",제83조 다른 법률과의 관계
1337,"장애인고용촉진 및 직업재활법 시행령[시행2026. 5. 12.] [대통령령 제36286호,2026. 4. 28., 일부개정]",제8조 
1338,"장애인고용촉진 및 직업재활법 시행령[시행2026. 5. 12.] [대통령령 제36286호,2026. 4. 28., 일부개정]",제18조 지원고용의 실시ㆍ지원
1339,"장애인고용촉진 및 직업재활법 시행령[시행2026. 5. 12.] [대통령령 제36286호,2026. 4. 28., 일부개정]",제31조 고용장려금 부정수급자에 대한 신고 등
1340,"장애인고용촉진 및 직업재활법 시행령[시행2026. 5. 12.] [대통령령 제36286호,2026. 4. 28., 일부개정]",제41조 가산금 및 연체금 징수의 예외
1341,"장애인고용촉진 및 직업재활법 시행령[시행2026. 5. 12.] [대통령령 제36286호,2026. 4. 28., 일부개정]",제54조 등기기간의 기산
1342,"장애인고용촉진 및 직업재활법 시행령[시행2026. 5. 12.] [대통령령 제36286호,2026. 4. 28., 일부개정]",제66조 정부 외의 자로부터의 출연금 등
1343,"장애인고용촉진 및 직업재활법 시행령[시행2026. 5. 12.] [대통령령 제36286호,2026. 4. 28., 일부개정]",제83조 과태료의 부과기준
1344,"파견근로자 보호 등에 관한 법률[시행2026. 5. 26.] [법률 제21701호,2026. 5. 26., 일부개정]",제3조 정부의 책무
1345,"파견근로자 보호 등에 관한 법률[시행2026. 5. 26.] [법률 제21701호,2026. 5. 26., 일부개정]",제16조 근로자파견의 제한
1346,"파견근로자 보호 등에 관한 법률[시행2026. 5. 26.] [법률 제21701호,2026. 5. 26., 일부개정]",제24조 파견근로자에 대한 고지 의무
1347,"파견근로자 보호 등에 관한 법률[시행2026. 5. 26.] [법률 제21701호,2026. 5. 26., 일부개정]",제35조 「산업안전보건법」의 적용에 관한 특례
1348,"파견근로자 보호 등에 관한 법률[시행2026. 5. 26.] [법률 제21701호,2026. 5. 26., 일부개정]",제46조 과태료
1349,"공무직위원회 설치 및 운영에 관한 법률[시행2026. 9. 18.] [법률 제21474호,2026. 3. 17., 제정]",제8조 회의
1350,"공무직위원회 설치 및 운영에 관한 법률[시행2026. 9. 18.] [법률 제21474호,2026. 3. 17., 제정]",제11조 공무원 등의 파견 요청 등
1351,"청년고용촉진 특별법[시행2026. 9. 18.] [법률 제21477호,2026. 3. 17., 일부개정]",제5조 공공기관의 청년 미취업자 고용 의무
1352,"공무직위원회 설치 및 운영에 관한 법률[시행2026. 9. 18.] [법률 제21474호,2026. 3. 17., 제정]",제3조 위원회의 설치 및 기능
1353,"청년고용촉진 특별법[시행2026. 9. 18.] [법률 제21477호,2026. 3. 17., 일부개정]",제5조 제2장 청년 미취업자에 대한 고용 확대 및 직업 지도 등
1354,"청년고용촉진 특별법[시행2026. 9. 18.] [법률 제21477호,2026. 3. 17., 일부개정]",제9조 청년 미취업자 등에 대한 직업능력개발훈련의 기본원칙
1355,"청년고용촉진 특별법[시행2026. 9. 18.] [법률 제21477호,2026. 3. 17., 일부개정]",제16조 통합인력전산망의 설치
1356,"청년고용촉진 특별법[시행2026. 9. 18.] [법률 제21477호,2026. 3. 17., 일부개정]",제17조의2 제5장 보칙
1357,"청년고용촉진 특별법[시행2026. 9. 18.] [법률 제21477호,2026. 3. 17., 일부개정]",제3조 국가 및 지방자치단체 등의 책무
1358,"청년고용촉진 특별법[시행2026. 9. 18.] [법률 제21477호,2026. 3. 17., 일부개정]",제8조의4 취업에 어려움을 겪는 청년에 대한 고용지원서비스 제공
1359,"청년고용촉진 특별법[시행2026. 9. 18.] [법률 제21477호,2026. 3. 17., 일부개정]",제16조의2 전문인력 양성
1360,"공무직위원회 설치 및 운영에 관한 법률[시행2026. 9. 18.] [법률 제21474호,2026. 3. 17., 제정]",제10조 기획단
1361,"청년고용촉진 특별법[시행2026. 9. 18.] [법률 제21477호,2026. 3. 17., 일부개정]",제1조 제1장 총칙
1362,"청년고용촉진 특별법[시행2026. 9. 18.] [법률 제21477호,2026. 3. 17., 일부개정]",제17조 군 복무 중인 자에 대한 취업기회 부여
1363,"공무직위원회 설치 및 운영에 관한 법률[시행2026. 9. 18.] [법률 제21474호,2026. 3. 17., 제정]",제1조 목적
1364,"청년고용촉진 특별법[시행2026. 9. 18.] [법률 제21477호,2026. 3. 17., 일부개정]",제7조 중소기업체의 청년 미취업자 고용 지원
1365,"청년고용촉진 특별법[시행2026. 9. 18.] [법률 제21477호,2026. 3. 18., 일부개정]",제14조 청년 미취업자의 취업실태 및 지원계획 공표
1366,"청년고용촉진 특별법[시행2026. 9. 18.] [법률 제21477호,2026. 3. 19., 일부개정]",제18조 보고 및 검사
1367,"청년고용촉진 특별법[시행2026. 9. 18.] [법률 제21477호,2026. 3. 20., 일부개정]",제4조 청년고용촉진특별위원회 설치 등
1368,"청년고용촉진 특별법[시행2026. 9. 18.] [법률 제21477호,2026. 3. 21., 일부개정]",제13조 청년 미취업자 등의 직업능력개발훈련계획 수립 등
1369,"공무직위원회 설치 및 운영에 관한 법률[시행2026. 9. 18.] [법률 제21474호,2026. 3. 17., 제정]",제5조 위원의 임기
1370,"청년고용촉진 특별법[시행2026. 9. 18.] [법률 제21477호,2026. 3. 17., 일부개정]",제1조 목적
1371,"청년고용촉진 특별법[시행2026. 9. 18.] [법률 제21477호,2026. 3. 17., 일부개정]",제8조 청년 미취업자 고용 확대 계획의 수립 등
1372,"청년고용촉진 특별법[시행2026. 9. 18.] [법률 제21477호,2026. 3. 17., 일부개정]",제12조 글로벌인재 양성사업 및 협력체계
1373,"공무직위원회 설치 및 운영에 관한 법률[시행2026. 9. 18.] [법률 제21474호,2026. 3. 17., 제정]",제6조 위원의 해촉
1374,"공무직위원회 설치 및 운영에 관한 법률[시행2026. 9. 18.] [법률 제21474호,2026. 3. 17., 제정]",제12조 관계 기관 등에 대한 협조 요청 등
1375,"청년고용촉진 특별법[시행2026. 9. 18.] [법률 제21477호,2026. 3. 17., 일부개정]",제9조 제3장 청년미취업자 등에 대한 직업능력개발훈련
1376,"청년고용촉진 특별법[시행2026. 9. 18.] [법률 제21477호,2026. 3. 17., 일부개정]",제17조의2 업무의 위탁
1377,"공무직위원회 설치 및 운영에 관한 법률[시행2026. 9. 18.] [법률 제21474호,2026. 3. 17., 제정]",제2조 정의
1378,"공무직위원회 설치 및 운영에 관한 법률[시행2026. 9. 18.] [법률 제21474호,2026. 3. 17., 제정]",제14조 존속기한
1379,"청년고용촉진 특별법[시행2026. 9. 18.] [법률 제21477호,2026. 3. 17., 일부개정]",제2조 정의
1380,"청년고용촉진 특별법[시행2026. 9. 18.] [법률 제21477호,2026. 3. 17., 일부개정]",제11조 중소기업체의 공동 직업능력개발훈련 지원
1381,"공무직위원회 설치 및 운영에 관한 법률[시행2026. 9. 18.] [법률 제21474호,2026. 3. 17., 제정]",제9조 공무직발전협의회
1382,"청년고용촉진 특별법[시행2026. 9. 18.] [법률 제21477호,2026. 3. 17., 일부개정]",제8조의2 청년에 대한 직장체험 기회 제공
1383,"청년고용촉진 특별법[시행2026. 9. 18.] [법률 제21477호,2026. 3. 17., 일부개정]",제15조 
1384,"공무직위원회 설치 및 운영에 관한 법률[시행2026. 9. 18.] [법률 제21474호,2026. 3. 17., 제정]",제4조 위원회의 구성 등
1385,"공무직위원회 설치 및 운영에 관한 법률[시행2026. 9. 18.] [법률 제21474호,2026. 3. 18., 제정]",제13조 수당 등
1386,"청년고용촉진 특별법[시행2026. 9. 18.] [법률 제21477호,2026. 3. 17., 일부개정]",제8조의3 직업지도 프로그램의 개발ㆍ운영 및 제공
1387,"청년고용촉진 특별법[시행2026. 9. 18.] [법률 제21477호,2026. 3. 18., 일부개정]",제10조 기업 또는 민간 직업훈련기관의 직업능력개발훈련 지원
1388,"청년고용촉진 특별법[시행2026. 9. 18.] [법률 제21477호,2026. 3. 19., 일부개정]",제19조 과태료
1389,"공무직위원회 설치 및 운영에 관한 법률[시행2026. 9. 18.] [법률 제21474호,2026. 3. 17., 제정]",제7조 위원장의 직무
1390,"청년고용촉진 특별법[시행2026. 9. 18.] [법률 제21477호,2026. 3. 17., 일부개정]",제6조 국민생활안정 관련 공공부문에서의 청년 미취업자 고용 확대
1391,"청년고용촉진 특별법[시행2026. 9. 18.] [법률 제21477호,2026. 3. 17., 일부개정]",제14조 제4장 정부의 행정지원체계
1392,"노동감독관 직무집행법[시행2026. 12. 8.] [법률 제21534호,2026. 4. 7., 제정]",제1조 제1장 총칙
1393,"노동감독관 직무집행법[시행2026. 12. 8.] [법률 제21534호,2026. 4. 8., 제정]",제18조 감독결과 조치
1394,"노동감독관 직무집행법[시행2026. 12. 8.] [법률 제21534호,2026. 4. 9., 제정]",제27조 사건의 송치
1395,"노동감독관 직무집행법[시행2026. 12. 8.] [법률 제21534호,2026. 4. 10., 제정]",제37조 노동감독관의 보호와 지원
1396,"노동감독관 직무집행법[시행2026. 12. 8.] [법률 제21534호,2026. 4. 11., 제정]",제10조 출석요구
1397,"노동감독관 직무집행법[시행2026. 12. 8.] [법률 제21534호,2026. 4. 12., 제정]",제19조 연례보고서 발간
1398,"노동감독관 직무집행법[시행2026. 12. 8.] [법률 제21534호,2026. 4. 13., 제정]",제28조 권한의 위임과 지방노동감독관
1399,"노동감독관 직무집행법[시행2026. 12. 8.] [법률 제21534호,2026. 4. 14., 제정]",제35조 노동감독관에 대한 교육
1400,"노동감독관 직무집행법[시행2026. 12. 8.] [법률 제21534호,2026. 4. 15., 제정]",제4조 지방자치단체의 책무
1401,"노동감독관 직무집행법[시행2026. 12. 8.] [법률 제21534호,2026. 4. 16., 제정]",제14조 비밀준수 의무
1402,"노동감독관 직무집행법[시행2026. 12. 8.] [법률 제21534호,2026. 4. 17., 제정]",제24조 제5장 사법경찰관의 직무
1403,"노동감독관 직무집행법[시행2026. 12. 8.] [법률 제21534호,2026. 4. 18., 제정]",제35조 제7장 노동감독관의 지원과 역량 강화
1404,"노동감독관 직무집행법[시행2026. 12. 8.] [법률 제21534호,2026. 4. 19., 제정]",제38조 노동정보시스템의 구축
1405,"노동감독관 직무집행법[시행2026. 12. 8.] [법률 제21534호,2026. 4. 20., 제정]",제6조 중앙노동감독관
1406,"노동감독관 직무집행법[시행2026. 12. 8.] [법률 제21534호,2026. 4. 21., 제정]",제12조 개인정보 등의 처리
1407,"노동감독관 직무집행법[시행2026. 12. 8.] [법률 제21534호,2026. 4. 22., 제정]",제23조 반복 민원의 처리
1408,"노동감독관 직무집행법[시행2026. 12. 8.] [법률 제21534호,2026. 4. 23., 제정]",제39조 자료 제공의 요청
1409,"노동감독관 직무집행법[시행2026. 12. 8.] [법률 제21534호,2026. 4. 24., 제정]",제17조 사업장 감독 종합시행계획 등의 수립
1410,"노동감독관 직무집행법[시행2026. 12. 8.] [법률 제21534호,2026. 4. 25., 제정]",제31조 징계의 요구
1411,"노동감독관 직무집행법[시행2026. 12. 8.] [법률 제21534호,2026. 4. 26., 제정]",제41조 권한의 위임
1412,"노동감독관 직무집행법[시행2026. 12. 8.] [법률 제21534호,2026. 4. 27., 제정]",제6조 제2장 중앙노동감독관의 직무와 권한 등
1413,"노동감독관 직무집행법[시행2026. 12. 8.] [법률 제21534호,2026. 4. 28., 제정]",제20조 신고사건의 제기
1414,"노동감독관 직무집행법[시행2026. 12. 8.] [법률 제21534호,2026. 4. 29., 제정]",제30조 위임사무에 대한 지도ㆍ감독 등
1415,"노동감독관 직무집행법[시행2026. 12. 8.] [법률 제21534호,2026. 4. 30., 제정]",제41조 제9장 보칙
1416,"노동감독관 직무집행법[시행2026. 12. 8.] [법률 제21534호,2026. 4. 31., 제정]",제1조 목적
1417,"노동감독관 직무집행법[시행2026. 12. 8.] [법률 제21534호,2026. 4. 32., 제정]",제16조 제3장 사업장 감독
1418,"노동감독관 직무집행법[시행2026. 12. 8.] [법률 제21534호,2026. 4. 33., 제정]",제9조 중앙노동감독관의 권한
1419,"노동감독관 직무집행법[시행2026. 12. 8.] [법률 제21534호,2026. 4. 34., 제정]",제32조 중앙ㆍ지방의 협력
1420,"노동감독관 직무집행법[시행2026. 12. 8.] [법률 제21534호,2026. 4. 35., 제정]",제40조 노동행정포털 구축ㆍ운영
1421,"노동감독관 직무집행법[시행2026. 12. 8.] [법률 제21534호,2026. 4. 36., 제정]",제5조 다른 법률과의 관계
1422,"노동감독관 직무집행법[시행2026. 12. 8.] [법률 제21534호,2026. 4. 37., 제정]",제13조 보고 의무
1423,"노동감독관 직무집행법[시행2026. 12. 8.] [법률 제21534호,2026. 4. 38., 제정]",제26조 경찰장구의 사용
1424,"노동감독관 직무집행법[시행2026. 12. 8.] [법률 제21534호,2026. 4. 39., 제정]",제36조 노동감독관 전문교육기관의 운영
1425,"노동감독관 직무집행법[시행2026. 12. 8.] [법률 제21534호,2026. 4. 40., 제정]",제2조 정의
1426,"노동감독관 직무집행법[시행2026. 12. 8.] [법률 제21534호,2026. 4. 41., 제정]",제16조 사업장 감독
1427,"노동감독관 직무집행법[시행2026. 12. 8.] [법률 제21534호,2026. 4. 42., 제정]",제25조 수사 절차
1428,"노동감독관 직무집행법[시행2026. 12. 8.] [법률 제21534호,2026. 4. 43., 제정]",제29조 지방노동감독관의 직무독립성
1429,"노동감독관 직무집행법[시행2026. 12. 8.] [법률 제21534호,2026. 4. 44., 제정]",제34조 경비의 부담
1430,"노동감독관 직무집행법[시행2026. 12. 8.] [법률 제21534호,2026. 4. 45., 제정]",제42조 벌칙
1431,"노동감독관 직무집행법[시행2026. 12. 8.] [법률 제21534호,2026. 4. 46., 제정]",제7조 중앙노동감독관의 직무
1432,"노동감독관 직무집행법[시행2026. 12. 8.] [법률 제21534호,2026. 4. 47., 제정]",제21조 신고사건의 조사
1433,"노동감독관 직무집행법[시행2026. 12. 8.] [법률 제21534호,2026. 4. 48., 제정]",제24조 사법경찰권 행사자의 제한
1434,"노동감독관 직무집행법[시행2026. 12. 8.] [법률 제21534호,2026. 4. 49., 제정]",제38조 제8장 노동정보시스템 구축ㆍ운영
1435,"노동감독관 직무집행법[시행2026. 12. 8.] [법률 제21534호,2026. 4. 50., 제정]",제8조 중앙노동감독관의 책무 등
1436,"노동감독관 직무집행법[시행2026. 12. 8.] [법률 제21534호,2026. 4. 51., 제정]",제11조 보고요구
1437,"노동감독관 직무집행법[시행2026. 12. 8.] [법률 제21534호,2026. 4. 52., 제정]",제20조 제4장 신고사건
1438,"노동감독관 직무집행법[시행2026. 12. 8.] [법률 제21534호,2026. 4. 53., 제정]",제28조 제6장 사업장 감독 권한의 위임 및 협력
1439,"노동감독관 직무집행법[시행2026. 12. 8.] [법률 제21534호,2026. 4. 54., 제정]",제43조 과태료
1440,"노동감독관 직무집행법[시행2026. 12. 8.] [법률 제21534호,2026. 4. 55., 제정]",제3조 국가의 책무
1441,"노동감독관 직무집행법[시행2026. 12. 8.] [법률 제21534호,2026. 4. 56., 제정]",제15조 「형사소송법」의 적용
1442,"노동감독관 직무집행법[시행2026. 12. 8.] [법률 제21534호,2026. 4. 57., 제정]",제22조 사건 조사결과의 처리
1443,"노동감독관 직무집행법[시행2026. 12. 8.] [법률 제21534호,2026. 4. 58., 제정]",제33조 공무원 등의 파견
1444,"노동감독관 직무집행법[시행2026. 12. 8.] [법률 제21534호,2026. 4. 59., 제정]",제42조 제10장 벌칙
1445,"장애인고용촉진 및 직업재활법 시행령[시행2027. 1. 1.] [대통령령 제36118호,2026. 2. 19., 일부개정]",제8조 
1446,"장애인고용촉진 및 직업재활법 시행령[시행2027. 1. 1.] [대통령령 제36118호,2026. 2. 20., 일부개정]",제22조의2 장애인 기능경기 대회의 개최
1447,"장애인고용촉진 및 직업재활법 시행령[시행2027. 1. 1.] [대통령령 제36118호,2026. 2. 21., 일부개정]",제29조 고용장려금의 지급제한
1448,"장애인고용촉진 및 직업재활법 시행령[시행2027. 1. 1.] [대통령령 제36118호,2026. 2. 22., 일부개정]",제46조 공매대행에 관한 세부사항
1449,"장애인고용촉진 및 직업재활법 시행령[시행2027. 1. 1.] [대통령령 제36118호,2026. 2. 23., 일부개정]",제49조 설립등기
1450,"장애인고용촉진 및 직업재활법 시행령[시행2027. 1. 1.] [대통령령 제36118호,2026. 2. 24., 일부개정]",제63조 내부규정의 승인
1451,"장애인고용촉진 및 직업재활법 시행령[시행2027. 1. 1.] [대통령령 제36118호,2026. 2. 25., 일부개정]",제76조 기금지출 한도액의 배정
1452,"장애인고용촉진 및 직업재활법 시행령[시행2027. 1. 1.] [대통령령 제36118호,2026. 2. 26., 일부개정]",제6조 
1453,"장애인고용촉진 및 직업재활법 시행령[시행2027. 1. 1.] [대통령령 제36118호,2026. 2. 27., 일부개정]",제11조 
1454,"장애인고용촉진 및 직업재활법 시행령[시행2027. 1. 1.] [대통령령 제36118호,2026. 2. 28., 일부개정]",제19조의3 작업 보조 공학기기ㆍ장비 등의 지원
1455,"장애인고용촉진 및 직업재활법 시행령[시행2027. 1. 1.] [대통령령 제36118호,2026. 2. 29., 일부개정]",제23조 장애인 공무원 채용계획 등의 제출
1456,"장애인고용촉진 및 직업재활법 시행령[시행2027. 1. 1.] [대통령령 제36118호,2026. 2. 30., 일부개정]",제34조 신고 또는 고발의 중복 시 포상금의 지급방법
1457,"장애인고용촉진 및 직업재활법 시행령[시행2027. 1. 1.] [대통령령 제36118호,2026. 2. 31., 일부개정]",제43조 공매대행의 의뢰 등
1458,"장애인고용촉진 및 직업재활법 시행령[시행2027. 1. 1.] [대통령령 제36118호,2026. 2. 32., 일부개정]",제58조 자금 차입의 승인신청
1459,"장애인고용촉진 및 직업재활법 시행령[시행2027. 1. 1.] [대통령령 제36118호,2026. 2. 33., 일부개정]",제71조 기금관리 보조요원
1460,"장애인고용촉진 및 직업재활법 시행령[시행2027. 1. 1.] [대통령령 제36118호,2026. 2. 34., 일부개정]",제81조의2 자료 제공의 요청 등
1461,"장애인고용촉진 및 직업재활법 시행령[시행2027. 1. 1.] [대통령령 제36118호,2026. 2. 35., 일부개정]",제82조의2 민감정보 및 고유식별정보의 처리
1462,"장애인고용촉진 및 직업재활법 시행령[시행2027. 1. 1.] [대통령령 제36118호,2026. 2. 36., 일부개정]",제1조 목적
1463,"장애인고용촉진 및 직업재활법 시행령[시행2027. 1. 1.] [대통령령 제36118호,2026. 2. 37., 일부개정]",제12조 
1464,"장애인고용촉진 및 직업재활법 시행령[시행2027. 1. 1.] [대통령령 제36118호,2026. 2. 38., 일부개정]",제17조 장애인 직업능력개발훈련의 촉진
1465,"장애인고용촉진 및 직업재활법 시행령[시행2027. 1. 1.] [대통령령 제36118호,2026. 2. 39., 일부개정]",제21조의5 장애인 표준사업장 생산품 구매계획 등의 제출
1466,"장애인고용촉진 및 직업재활법 시행령[시행2027. 1. 1.] [대통령령 제36118호,2026. 2. 40., 일부개정]",제28조 고용장려금의 지급
1467,"장애인고용촉진 및 직업재활법 시행령[시행2027. 1. 1.] [대통령령 제36118호,2026. 2. 41., 일부개정]",제38조 부담금의 분할 납부
1468,"장애인고용촉진 및 직업재활법 시행령[시행2027. 1. 1.] [대통령령 제36118호,2026. 2. 42., 일부개정]",제52조 변경등기
1469,"장애인고용촉진 및 직업재활법 시행령[시행2027. 1. 1.] [대통령령 제36118호,2026. 2. 43., 일부개정]",제59조 
1470,"장애인고용촉진 및 직업재활법 시행령[시행2027. 1. 1.] [대통령령 제36118호,2026. 2. 44., 일부개정]",제72조 기금계정
1471,"장애인고용촉진 및 직업재활법 시행령[시행2027. 1. 1.] [대통령령 제36118호,2026. 2. 45., 일부개정]",제82조 권한ㆍ업무의 위임ㆍ위탁
1472,"장애인고용촉진 및 직업재활법 시행령[시행2027. 1. 1.] [대통령령 제36118호,2026. 2. 46., 일부개정]",제13조 
1473,"장애인고용촉진 및 직업재활법 시행령[시행2027. 1. 1.] [대통령령 제36118호,2026. 2. 47., 일부개정]",제21조 장애인 고용 사업주 등에 대한 지원
1474,"장애인고용촉진 및 직업재활법 시행령[시행2027. 1. 1.] [대통령령 제36118호,2026. 2. 48., 일부개정]",제25조 사업주의 의무고용률
1475,"장애인고용촉진 및 직업재활법 시행령[시행2027. 1. 1.] [대통령령 제36118호,2026. 2. 49., 일부개정]",제35조 포상금의 지급시기
1476,"장애인고용촉진 및 직업재활법 시행령[시행2027. 1. 1.] [대통령령 제36118호,2026. 2. 50., 일부개정]",제38조의2 신용카드등을 이용한 부담금 등의 납부
1477,"장애인고용촉진 및 직업재활법 시행령[시행2027. 1. 1.] [대통령령 제36118호,2026. 2. 51., 일부개정]",제54조 등기기간의 기산
1478,"장애인고용촉진 및 직업재활법 시행령[시행2027. 1. 1.] [대통령령 제36118호,2026. 2. 52., 일부개정]",제67조 기금의 용도
1479,"장애인고용촉진 및 직업재활법 시행령[시행2027. 1. 1.] [대통령령 제36118호,2026. 2. 53., 일부개정]",제79조의2 장애인지원관의 지정 및 업무
1480,"장애인고용촉진 및 직업재활법 시행령[시행2027. 1. 1.] [대통령령 제36118호,2026. 2. 54., 일부개정]",제9조 
1481,"장애인고용촉진 및 직업재활법 시행령[시행2027. 1. 1.] [대통령령 제36118호,2026. 2. 55., 일부개정]",제22조 장애인고용 우수사업주의 선정 및 우대
1482,"장애인고용촉진 및 직업재활법 시행령[시행2027. 1. 1.] [대통령령 제36118호,2026. 2. 56., 일부개정]",제36조 사업주 부담금의 납부 등
1483,"장애인고용촉진 및 직업재활법 시행령[시행2027. 1. 1.] [대통령령 제36118호,2026. 2. 57., 일부개정]",제50조 분사무소의 설치등기
1484,"장애인고용촉진 및 직업재활법 시행령[시행2027. 1. 1.] [대통령령 제36118호,2026. 2. 58., 일부개정]",제60조 
1485,"장애인고용촉진 및 직업재활법 시행령[시행2027. 1. 1.] [대통령령 제36118호,2026. 2. 59., 일부개정]",제73조 기금수입금의 수납절차
1486,"장애인고용촉진 및 직업재활법 시행령[시행2027. 1. 1.] [대통령령 제36118호,2026. 2. 60., 일부개정]",제3조 장애인의 기준
1487,"장애인고용촉진 및 직업재활법 시행령[시행2027. 1. 1.] [대통령령 제36118호,2026. 2. 61., 일부개정]",제14조 
1488,"장애인고용촉진 및 직업재활법 시행령[시행2027. 1. 1.] [대통령령 제36118호,2026. 2. 62., 일부개정]",제21조의2 장애인 표준사업장의 지배기준
1489,"장애인고용촉진 및 직업재활법 시행령[시행2027. 1. 1.] [대통령령 제36118호,2026. 2. 63., 일부개정]",제26조 특정장애인의 고용비율 등
1490,"장애인고용촉진 및 직업재활법 시행령[시행2027. 1. 1.] [대통령령 제36118호,2026. 2. 64., 일부개정]",제31조 고용장려금 부정수급자에 대한 신고 등
1491,"장애인고용촉진 및 직업재활법 시행령[시행2027. 1. 1.] [대통령령 제36118호,2026. 2. 65., 일부개정]",제39조 부담금 등 과오납금의 충당과 환급
1492,"장애인고용촉진 및 직업재활법 시행령[시행2027. 1. 1.] [대통령령 제36118호,2026. 2. 66., 일부개정]",제44조 압류재산의 인도
1493,"장애인고용촉진 및 직업재활법 시행령[시행2027. 1. 1.] [대통령령 제36118호,2026. 2. 67., 일부개정]",제53조 등기신청 시의 첨부서류
1494,"장애인고용촉진 및 직업재활법 시행령[시행2027. 1. 1.] [대통령령 제36118호,2026. 2. 68., 일부개정]",제66조 정부 외의 자로부터의 출연금 등
1495,"장애인고용촉진 및 직업재활법 시행령[시행2027. 1. 1.] [대통령령 제36118호,2026. 2. 69., 일부개정]",제79조 다른 법령의 준용
1496,"장애인고용촉진 및 직업재활법 시행령[시행2027. 1. 1.] [대통령령 제36118호,2026. 2. 70., 일부개정]",제4조 중증장애인의 기준
1497,"장애인고용촉진 및 직업재활법 시행령[시행2027. 1. 1.] [대통령령 제36118호,2026. 2. 71., 일부개정]",제16조 장애인 직업적응훈련의 지원
1498,"장애인고용촉진 및 직업재활법 시행령[시행2027. 1. 1.] [대통령령 제36118호,2026. 2. 72., 일부개정]",제21조의4 장애인 표준사업장 지원기준 공개
1499,"장애인고용촉진 및 직업재활법 시행령[시행2027. 1. 1.] [대통령령 제36118호,2026. 2. 73., 일부개정]",제22조의4 국제장애인기능올림픽대회 선발기준 등
1500,"장애인고용촉진 및 직업재활법 시행령[시행2027. 1. 1.] [대통령령 제36118호,2026. 2. 74., 일부개정]",제26조의2 장애인 고용인원 산정의 특례 제외 중증장애인
1501,"장애인고용촉진 및 직업재활법 시행령[시행2027. 1. 1.] [대통령령 제36118호,2026. 2. 75., 일부개정]",제35조의2 국가와 지방자치단체 등의 장애인 고용부담금의 납부 등
1502,"장애인고용촉진 및 직업재활법 시행령[시행2027. 1. 1.] [대통령령 제36118호,2026. 2. 76., 일부개정]",제48조 분사무소의 설치승인
1503,"장애인고용촉진 및 직업재활법 시행령[시행2027. 1. 1.] [대통령령 제36118호,2026. 2. 77., 일부개정]",제61조 세입ㆍ세출결산서의 제출
1504,"장애인고용촉진 및 직업재활법 시행령[시행2027. 1. 1.] [대통령령 제36118호,2026. 2. 78., 일부개정]",제74조 기금의 지출절차
1505,"장애인고용촉진 및 직업재활법 시행령[시행2027. 1. 1.] [대통령령 제36118호,2026. 2. 79., 일부개정]",제10조 
1506,"장애인고용촉진 및 직업재활법 시행령[시행2027. 1. 1.] [대통령령 제36118호,2026. 2. 80., 일부개정]",제19조의2 출퇴근 교통비 지원
1507,"장애인고용촉진 및 직업재활법 시행령[시행2027. 1. 1.] [대통령령 제36118호,2026. 2. 81., 일부개정]",제22조의5 포상 및 상금
1508,"장애인고용촉진 및 직업재활법 시행령[시행2027. 1. 1.] [대통령령 제36118호,2026. 2. 82., 일부개정]",제33조 신고 또는 고발의 기한
1509,"장애인고용촉진 및 직업재활법 시행령[시행2027. 1. 1.] [대통령령 제36118호,2026. 2. 83., 일부개정]",제42조 체납징수금의 징수 우선순위
1510,"장애인고용촉진 및 직업재활법 시행령[시행2027. 1. 1.] [대통령령 제36118호,2026. 2. 84., 일부개정]",제55조 임원
1511,"장애인고용촉진 및 직업재활법 시행령[시행2027. 1. 1.] [대통령령 제36118호,2026. 2. 85., 일부개정]",제68조 기금 지급의 위탁
1512,"장애인고용촉진 및 직업재활법 시행령[시행2027. 1. 1.] [대통령령 제36118호,2026. 2. 86., 일부개정]",제80조 장애인직업생활상담원의 선임
1513,"장애인고용촉진 및 직업재활법 시행령[시행2027. 1. 1.] [대통령령 제36118호,2026. 2. 87., 일부개정]",제15조 장애인 직업지도의 지원
1514,"장애인고용촉진 및 직업재활법 시행령[시행2027. 1. 1.] [대통령령 제36118호,2026. 2. 88., 일부개정]",제20조의2 근로지원인 서비스 제공대상자의 선정 등
1515,"장애인고용촉진 및 직업재활법 시행령[시행2027. 1. 1.] [대통령령 제36118호,2026. 2. 89., 일부개정]",제24조 공사 실적액의 산정 등
1516,"장애인고용촉진 및 직업재활법 시행령[시행2027. 1. 1.] [대통령령 제36118호,2026. 2. 90., 일부개정]",제40조 연체금의 징수
1517,"장애인고용촉진 및 직업재활법 시행령[시행2027. 1. 1.] [대통령령 제36118호,2026. 2. 91., 일부개정]",제56조 자문위원회 및 후원회
1518,"장애인고용촉진 및 직업재활법 시행령[시행2027. 1. 1.] [대통령령 제36118호,2026. 2. 92., 일부개정]",제70조 기금 운용계획
1519,"장애인고용촉진 및 직업재활법 시행령[시행2027. 1. 1.] [대통령령 제36118호,2026. 2. 93., 일부개정]",제81조 경비의 보조
1520,"장애인고용촉진 및 직업재활법 시행령[시행2027. 1. 1.] [대통령령 제36118호,2026. 2. 94., 일부개정]",제82조의3 규제의 재검토
1521,"장애인고용촉진 및 직업재활법 시행령[시행2027. 1. 1.] [대통령령 제36118호,2026. 2. 95., 일부개정]",제2조 정의
1522,"장애인고용촉진 및 직업재활법 시행령[시행2027. 1. 1.] [대통령령 제36118호,2026. 2. 96., 일부개정]",제5조의2 직장 내 장애인 인식개선 교육
1523,"장애인고용촉진 및 직업재활법 시행령[시행2027. 1. 1.] [대통령령 제36118호,2026. 2. 97., 일부개정]",제18조 지원고용의 실시ㆍ지원
1524,"장애인고용촉진 및 직업재활법 시행령[시행2027. 1. 1.] [대통령령 제36118호,2026. 2. 98., 일부개정]",제27조 장애인 고용계획 등의 제출
1525,"장애인고용촉진 및 직업재활법 시행령[시행2027. 1. 1.] [대통령령 제36118호,2026. 2. 99., 일부개정]",제37조 부담금의 환급
1526,"장애인고용촉진 및 직업재활법 시행령[시행2027. 1. 1.] [대통령령 제36118호,2026. 2. 100., 일부개정]",제47조 부담금이나 그 밖의 징수금의 결손처분
1527,"장애인고용촉진 및 직업재활법 시행령[시행2027. 1. 1.] [대통령령 제36118호,2026. 2. 101., 일부개정]",제62조 관리기구의 설립허가 신청
1528,"장애인고용촉진 및 직업재활법 시행령[시행2027. 1. 1.] [대통령령 제36118호,2026. 2. 102., 일부개정]",제75조 기금의 지출원인행위 한도액 배정
1529,"장애인고용촉진 및 직업재활법 시행령[시행2027. 1. 1.] [대통령령 제36118호,2026. 2. 103., 일부개정]",제83조 과태료의 부과기준
1530,"장애인고용촉진 및 직업재활법 시행령[시행2027. 1. 1.] [대통령령 제36118호,2026. 2. 104., 일부개정]",제7조 
1531,"장애인고용촉진 및 직업재활법 시행령[시행2027. 1. 1.] [대통령령 제36118호,2026. 2. 105., 일부개정]",제19조 취업알선의 지원
1532,"장애인고용촉진 및 직업재활법 시행령[시행2027. 1. 1.] [대통령령 제36118호,2026. 2. 106., 일부개정]",제22조의3 대회 참가 자격 및 참가 신청
1533,"장애인고용촉진 및 직업재활법 시행령[시행2027. 1. 1.] [대통령령 제36118호,2026. 2. 107., 일부개정]",제32조 포상금의 지급기준
1534,"장애인고용촉진 및 직업재활법 시행령[시행2027. 1. 1.] [대통령령 제36118호,2026. 2. 108., 일부개정]",제41조 가산금 및 연체금 징수의 예외
1535,"장애인고용촉진 및 직업재활법 시행령[시행2027. 1. 1.] [대통령령 제36118호,2026. 2. 109., 일부개정]",제57조 중요한 재산의 처분 등
1536,"장애인고용촉진 및 직업재활법 시행령[시행2027. 1. 1.] [대통령령 제36118호,2026. 2. 110., 일부개정]",제65조 정부의 출연금
1537,"장애인고용촉진 및 직업재활법 시행령[시행2027. 1. 1.] [대통령령 제36118호,2026. 2. 111., 일부개정]",제69조 기금의 운용ㆍ관리
1538,"장애인고용촉진 및 직업재활법 시행령[시행2027. 1. 1.] [대통령령 제36118호,2026. 2. 112., 일부개정]",제77조 기금 운용상황의 보고
1539,"장애인고용촉진 및 직업재활법 시행령[시행2027. 1. 1.] [대통령령 제36118호,2026. 2. 113., 일부개정]",제5조 적용제외 근로자
1540,"장애인고용촉진 및 직업재활법 시행령[시행2027. 1. 1.] [대통령령 제36118호,2026. 2. 114., 일부개정]",제20조 취업 후의 적응지도 지원
1541,"장애인고용촉진 및 직업재활법 시행령[시행2027. 1. 1.] [대통령령 제36118호,2026. 2. 115., 일부개정]",제21조의3 
1542,"장애인고용촉진 및 직업재활법 시행령[시행2027. 1. 1.] [대통령령 제36118호,2026. 2. 116., 일부개정]",제30조 부정 수급금이나 그 밖의 징수금의 반환명령 등
1543,"장애인고용촉진 및 직업재활법 시행령[시행2027. 1. 1.] [대통령령 제36118호,2026. 2. 117., 일부개정]",제45조 공매대행의 해제 요구
1544,"장애인고용촉진 및 직업재활법 시행령[시행2027. 1. 1.] [대통령령 제36118호,2026. 2. 118., 일부개정]",제51조 이전등기
1545,"장애인고용촉진 및 직업재활법 시행령[시행2027. 1. 1.] [대통령령 제36118호,2026. 2. 119., 일부개정]",제64조 업무의 감독
1546,"장애인고용촉진 및 직업재활법 시행령[시행2027. 1. 1.] [대통령령 제36118호,2026. 2. 120., 일부개정]",제78조 기금 결산보고
1547,"고용보험ㆍ산업재해보상보험의 보험관계 성립신고 등의 촉진을 위한 특별조치법[시행2009. 1. 7.] [법률 제9336호,2009. 1. 7., 제정]",제8조 다른 법률에 따른 징수 면제와의 조정
1548,"고용보험ㆍ산업재해보상보험의 보험관계 성립신고 등의 촉진을 위한 특별조치법[시행2009. 1. 7.] [법률 제9336호,2009. 1. 8., 제정]",제5조 보험관계 성립신고 등
1549,"고용보험ㆍ산업재해보상보험의 보험관계 성립신고 등의 촉진을 위한 특별조치법[시행2009. 1. 7.] [법률 제9336호,2009. 1. 9., 제정]",제3조 상시 사용하는 근로자 수의 산정 등
1550,"고용보험ㆍ산업재해보상보험의 보험관계 성립신고 등의 촉진을 위한 특별조치법[시행2009. 1. 7.] [법률 제9336호,2009. 1. 10., 제정]",제4조 특별신고기간
1551,"고용보험ㆍ산업재해보상보험의 보험관계 성립신고 등의 촉진을 위한 특별조치법[시행2009. 1. 7.] [법률 제9336호,2009. 1. 11., 제정]",제6조 보험료등의 징수 면제에 따른 지원의 제한 등
1552,"고용보험ㆍ산업재해보상보험의 보험관계 성립신고 등의 촉진을 위한 특별조치법[시행2009. 1. 7.] [법률 제9336호,2009. 1. 12., 제정]",제2조 적용범위
1553,"고용보험ㆍ산업재해보상보험의 보험관계 성립신고 등의 촉진을 위한 특별조치법[시행2009. 1. 7.] [법률 제9336호,2009. 1. 13., 제정]",제9조 불성실 신고에 대한 징수 면제의 배제
1554,"고용보험ㆍ산업재해보상보험의 보험관계 성립신고 등의 촉진을 위한 특별조치법[시행2009. 1. 7.] [법률 제9336호,2009. 1. 14., 제정]",제1조 목적
1555,"고용보험ㆍ산업재해보상보험의 보험관계 성립신고 등의 촉진을 위한 특별조치법[시행2009. 1. 7.] [법률 제9336호,2009. 1. 15., 제정]",제7조 보험료의 신고ㆍ납부에 대한 특례
1556,"구직자 취업촉진 및 생활안정지원에 관한 법률[시행2024. 2. 9.] [법률 제19610호,2023. 8. 8., 일부개정]",제7조 구직촉진수당의 수급 요건
1557,"구직자 취업촉진 및 생활안정지원에 관한 법률[시행2024. 2. 9.] [법률 제19610호,2023. 8. 9., 일부개정]",제18조 제4장 구직촉진수당의 지원 등
1558,"구직자 취업촉진 및 생활안정지원에 관한 법률[시행2024. 2. 9.] [법률 제19610호,2023. 8. 10., 일부개정]",제28조 반환명령 등
1559,"구직자 취업촉진 및 생활안정지원에 관한 법률[시행2024. 2. 9.] [법률 제19610호,2023. 8. 11., 일부개정]",제37조 비밀 유지의 의무
1560,"구직자 취업촉진 및 생활안정지원에 관한 법률 시행령[시행2024. 2. 9.] [대통령령 제34195호,2024. 2. 6., 일부개정]",제5조 구직촉진수당 수급자격의 인정 제한 대상
1561,"구직자 취업촉진 및 생활안정지원에 관한 법률 시행령[시행2024. 2. 9.] [대통령령 제34195호,2024. 2. 7., 일부개정]",제8조 취업지원ㆍ구직활동지원 프로그램의 이행
1562,"구직자 취업촉진 및 생활안정지원에 관한 법률 시행령[시행2024. 2. 9.] [대통령령 제34195호,2024. 2. 8., 일부개정]",제12조의2 구직촉진수당등의 충당
1563,"구직자 취업촉진 및 생활안정지원에 관한 법률 시행규칙[시행2024. 2. 13.] [고용노동부령 제410호,2024. 2. 13., 일부개정]",제3조 취업 기간의 산정방법
1564,"구직자 취업촉진 및 생활안정지원에 관한 법률 시행규칙[시행2024. 2. 13.] [고용노동부령 제410호,2024. 2. 14., 일부개정]",제19조 반환명령에 따른 추가징수
1565,"구직자 취업촉진 및 생활안정지원에 관한 법률[시행2024. 2. 9.] [법률 제19610호,2023. 8. 8., 일부개정]",제4조 수급자격자의 권리와 책임
1566,"구직자 취업촉진 및 생활안정지원에 관한 법률[시행2024. 2. 9.] [법률 제19610호,2023. 8. 9., 일부개정]",제15조 취업지원서비스기간 및 사후관리
1567,"구직자 취업촉진 및 생활안정지원에 관한 법률[시행2024. 2. 9.] [법률 제19610호,2023. 8. 10., 일부개정]",제34조의2 과세정보 제공 요청
1568,"구직자 취업촉진 및 생활안정지원에 관한 법률 시행령[시행2024. 2. 9.] [대통령령 제34195호,2024. 2. 6., 일부개정]",제1조 목적
1569,"채용절차의 공정화에 관한 법률[시행2020. 5. 26.] [법률 제17326호,2020. 5. 26., 타법개정]",제4조의3 출신지역 등 개인정보 요구 금지
1570,"채용절차의 공정화에 관한 법률[시행2020. 5. 26.] [법률 제17326호,2020. 5. 27., 타법개정]",제14조 보고 및 조사
1571,"최저임금법[시행2020. 5. 26.] [법률 제17326호,2020. 5. 26., 타법개정]",제1조 목적
1572,"최저임금법[시행2020. 5. 26.] [법률 제17326호,2020. 5. 27., 타법개정]",제8조 최저임금의 결정
1573,"최저임금법[시행2020. 5. 26.] [법률 제17326호,2020. 5. 28., 타법개정]",제14조 위원회의 구성 등
1574,"최저임금법[시행2020. 5. 26.] [법률 제17326호,2020. 5. 29., 타법개정]",제26조 근로감독관의 권한
1575,"채용절차의 공정화에 관한 법률[시행2020. 5. 26.] [법률 제17326호,2020. 5. 26., 타법개정]",제2조 정의
1576,"채용절차의 공정화에 관한 법률[시행2020. 5. 26.] [법률 제17326호,2020. 5. 26., 타법개정]",제16조 벌칙
1577,"최저임금법[시행2020. 5. 26.] [법률 제17326호,2020. 5. 26., 타법개정]",제4조 최저임금의 결정기준과 구분
1578,"최저임금법[시행2020. 5. 26.] [법률 제17326호,2020. 5. 26., 타법개정]",제13조 위원회의 기능
1579,"최저임금법[시행2020. 5. 26.] [법률 제17326호,2020. 5. 26., 타법개정]",제25조 보고
1580,"최저임금법[시행2020. 5. 26.] [법률 제17326호,2020. 5. 26., 타법개정]",제27조 
1581,"채용절차의 공정화에 관한 법률[시행2020. 5. 26.] [법률 제17326호,2020. 5. 26., 타법개정]",제8조 채용일정 및 채용과정의 고지
1582,"최저임금법[시행2020. 5. 26.] [법률 제17326호,2020. 5. 26., 타법개정]",제3조 적용 범위
1583,"최저임금법[시행2020. 5. 26.] [법률 제17326호,2020. 5. 26., 타법개정]",제12조 제4장 최저임금위원회
1584,"최저임금법[시행2020. 5. 26.] [법률 제17326호,2020. 5. 26., 타법개정]",제23조 제5장 보칙
1585,"채용절차의 공정화에 관한 법률[시행2020. 5. 26.] [법률 제17326호,2020. 5. 26., 타법개정]",제1조 목적
1586,"채용절차의 공정화에 관한 법률[시행2020. 5. 26.] [법률 제17326호,2020. 5. 26., 타법개정]",제11조 채용서류의 반환 등
1587,"최저임금법[시행2020. 5. 26.] [법률 제17326호,2020. 5. 26., 타법개정]",제5조의2 최저임금의 적용을 위한 임금의 환산
1588,"최저임금법[시행2020. 5. 26.] [법률 제17326호,2020. 5. 26., 타법개정]",제15조 위원장과 부위원장
1589,"채용절차의 공정화에 관한 법률[시행2020. 5. 26.] [법률 제17326호,2020. 5. 26., 타법개정]",제6조 채용서류의 거짓 작성 금지
1590,"채용절차의 공정화에 관한 법률[시행2020. 5. 26.] [법률 제17326호,2020. 5. 26., 타법개정]",제17조 과태료
1591,"최저임금법[시행2020. 5. 26.] [법률 제17326호,2020. 5. 26., 타법개정]",제6조의2 최저임금 산입을 위한 취업규칙 변경절차의 특례
1592,"최저임금법[시행2020. 5. 26.] [법률 제17326호,2020. 5. 26., 타법개정]",제17조 회의
1593,"최저임금법[시행2020. 5. 26.] [법률 제17326호,2020. 5. 26., 타법개정]",제28조 제6장 벌칙
1594,"최저임금법[시행2020. 5. 26.] [법률 제17326호,2020. 5. 26., 타법개정]",제4조 제2장 최저임금
1595,"최저임금법[시행2020. 5. 26.] [법률 제17326호,2020. 5. 26., 타법개정]",제12조 최저임금위원회의 설치
1596,"최저임금법[시행2020. 5. 26.] [법률 제17326호,2020. 5. 26., 타법개정]",제24조 정부의 지원
1597,"채용절차의 공정화에 관한 법률[시행2020. 5. 26.] [법률 제17326호,2020. 5. 26., 타법개정]",제10조 채용 여부의 고지
1598,"최저임금법[시행2020. 5. 26.] [법률 제17326호,2020. 5. 26., 타법개정]",제1조 제1장 총칙
1599,"최저임금법[시행2020. 5. 26.] [법률 제17326호,2020. 5. 26., 타법개정]",제16조 특별위원
1600,"최저임금법[시행2020. 5. 26.] [법률 제17326호,2020. 5. 26., 타법개정]",제26조의2 권한의 위임
1601,"채용절차의 공정화에 관한 법률[시행2020. 5. 26.] [법률 제17326호,2020. 5. 26., 타법개정]",제7조 전자우편 등을 통한 채용서류의 접수
1602,"채용절차의 공정화에 관한 법률[시행2020. 5. 26.] [법률 제17326호,2020. 5. 26., 타법개정]",제12조 채용심사비용 등에 관한 시정명령
1603,"최저임금법[시행2020. 5. 26.] [법률 제17326호,2020. 5. 26., 타법개정]",제6조 최저임금의 효력
1604,"최저임금법[시행2020. 5. 26.] [법률 제17326호,2020. 5. 26., 타법개정]",제9조 최저임금안에 대한 이의 제기
1605,"최저임금법[시행2020. 5. 26.] [법률 제17326호,2020. 5. 26., 타법개정]",제20조 사무국
1606,"최저임금법[시행2020. 5. 26.] [법률 제17326호,2020. 5. 26., 타법개정]",제30조 양벌규정
1607,"채용절차의 공정화에 관한 법률[시행2020. 5. 26.] [법률 제17326호,2020. 5. 26., 타법개정]",제3조 적용범위
1608,"채용절차의 공정화에 관한 법률[시행2020. 5. 26.] [법률 제17326호,2020. 5. 26., 타법개정]",제13조 입증자료ㆍ심층심사자료의 제출 제한
1609,"최저임금법[시행2020. 5. 26.] [법률 제17326호,2020. 5. 26., 타법개정]",제2조 정의
1610,"최저임금법[시행2020. 5. 26.] [법률 제17326호,2020. 5. 26., 타법개정]",제10조 최저임금의 고시와 효력발생
1611,"최저임금법[시행2020. 5. 26.] [법률 제17326호,2020. 5. 26., 타법개정]",제22조 운영규칙
1612,"최저임금법[시행2020. 5. 26.] [법률 제17326호,2020. 5. 26., 타법개정]",제31조 과태료
1613,"채용절차의 공정화에 관한 법률[시행2020. 5. 26.] [법률 제17326호,2020. 5. 26., 타법개정]",제9조 채용심사비용의 부담금지
1614,"최저임금법[시행2020. 5. 26.] [법률 제17326호,2020. 5. 26., 타법개정]",제8조 제3장 최저임금의 결정
1615,"최저임금법[시행2020. 5. 26.] [법률 제17326호,2020. 5. 26., 타법개정]",제19조 전문위원회
1616,"최저임금법[시행2020. 5. 26.] [법률 제17326호,2020. 5. 26., 타법개정]",제23조 생계비 및 임금실태 등의 조사
1617,"채용절차의 공정화에 관한 법률[시행2020. 5. 26.] [법률 제17326호,2020. 5. 26., 타법개정]",제4조의2 채용강요 등의 금지
1618,"채용절차의 공정화에 관한 법률[시행2020. 5. 26.] [법률 제17326호,2020. 5. 26., 타법개정]",제15조 권한의 위임
1619,"최저임금법[시행2020. 5. 26.] [법률 제17326호,2020. 5. 26., 타법개정]",제7조 최저임금의 적용 제외
1620,"최저임금법[시행2020. 5. 26.] [법률 제17326호,2020. 5. 26., 타법개정]",제18조 의견 청취
1621,"최저임금법[시행2020. 5. 26.] [법률 제17326호,2020. 5. 26., 타법개정]",제28조 벌칙
1622,"채용절차의 공정화에 관한 법률[시행2020. 5. 26.] [법률 제17326호,2020. 5. 26., 타법개정]",제4조 거짓 채용광고 등의 금지
1623,"채용절차의 공정화에 관한 법률[시행2020. 5. 26.] [법률 제17326호,2020. 5. 26., 타법개정]",제5조 기초심사자료 표준양식의 사용 권장
1624,"최저임금법[시행2020. 5. 26.] [법률 제17326호,2020. 5. 26., 타법개정]",제5조 최저임금액
1625,"최저임금법[시행2020. 5. 26.] [법률 제17326호,2020. 5. 27., 타법개정]",제11조 주지 의무
1626,"최저임금법[시행2020. 5. 26.] [법률 제17326호,2020. 5. 28., 타법개정]",제21조 위원의 수당 등
1627,"최저임금법[시행2020. 5. 26.] [법률 제17326호,2020. 5. 29., 타법개정]",제29조 
1628,"산업현장 일학습병행 지원에 관한 법률 시행규칙[시행2020. 8. 28.] [고용노동부령 제291호,2020. 8. 28., 제정]",제9조 일학습병행자격증의 발급 신청 등
1629,"산업현장 일학습병행 지원에 관한 법률 시행규칙[시행2020. 8. 28.] [고용노동부령 제291호,2020. 8. 29., 제정]",제6조 일학습병행 공동훈련센터 지정 취소 등의 세부 기준
1630,"산업현장 일학습병행 지원에 관한 법률 시행규칙[시행2020. 8. 28.] [고용노동부령 제291호,2020. 8. 30., 제정]",제8조 이수증명서 등의 발급
1631,"산업현장 일학습병행 지원에 관한 법률 시행규칙[시행2020. 8. 28.] [고용노동부령 제291호,2020. 8. 31., 제정]",제11조 일학습병행에 대한 지원금 반환 명령 및 추가징수 통지서
1632,"산업현장 일학습병행 지원에 관한 법률 시행규칙[시행2020. 8. 28.] [고용노동부령 제291호,2020. 8. 32., 제정]",제1조 목적
1633,"산업현장 일학습병행 지원에 관한 법률 시행규칙[시행2020. 8. 28.] [고용노동부령 제291호,2020. 8. 33., 제정]",제12조 서류의 보존
1634,"산업현장 일학습병행 지원에 관한 법률 시행규칙[시행2020. 8. 28.] [고용노동부령 제291호,2020. 8. 34., 제정]",제4조 학습기업 지정 취소 등의 세부 기준
1635,"산업현장 일학습병행 지원에 관한 법률 시행규칙[시행2020. 8. 28.] [고용노동부령 제291호,2020. 8. 35., 제정]",제5조 일학습병행과정 인정 취소 등의 세부 기준
1636,"산업현장 일학습병행 지원에 관한 법률 시행규칙[시행2020. 8. 28.] [고용노동부령 제291호,2020. 8. 36., 제정]",제13조 수수료
1637,"산업현장 일학습병행 지원에 관한 법률 시행규칙[시행2020. 8. 28.] [고용노동부령 제291호,2020. 8. 37., 제정]",제2조 시범사업의 실시
1638,"산업현장 일학습병행 지원에 관한 법률 시행규칙[시행2020. 8. 28.] [고용노동부령 제291호,2020. 8. 38., 제정]",제7조 일학습병행 기간의 단축 또는 연장
1639,"산업현장 일학습병행 지원에 관한 법률 시행규칙[시행2020. 8. 28.] [고용노동부령 제291호,2020. 8. 39., 제정]",제10조 일학습병행자격증의 관리·반납
1640,"산업현장 일학습병행 지원에 관한 법률 시행규칙[시행2020. 8. 28.] [고용노동부령 제291호,2020. 8. 40., 제정]",제3조 학습기업의 지정 신청
1641,"기간제 및 단시간근로자 보호 등에 관한 법률 시행규칙[시행2007. 7. 1.] [노동부령 제277호,2007. 6. 29., 제정]",제1조 목적
1642,"기간제 및 단시간근로자 보호 등에 관한 법률 시행규칙[시행2007. 7. 1.] [노동부령 제277호,2007. 6. 30., 제정]",제2조 과태료의 징수절차
1643,"숙련기술장려법 시행령[시행2021. 4. 1.] [대통령령 제31585호,2021. 3. 30., 일부개정]",제33조 업무의 위탁
1644,"숙련기술장려법 시행령[시행2021. 4. 1.] [대통령령 제31585호,2021. 3. 31., 일부개정]",제9조 우수 숙련기술자의 선정 및 우대
1645,"숙련기술장려법 시행령[시행2021. 4. 1.] [대통령령 제31585호,2021. 3. 32., 일부개정]",제20조의2 숙련기술 장려 활동 평가
1646,"숙련기술장려법 시행령[시행2021. 4. 1.] [대통령령 제31585호,2021. 3. 33., 일부개정]",제31조 민간기능경기대회 개최 비용 지원절차
1647,"기간제 및 단시간근로자 보호 등에 관한 법률 시행령[시행2021. 4. 8.] [대통령령 제31611호,2021. 4. 6., 타법개정]",제2조 적용 범위
1648,"숙련기술장려법 시행령[시행2021. 4. 1.] [대통령령 제31585호,2021. 3. 30., 일부개정]",제18조 계속종사장려금의 지급대상
1649,"숙련기술장려법 시행령[시행2021. 4. 1.] [대통령령 제31585호,2021. 3. 31., 일부개정]",제27조 참가자격 및 신청서 제출
1650,"기간제 및 단시간근로자 보호 등에 관한 법률 시행령[시행2021. 4. 8.] [대통령령 제31611호,2021. 4. 6., 타법개정]",제3조 기간제근로자 사용기간 제한의 예외
1651,"숙련기술장려법 시행령[시행2021. 4. 1.] [대통령령 제31585호,2021. 3. 30., 일부개정]",제35조 과태료의 부과기준
1652,"숙련기술장려법 시행령[시행2021. 4. 1.] [대통령령 제31585호,2021. 3. 31., 일부개정]",제11조 대한민국명장의 선정절차
1653,"숙련기술장려법 시행령[시행2021. 4. 1.] [대통령령 제31585호,2021. 3. 32., 일부개정]",제23조 민간 숙련기술자단체의 지원내용 등
1654,"기간제 및 단시간근로자 보호 등에 관한 법률 시행령[시행2021. 4. 8.] [대통령령 제31611호,2021. 4. 6., 타법개정]",제5조의2 고유식별정보의 처리
1655,"숙련기술장려법 시행령[시행2021. 4. 1.] [대통령령 제31585호,2021. 3. 30., 일부개정]",제34조 고유식별정보의 처리
1656,"숙련기술장려법 시행령[시행2021. 4. 1.] [대통령령 제31585호,2021. 3. 31., 일부개정]",제17조 전수지원금의 지급 중지
1657,"숙련기술장려법 시행령[시행2021. 4. 1.] [대통령령 제31585호,2021. 3. 32., 일부개정]",제29조 국제기능올림픽대회 한국위원회
1658,"기간제 및 단시간근로자 보호 등에 관한 법률 시행령[시행2021. 4. 8.] [대통령령 제31611호,2021. 4. 6., 타법개정]",제4조 전문위원의 수 및 자격 등
1659,"숙련기술장려법 시행령[시행2021. 4. 1.] [대통령령 제31585호,2021. 3. 30., 일부개정]",제1조 목적
1660,"숙련기술장려법 시행령[시행2021. 4. 1.] [대통령령 제31585호,2021. 3. 31., 일부개정]",제13조 대한민국명장의 선정 취소 등
1661,"숙련기술장려법 시행령[시행2021. 4. 1.] [대통령령 제31585호,2021. 3. 32., 일부개정]",제25조 제3장 기능경기대회 개최 등
1662,"숙련기술장려법 시행령[시행2021. 4. 1.] [대통령령 제31585호,2021. 3. 33., 일부개정]",제4조 적립금운용심의회의 설치
1663,"숙련기술장려법 시행령[시행2021. 4. 1.] [대통령령 제31585호,2021. 3. 34., 일부개정]",제12조 대한민국명장에 대한 우대 및 품위유지
1664,"숙련기술장려법 시행령[시행2021. 4. 1.] [대통령령 제31585호,2021. 3. 35., 일부개정]",제24조 부정행위에 따른 지원금 등의 지급 제한
1665,"기간제 및 단시간근로자 보호 등에 관한 법률 시행령[시행2021. 4. 8.] [대통령령 제31611호,2021. 4. 6., 타법개정]",제5조 권한의 위임
1666,"숙련기술장려법 시행령[시행2021. 4. 1.] [대통령령 제31585호,2021. 3. 30., 일부개정]",제2조 적립금의 재원
1667,"숙련기술장려법 시행령[시행2021. 4. 1.] [대통령령 제31585호,2021. 3. 31., 일부개정]",제14조 숙련기술 전수 선정 분야
1668,"숙련기술장려법 시행령[시행2021. 4. 1.] [대통령령 제31585호,2021. 3. 32., 일부개정]",제22조 
1669,"숙련기술장려법 시행령[시행2021. 4. 1.] [대통령령 제31585호,2021. 3. 33., 일부개정]",제33조 제4장 보칙
1670,"기간제 및 단시간근로자 보호 등에 관한 법률 시행령[시행2021. 4. 8.] [대통령령 제31611호,2021. 4. 6., 타법개정]",제1조 목적
1671,"숙련기술장려법 시행령[시행2021. 4. 1.] [대통령령 제31585호,2021. 3. 30., 일부개정]",제7조 적립금의 결산보고
1672,"숙련기술장려법 시행령[시행2021. 4. 1.] [대통령령 제31585호,2021. 3. 31., 일부개정]",제9조 제2장 숙련기술 장려를 위한 지원
1673,"숙련기술장려법 시행령[시행2021. 4. 1.] [대통령령 제31585호,2021. 3. 32., 일부개정]",제17조의2 이달의 기능한국인 선정 및 지원
1674,"숙련기술장려법 시행령[시행2021. 4. 1.] [대통령령 제31585호,2021. 3. 33., 일부개정]",제28조 대회 참가 장려
1675,"숙련기술장려법 시행령[시행2021. 4. 1.] [대통령령 제31585호,2021. 3. 34., 일부개정]",제6조 적립금의 용도
1676,"숙련기술장려법 시행령[시행2021. 4. 1.] [대통령령 제31585호,2021. 3. 35., 일부개정]",제10조 대한민국명장의 선정 직종
1677,"숙련기술장려법 시행령[시행2021. 4. 1.] [대통령령 제31585호,2021. 3. 36., 일부개정]",제21조 대한민국명장심사위원회의 설치ㆍ운영
1678,"숙련기술장려법 시행령[시행2021. 4. 1.] [대통령령 제31585호,2021. 3. 37., 일부개정]",제32조 부정행위에 따른 상금 등의 지급 제한
1679,"숙련기술장려법 시행령[시행2021. 4. 1.] [대통령령 제31585호,2021. 3. 38., 일부개정]",제1조 제1장 총칙
1680,"숙련기술장려법 시행령[시행2021. 4. 1.] [대통령령 제31585호,2021. 3. 39., 일부개정]",제5조 적립금의 운용방법
1681,"숙련기술장려법 시행령[시행2021. 4. 1.] [대통령령 제31585호,2021. 3. 40., 일부개정]",제16조 전수지원금의 지급
1682,"숙련기술장려법 시행령[시행2021. 4. 1.] [대통령령 제31585호,2021. 3. 41., 일부개정]",제20조 숙련기술 장려 모범사업체의 선정 및 우대
1683,"숙련기술장려법 시행령[시행2021. 4. 1.] [대통령령 제31585호,2021. 3. 42., 일부개정]",제26조 기능경기위원회 등
1684,"숙련기술장려법 시행령[시행2021. 4. 1.] [대통령령 제31585호,2021. 3. 43., 일부개정]",제3조 적립금의 관리ㆍ운용
1685,"숙련기술장려법 시행령[시행2021. 4. 1.] [대통령령 제31585호,2021. 3. 44., 일부개정]",제15조 숙련기술전수대상자의 선정
1686,"숙련기술장려법 시행령[시행2021. 4. 1.] [대통령령 제31585호,2021. 3. 45., 일부개정]",제25조 국내기능경기대회의 개최
1687,"기간제 및 단시간근로자 보호 등에 관한 법률 시행령[시행2021. 4. 8.] [대통령령 제31611호,2021. 4. 6., 타법개정]",제6조 과태료의 부과기준
1688,"숙련기술장려법 시행령[시행2021. 4. 1.] [대통령령 제31585호,2021. 3. 30., 일부개정]",제8조 적립금의 운용세칙
1689,"숙련기술장려법 시행령[시행2021. 4. 1.] [대통령령 제31585호,2021. 3. 31., 일부개정]",제19조 계속종사장려금의 지급신청
1690,"숙련기술장려법 시행령[시행2021. 4. 1.] [대통령령 제31585호,2021. 3. 32., 일부개정]",제30조 포상 수여 및 상금 지급
1691,"기간제 및 단시간근로자 보호 등에 관한 법률[시행2021. 5. 18.] [법률 제18177호,2021. 5. 18., 일부개정]",제1조 목적
1692,"기간제 및 단시간근로자 보호 등에 관한 법률[시행2021. 5. 18.] [법률 제18177호,2021. 5. 19., 일부개정]",제3조 적용범위
1693,"기간제 및 단시간근로자 보호 등에 관한 법률[시행2021. 5. 18.] [법률 제18177호,2021. 5. 20., 일부개정]",제14조 시정명령 등의 확정
1694,"기간제 및 단시간근로자 보호 등에 관한 법률[시행2021. 5. 18.] [법률 제18177호,2021. 5. 21., 일부개정]",제19조 권한의 위임
1695,"기간제 및 단시간근로자 보호 등에 관한 법률[시행2021. 5. 18.] [법률 제18177호,2021. 5. 22., 일부개정]",제22조 벌칙
1696,"기간제 및 단시간근로자 보호 등에 관한 법률[시행2021. 5. 18.] [법률 제18177호,2021. 5. 23., 일부개정]",제4조 기간제근로자의 사용
1697,"기간제 및 단시간근로자 보호 등에 관한 법률[시행2021. 5. 18.] [법률 제18177호,2021. 5. 24., 일부개정]",제15조 시정명령 이행상황의 제출요구 등
1698,"기간제 및 단시간근로자 보호 등에 관한 법률[시행2021. 5. 18.] [법률 제18177호,2021. 5. 25., 일부개정]",제6조 단시간근로자의 초과근로 제한
1699,"기간제 및 단시간근로자 보호 등에 관한 법률[시행2021. 5. 18.] [법률 제18177호,2021. 5. 26., 일부개정]",제15조의3 확정된 시정명령의 효력 확대
1700,"기간제 및 단시간근로자 보호 등에 관한 법률[시행2021. 5. 18.] [법률 제18177호,2021. 5. 27., 일부개정]",제16조 불리한 처우의 금지
1701,"기간제 및 단시간근로자 보호 등에 관한 법률[시행2021. 5. 18.] [법률 제18177호,2021. 5. 28., 일부개정]",제6조 제3장 단시간근로자
1702,"기간제 및 단시간근로자 보호 등에 관한 법률[시행2021. 5. 18.] [법률 제18177호,2021. 5. 29., 일부개정]",제10조 조사ㆍ심문 등
1703,"기간제 및 단시간근로자 보호 등에 관한 법률[시행2021. 5. 18.] [법률 제18177호,2021. 5. 30., 일부개정]",제20조 취업촉진을 위한 국가 등의 노력
1704,"기간제 및 단시간근로자 보호 등에 관한 법률[시행2021. 5. 18.] [법률 제18177호,2021. 5. 31., 일부개정]",제7조 통상근로자로의 전환 등
1705,"기간제 및 단시간근로자 보호 등에 관한 법률[시행2021. 5. 18.] [법률 제18177호,2021. 5. 32., 일부개정]",제8조 제4장 차별적 처우의 금지 및 시정
1706,"기간제 및 단시간근로자 보호 등에 관한 법률[시행2021. 5. 18.] [법률 제18177호,2021. 5. 33., 일부개정]",제24조 과태료
1707,"기간제 및 단시간근로자 보호 등에 관한 법률[시행2021. 5. 18.] [법률 제18177호,2021. 5. 34., 일부개정]",제9조 차별적 처우의 시정신청
1708,"기간제 및 단시간근로자 보호 등에 관한 법률[시행2021. 5. 18.] [법률 제18177호,2021. 5. 35., 일부개정]",제18조 감독기관에 대한 통지
1709,"기간제 및 단시간근로자 보호 등에 관한 법률[시행2021. 5. 18.] [법률 제18177호,2021. 5. 36., 일부개정]",제4조 제2장 기간제근로자
1710,"기간제 및 단시간근로자 보호 등에 관한 법률[시행2021. 5. 18.] [법률 제18177호,2021. 5. 37., 일부개정]",제11조 조정ㆍ중재
1711,"기간제 및 단시간근로자 보호 등에 관한 법률[시행2021. 5. 18.] [법률 제18177호,2021. 5. 38., 일부개정]",제13조 조정ㆍ중재 또는 시정명령의 내용
1712,"기간제 및 단시간근로자 보호 등에 관한 법률[시행2021. 5. 18.] [법률 제18177호,2021. 5. 39., 일부개정]",제8조 차별적 처우의 금지
1713,"기간제 및 단시간근로자 보호 등에 관한 법률[시행2021. 5. 18.] [법률 제18177호,2021. 5. 40., 일부개정]",제17조 근로조건의 서면명시
1714,"기간제 및 단시간근로자 보호 등에 관한 법률[시행2021. 5. 18.] [법률 제18177호,2021. 5. 41., 일부개정]",제1조 제1장 총칙
1715,"기간제 및 단시간근로자 보호 등에 관한 법률[시행2021. 5. 18.] [법률 제18177호,2021. 5. 42., 일부개정]",제12조 시정명령 등
1716,"기간제 및 단시간근로자 보호 등에 관한 법률[시행2021. 5. 18.] [법률 제18177호,2021. 5. 43., 일부개정]",제21조 벌칙
1717,"기간제 및 단시간근로자 보호 등에 관한 법률[시행2021. 5. 18.] [법률 제18177호,2021. 5. 44., 일부개정]",제2조 정의
1718,"기간제 및 단시간근로자 보호 등에 관한 법률[시행2021. 5. 18.] [법률 제18177호,2021. 5. 45., 일부개정]",제21조 제6장 벌칙
1719,"기간제 및 단시간근로자 보호 등에 관한 법률[시행2021. 5. 18.] [법률 제18177호,2021. 5. 46., 일부개정]",제5조 기간의 정함이 없는 근로자로의 전환
1720,"기간제 및 단시간근로자 보호 등에 관한 법률[시행2021. 5. 18.] [법률 제18177호,2021. 5. 47., 일부개정]",제15조의2 고용노동부장관의 차별적 처우 시정요구 등
1721,"기간제 및 단시간근로자 보호 등에 관한 법률[시행2021. 5. 18.] [법률 제18177호,2021. 5. 48., 일부개정]",제23조 양벌규정
1722,"기간제 및 단시간근로자 보호 등에 관한 법률[시행2021. 5. 18.] [법률 제18177호,2021. 5. 49., 일부개정]",제16조 제5장 보칙
1723,"파독 광부ㆍ간호사ㆍ간호조무사에 대한 지원 및 기념사업에 관한 법률 시행령[시행2021. 6. 10.] [대통령령 제31694호,2021. 5. 18., 제정]",제6조 업무의 위탁
1724,"파독 광부ㆍ간호사ㆍ간호조무사에 대한 지원 및 기념사업에 관한 법률[시행2021. 6. 10.] [법률 제17436호,2020. 6. 9., 제정]",제3조 지원대상자에 대한 지원
1725,"파독 광부ㆍ간호사ㆍ간호조무사에 대한 지원 및 기념사업에 관한 법률[시행2021. 6. 10.] [법률 제17436호,2020. 6. 9., 제정]",제1조 목적
1726,"파독 광부ㆍ간호사ㆍ간호조무사에 대한 지원 및 기념사업에 관한 법률 시행령[시행2021. 6. 10.] [대통령령 제31694호,2021. 5. 18., 제정]",제2조 지원대상자에 대한 지원
1727,"파독 광부ㆍ간호사ㆍ간호조무사에 대한 지원 및 기념사업에 관한 법률[시행2021. 6. 10.] [법률 제17436호,2020. 6. 9., 제정]",제6조 업무의 위탁
1728,"파독 광부ㆍ간호사ㆍ간호조무사에 대한 지원 및 기념사업에 관한 법률 시행령[시행2021. 6. 10.] [대통령령 제31694호,2021. 5. 18., 제정]",제7조 고유식별정보의 처리
1729,"파독 광부ㆍ간호사ㆍ간호조무사에 대한 지원 및 기념사업에 관한 법률[시행2021. 6. 10.] [법률 제17436호,2020. 6. 9., 제정]",제5조 경비의 보조
1730,"파독 광부ㆍ간호사ㆍ간호조무사에 대한 지원 및 기념사업에 관한 법률[시행2021. 6. 10.] [법률 제17436호,2020. 6. 9., 제정]",제2조 지원대상
1731,"파독 광부ㆍ간호사ㆍ간호조무사에 대한 지원 및 기념사업에 관한 법률 시행령[시행2021. 6. 10.] [대통령령 제31694호,2021. 5. 18., 제정]",제3조 기념사업 등 사업에 대한 의견청취
1732,"파독 광부ㆍ간호사ㆍ간호조무사에 대한 지원 및 기념사업에 관한 법률 시행령[시행2021. 6. 10.] [대통령령 제31694호,2021. 5. 18., 제정]",제5조 관계 기관의 협조
1733,"파독 광부ㆍ간호사ㆍ간호조무사에 대한 지원 및 기념사업에 관한 법률 시행령[시행2021. 6. 10.] [대통령령 제31694호,2021. 5. 18., 제정]",제1조 목적
1734,"파독 광부ㆍ간호사ㆍ간호조무사에 대한 지원 및 기념사업에 관한 법률[시행2021. 6. 10.] [법률 제17436호,2020. 6. 9., 제정]",제4조 기념사업 등
1735,"파독 광부ㆍ간호사ㆍ간호조무사에 대한 지원 및 기념사업에 관한 법률 시행령[시행2021. 6. 10.] [대통령령 제31694호,2021. 5. 18., 제정]",제4조 경비의 보조
1736,"교원의 노동조합 설립 및 운영 등에 관한 법률 시행규칙[시행2021. 7. 6.] [고용노동부령 제327호,2021. 7. 6., 일부개정]",제2조 조정 등의 신청
1737,"교원의 노동조합 설립 및 운영 등에 관한 법률 시행규칙[시행2021. 7. 6.] [고용노동부령 제327호,2021. 7. 7., 일부개정]",제1조 목적
1738,"교원의 노동조합 설립 및 운영 등에 관한 법률 시행규칙[시행2021. 7. 6.] [고용노동부령 제327호,2021. 7. 8., 일부개정]",제3조 다른 시행규칙과의 관계
1739,"노동위원회법 시행령[시행2026. 7. 1.] [대통령령 제36423호,2026. 6. 23., 타법개정]",제1조 목적
1740,"노동위원회법 시행령[시행2026. 7. 1.] [대통령령 제36423호,2026. 6. 24., 타법개정]",제2조 지방노동위원회의 명칭 등
1741,"노동위원회법 시행령[시행2026. 7. 1.] [대통령령 제36423호,2026. 6. 25., 타법개정]",제3조 위원의 수
1742,"노동위원회법 시행령[시행2026. 7. 1.] [대통령령 제36423호,2026. 6. 26., 타법개정]",제4조 근로자위원 및 사용자위원 위촉대상자 추천 시 고려사항
1743,"노동위원회법 시행령[시행2026. 7. 1.] [대통령령 제36423호,2026. 6. 27., 타법개정]",제5조 근로자위원 및 사용자위원 위촉대상자의 추천절차
1744,"노동위원회법 시행령[시행2026. 7. 1.] [대통령령 제36423호,2026. 6. 28., 타법개정]",제6조 공익위원 위촉대상자의 선정
1745,"노동위원회법 시행령[시행2026. 7. 1.] [대통령령 제36423호,2026. 6. 29., 타법개정]",제7조 
1746,"노동위원회법 시행령[시행2026. 7. 1.] [대통령령 제36423호,2026. 6. 30., 타법개정]",제8조 위원의 처우
1747,"노동위원회법 시행령[시행2026. 7. 1.] [대통령령 제36423호,2026. 6. 31., 타법개정]",제9조 위원장의 직무대행
1748,"노동위원회법 시행령[시행2026. 7. 1.] [대통령령 제36423호,2026. 6. 32., 타법개정]",제9조의2 노동위원회 조사관의 자격 요건
1749,"노동위원회법 시행령[시행2026. 7. 1.] [대통령령 제36423호,2026. 6. 33., 타법개정]",제9조의3 의결 결과의 송달 방법 등
1750,"노동위원회법 시행령[시행2026. 7. 1.] [대통령령 제36423호,2026. 6. 34., 타법개정]",제9조의4 공시송달의 요건 등
1751,"노동위원회법 시행령[시행2026. 7. 1.] [대통령령 제36423호,2026. 6. 35., 타법개정]",제10조 의견 진술
1752,"노동위원회법 시행령[시행2026. 7. 1.] [대통령령 제36423호,2026. 6. 36., 타법개정]",제11조 비용 변상
1753,"노동위원회법 시행령[시행2026. 7. 1.] [대통령령 제36423호,2026. 6. 37., 타법개정]",제11조의2 민감정보 및 고유식별정보의 처리
1754,"노동위원회법 시행령[시행2026. 7. 1.] [대통령령 제36423호,2026. 6. 38., 타법개정]",제11조의3 
1755,"노동위원회법 시행령[시행2026. 7. 1.] [대통령령 제36423호,2026. 6. 39., 타법개정]",제12조 과태료의 부과기준
1756,"산업재해보상보험법 시행령[시행2026. 7. 1.] [대통령령 제36473호,2026. 6. 30., 일부개정]",제1조 제1장 총칙
1757,"산업재해보상보험법 시행령[시행2026. 7. 1.] [대통령령 제36473호,2026. 6. 31., 일부개정]",제1조 목적
1758,"산업재해보상보험법 시행령[시행2026. 7. 1.] [대통령령 제36473호,2026. 6. 32., 일부개정]",제2조 법의 적용 제외 사업
1759,"산업재해보상보험법 시행령[시행2026. 7. 1.] [대통령령 제36473호,2026. 6. 33., 일부개정]",제2조의2 상시근로자 수의 산정 및 적용 시점
1760,"산업재해보상보험법 시행령[시행2026. 7. 1.] [대통령령 제36473호,2026. 6. 34., 일부개정]",제3조 산업재해보상보험및예방심의위원회의 기능
1761,"산업재해보상보험법 시행령[시행2026. 7. 1.] [대통령령 제36473호,2026. 6. 35., 일부개정]",제4조 위원회의 구성
1762,"산업재해보상보험법 시행령[시행2026. 7. 1.] [대통령령 제36473호,2026. 6. 36., 일부개정]",제5조 위원의 임기 등
1763,"산업재해보상보험법 시행령[시행2026. 7. 1.] [대통령령 제36473호,2026. 6. 37., 일부개정]",제6조 위원장과 부위원장
1764,"산업재해보상보험법 시행령[시행2026. 7. 1.] [대통령령 제36473호,2026. 6. 38., 일부개정]",제7조 위원회의 회의
1765,"산업재해보상보험법 시행령[시행2026. 7. 1.] [대통령령 제36473호,2026. 6. 39., 일부개정]",제8조 전문위원회
1766,"산업재해보상보험법 시행령[시행2026. 7. 1.] [대통령령 제36473호,2026. 6. 40., 일부개정]",제8조의2 조사ㆍ연구위원
1767,"산업재해보상보험법 시행령[시행2026. 7. 1.] [대통령령 제36473호,2026. 6. 41., 일부개정]",제8조의3 관계 행정기관 등의 협조
1768,"산업재해보상보험법 시행령[시행2026. 7. 1.] [대통령령 제36473호,2026. 6. 42., 일부개정]",제9조 위원회의 간사
1769,"산업재해보상보험법 시행령[시행2026. 7. 1.] [대통령령 제36473호,2026. 6. 43., 일부개정]",제10조 위원의 수당
1770,"산업재해보상보험법 시행령[시행2026. 7. 1.] [대통령령 제36473호,2026. 6. 44., 일부개정]",제11조 운영세칙
1771,"산업재해보상보험법 시행령[시행2026. 7. 1.] [대통령령 제36473호,2026. 6. 45., 일부개정]",제12조 조사ㆍ연구 사업의 대행
1772,"산업재해보상보험법 시행령[시행2026. 7. 1.] [대통령령 제36473호,2026. 6. 46., 일부개정]",제13조 제2장 근로복지공단
1773,"산업재해보상보험법 시행령[시행2026. 7. 1.] [대통령령 제36473호,2026. 6. 47., 일부개정]",제13조 
1774,"산업재해보상보험법 시행령[시행2026. 7. 1.] [대통령령 제36473호,2026. 6. 48., 일부개정]",제14조 예산 및 사업운영계획의 승인
1775,"산업재해보상보험법 시행령[시행2026. 7. 1.] [대통령령 제36473호,2026. 6. 49., 일부개정]",제15조 결산서의 제출
1776,"산업재해보상보험법 시행령[시행2026. 7. 1.] [대통령령 제36473호,2026. 6. 50., 일부개정]",제16조 공단 규정의 승인
1777,"산업재해보상보험법 시행령[시행2026. 7. 1.] [대통령령 제36473호,2026. 6. 51., 일부개정]",제17조 자금 차입 등의 승인 신청
1778,"산업재해보상보험법 시행령[시행2026. 7. 1.] [대통령령 제36473호,2026. 6. 52., 일부개정]",제18조 공단 이사장의 대표 권한의 위임
1779,"산업재해보상보험법 시행령[시행2026. 7. 1.] [대통령령 제36473호,2026. 6. 53., 일부개정]",제19조 업무의 위탁
1780,"산업재해보상보험법 시행령[시행2026. 7. 1.] [대통령령 제36473호,2026. 6. 54., 일부개정]",제19조의2 자료 제공 요청
1781,"산업재해보상보험법 시행령[시행2026. 7. 1.] [대통령령 제36473호,2026. 6. 55., 일부개정]",제20조 출자 등
1782,"산업재해보상보험법 시행령[시행2026. 7. 1.] [대통령령 제36473호,2026. 6. 56., 일부개정]",제21조 제3장 보험급여
1783,"산업재해보상보험법 시행령[시행2026. 7. 1.] [대통령령 제36473호,2026. 6. 57., 일부개정]",제21조 제3장제1절 보험급여의 기준
1784,"산업재해보상보험법 시행령[시행2026. 7. 1.] [대통령령 제36473호,2026. 6. 58., 일부개정]","제21조 보험급여의 청구, 결정 통지 등"
1785,"산업재해보상보험법 시행령[시행2026. 7. 1.] [대통령령 제36473호,2026. 6. 59., 일부개정]",제22조 평균임금의 증감
1786,"산업재해보상보험법 시행령[시행2026. 7. 1.] [대통령령 제36473호,2026. 6. 60., 일부개정]",제23조 근로 형태가 특이한 근로자의 범위
1787,"산업재해보상보험법 시행령[시행2026. 7. 1.] [대통령령 제36473호,2026. 6. 61., 일부개정]",제24조 근로 형태가 특이한 근로자의 평균임금 산정 방법
1788,"산업재해보상보험법 시행령[시행2026. 7. 1.] [대통령령 제36473호,2026. 6. 62., 일부개정]",제25조 직업병에 걸린 사람에 대한 평균임금 산정 특례
1789,"산업재해보상보험법 시행령[시행2026. 7. 1.] [대통령령 제36473호,2026. 6. 63., 일부개정]",제26조 최고ㆍ최저 보상기준 금액의 산정방법
1790,"산업재해보상보험법 시행령[시행2026. 7. 1.] [대통령령 제36473호,2026. 6. 64., 일부개정]",제27조 제3장제2절 업무상의 재해의 인정 기준
1791,"산업재해보상보험법 시행령[시행2026. 7. 1.] [대통령령 제36473호,2026. 6. 65., 일부개정]",제27조 업무수행 중의 사고
1792,"산업재해보상보험법 시행령[시행2026. 7. 1.] [대통령령 제36473호,2026. 6. 66., 일부개정]",제28조 시설물 등의 결함 등에 따른 사고
1793,"산업재해보상보험법 시행령[시행2026. 7. 1.] [대통령령 제36473호,2026. 6. 67., 일부개정]",제29조 
1794,"산업재해보상보험법 시행령[시행2026. 7. 1.] [대통령령 제36473호,2026. 6. 68., 일부개정]",제30조 행사 중의 사고
1795,"산업재해보상보험법 시행령[시행2026. 7. 1.] [대통령령 제36473호,2026. 6. 69., 일부개정]",제31조 특수한 장소에서의 사고
1796,"산업재해보상보험법 시행령[시행2026. 7. 1.] [대통령령 제36473호,2026. 6. 70., 일부개정]",제32조 요양 중의 사고
1797,"산업재해보상보험법 시행령[시행2026. 7. 1.] [대통령령 제36473호,2026. 6. 71., 일부개정]",제33조 제3자의 행위에 따른 사고
1798,"산업재해보상보험법 시행령[시행2026. 7. 1.] [대통령령 제36473호,2026. 6. 72., 일부개정]",제34조 업무상 질병의 인정기준
1799,"산업재해보상보험법 시행령[시행2026. 7. 1.] [대통령령 제36473호,2026. 6. 73., 일부개정]",제35조 출퇴근 중의 사고
1800,"산업재해보상보험법 시행령[시행2026. 7. 1.] [대통령령 제36473호,2026. 6. 74., 일부개정]",제35조의2 출퇴근 재해 적용 제외 직종 등
1801,"산업재해보상보험법 시행령[시행2026. 7. 1.] [대통령령 제36473호,2026. 6. 75., 일부개정]",제36조 자해행위에 따른 업무상의 재해의 인정 기준
1802,"산업재해보상보험법 시행령[시행2026. 7. 1.] [대통령령 제36473호,2026. 6. 76., 일부개정]",제37조 사망의 추정
1803,"산업재해보상보험법 시행령[시행2026. 7. 1.] [대통령령 제36473호,2026. 6. 77., 일부개정]",제38조 제3장제3절 요양급여 등
1804,"산업재해보상보험법 시행령[시행2026. 7. 1.] [대통령령 제36473호,2026. 6. 78., 일부개정]",제38조 요양비의 청구 등
1805,"산업재해보상보험법 시행령[시행2026. 7. 1.] [대통령령 제36473호,2026. 6. 79., 일부개정]",제39조 과징금의 부과ㆍ납부 및 기준
1806,"산업재해보상보험법 시행령[시행2026. 7. 1.] [대통령령 제36473호,2026. 6. 80., 일부개정]",제40조 진료계획의 제출
1807,"산업재해보상보험법 시행령[시행2026. 7. 1.] [대통령령 제36473호,2026. 6. 81., 일부개정]",제41조 진료계획의 심사 및 변경 조치
1808,"산업재해보상보험법 시행령[시행2026. 7. 1.] [대통령령 제36473호,2026. 6. 82., 일부개정]",제42조 자문의사
1809,"산업재해보상보험법 시행령[시행2026. 7. 1.] [대통령령 제36473호,2026. 6. 83., 일부개정]",제43조 자문의사회의
1810,"산업재해보상보험법 시행령[시행2026. 7. 1.] [대통령령 제36473호,2026. 6. 84., 일부개정]",제44조 산재보험 의료기관 변경 요양
1811,"산업재해보상보험법 시행령[시행2026. 7. 1.] [대통령령 제36473호,2026. 6. 85., 일부개정]",제45조 추가상병
1812,"산업재해보상보험법 시행령[시행2026. 7. 1.] [대통령령 제36473호,2026. 6. 86., 일부개정]",제46조 평가 대상 산재보험 의료기관
1813,"산업재해보상보험법 시행령[시행2026. 7. 1.] [대통령령 제36473호,2026. 6. 87., 일부개정]",제47조 산재보험 의료기관의 평가 방법 등
1814,"산업재해보상보험법 시행령[시행2026. 7. 1.] [대통령령 제36473호,2026. 6. 88., 일부개정]",제48조 재요양의 요건 및 절차
1815,"산업재해보상보험법 시행령[시행2026. 7. 1.] [대통령령 제36473호,2026. 6. 89., 일부개정]",제49조 제3장제4절 휴업급여
1816,"산업재해보상보험법 시행령[시행2026. 7. 1.] [대통령령 제36473호,2026. 6. 90., 일부개정]",제49조 부분휴업급여의 지급 요건
1817,"산업재해보상보험법 시행령[시행2026. 7. 1.] [대통령령 제36473호,2026. 6. 91., 일부개정]",제50조 부분휴업급여의 지급 절차
1818,"산업재해보상보험법 시행령[시행2026. 7. 1.] [대통령령 제36473호,2026. 6. 92., 일부개정]",제51조 고령자 휴업급여의 감액지급 유예기간
1819,"산업재해보상보험법 시행령[시행2026. 7. 1.] [대통령령 제36473호,2026. 6. 93., 일부개정]",제52조 재요양에 따른 평균임금 산정사유 발생일
1820,"산업재해보상보험법 시행령[시행2026. 7. 1.] [대통령령 제36473호,2026. 6. 94., 일부개정]",제53조 제3장제5절 장해급여
1821,"산업재해보상보험법 시행령[시행2026. 7. 1.] [대통령령 제36473호,2026. 6. 95., 일부개정]",제53조 장해등급의 기준 등
1822,"산업재해보상보험법 시행령[시행2026. 7. 1.] [대통령령 제36473호,2026. 6. 96., 일부개정]",제54조 
1823,"산업재해보상보험법 시행령[시행2026. 7. 1.] [대통령령 제36473호,2026. 6. 97., 일부개정]",제55조 장해등급등의 재판정 대상자
1824,"산업재해보상보험법 시행령[시행2026. 7. 1.] [대통령령 제36473호,2026. 6. 98., 일부개정]",제56조 장해등급등의 재판정 시기 등
1825,"산업재해보상보험법 시행령[시행2026. 7. 1.] [대통령령 제36473호,2026. 6. 99., 일부개정]",제57조 장해등급등의 재판정에 따른 장해급여 또는 진폐보상연금의 지급 방법
1826,"산업재해보상보험법 시행령[시행2026. 7. 1.] [대통령령 제36473호,2026. 6. 100., 일부개정]",제58조 재요양 후의 장해급여
1827,"산업재해보상보험법 시행령[시행2026. 7. 1.] [대통령령 제36473호,2026. 6. 101., 일부개정]",제59조 제3장제6절 간병급여
1828,"산업재해보상보험법 시행령[시행2026. 7. 1.] [대통령령 제36473호,2026. 6. 102., 일부개정]",제59조 간병급여의 지급 기준 및 방법
1829,"산업재해보상보험법 시행령[시행2026. 7. 1.] [대통령령 제36473호,2026. 6. 103., 일부개정]",제60조 제3장제7절 유족급여
1830,"산업재해보상보험법 시행령[시행2026. 7. 1.] [대통령령 제36473호,2026. 6. 104., 일부개정]",제60조 유족보상연금 청구에 관한 대표자 선임 등
1831,"산업재해보상보험법 시행령[시행2026. 7. 1.] [대통령령 제36473호,2026. 6. 105., 일부개정]",제61조 생계를 같이 하는 유족의 범위
1832,"산업재해보상보험법 시행령[시행2026. 7. 1.] [대통령령 제36473호,2026. 6. 106., 일부개정]",제62조 유족보상연금의 지급정지 등
1833,"산업재해보상보험법 시행령[시행2026. 7. 1.] [대통령령 제36473호,2026. 6. 107., 일부개정]",제63조 유족보상연금액의 조정
1834,"산업재해보상보험법 시행령[시행2026. 7. 1.] [대통령령 제36473호,2026. 6. 108., 일부개정]",제64조 제3장제8절 상병보상연금
1835,"산업재해보상보험법 시행령[시행2026. 7. 1.] [대통령령 제36473호,2026. 6. 109., 일부개정]",제64조 상병보상연금의 지급 등
1836,"산업재해보상보험법 시행령[시행2026. 7. 1.] [대통령령 제36473호,2026. 6. 110., 일부개정]",제65조 중증요양상태등급 기준 등
1837,"산업재해보상보험법 시행령[시행2026. 7. 1.] [대통령령 제36473호,2026. 6. 111., 일부개정]",제66조 제3장제9절 장례비
1838,"산업재해보상보험법 시행령[시행2026. 7. 1.] [대통령령 제36473호,2026. 6. 112., 일부개정]",제66조 장례비 최고ㆍ최저 금액의 산정
1839,"산업재해보상보험법 시행령[시행2026. 7. 1.] [대통령령 제36473호,2026. 6. 113., 일부개정]",제66조의2 장례비의 선지급 사유
1840,"산업재해보상보험법 시행령[시행2026. 7. 1.] [대통령령 제36473호,2026. 6. 114., 일부개정]",제67조 제3장제10절 직업재활급여 등
1841,"산업재해보상보험법 시행령[시행2026. 7. 1.] [대통령령 제36473호,2026. 6. 115., 일부개정]",제67조 직업재활 지원
1842,"산업재해보상보험법 시행령[시행2026. 7. 1.] [대통령령 제36473호,2026. 6. 116., 일부개정]",제68조 직업재활급여 대상자
1843,"산업재해보상보험법 시행령[시행2026. 7. 1.] [대통령령 제36473호,2026. 6. 117., 일부개정]",제69조 직업훈련비용의 지급 제한
1844,"산업재해보상보험법 시행령[시행2026. 7. 1.] [대통령령 제36473호,2026. 6. 118., 일부개정]",제70조 직장복귀지원금 등의 지급 요건 등
1845,"산업재해보상보험법 시행령[시행2026. 7. 1.] [대통령령 제36473호,2026. 6. 119., 일부개정]",제71조 직장복귀지원금 등의 지급 제한
1846,"산업재해보상보험법 시행령[시행2026. 7. 1.] [대통령령 제36473호,2026. 6. 120., 일부개정]",제71조의2 직장복귀 지원
1847,"산업재해보상보험법 시행령[시행2026. 7. 1.] [대통령령 제36473호,2026. 6. 121., 일부개정]",제72조 제3장제11절 보험급여의 일시지급 등
1848,"산업재해보상보험법 시행령[시행2026. 7. 1.] [대통령령 제36473호,2026. 6. 122., 일부개정]",제72조 보험급여의 일시지급 기준
1849,"산업재해보상보험법 시행령[시행2026. 7. 1.] [대통령령 제36473호,2026. 6. 123., 일부개정]",제72조의2 합병증 등 예방관리 조치대상 등
1850,"산업재해보상보험법 시행령[시행2026. 7. 1.] [대통령령 제36473호,2026. 6. 124., 일부개정]",제73조 장해특별급여의 지급기준 등
1851,"산업재해보상보험법 시행령[시행2026. 7. 1.] [대통령령 제36473호,2026. 6. 125., 일부개정]",제74조 유족특별급여의 지급기준 등
1852,"산업재해보상보험법 시행령[시행2026. 7. 1.] [대통령령 제36473호,2026. 6. 126., 일부개정]",제75조 특별급여액의 징수
1853,"산업재해보상보험법 시행령[시행2026. 7. 1.] [대통령령 제36473호,2026. 6. 127., 일부개정]",제76조 다른 보상이나 배상과의 조정 기준
1854,"산업재해보상보험법 시행령[시행2026. 7. 1.] [대통령령 제36473호,2026. 6. 128., 일부개정]",제77조 
1855,"산업재해보상보험법 시행령[시행2026. 7. 1.] [대통령령 제36473호,2026. 6. 129., 일부개정]",제77조의2 보험급여수급계좌
1856,"산업재해보상보험법 시행령[시행2026. 7. 1.] [대통령령 제36473호,2026. 6. 130., 일부개정]",제78조 보험급여 지급 제한의 범위 등
1857,"산업재해보상보험법 시행령[시행2026. 7. 1.] [대통령령 제36473호,2026. 6. 131., 일부개정]",제79조 부당이득의 징수
1858,"산업재해보상보험법 시행령[시행2026. 7. 1.] [대통령령 제36473호,2026. 6. 132., 일부개정]",제79조의2 부정수급자 명단 공개 제외 사유
1859,"산업재해보상보험법 시행령[시행2026. 7. 1.] [대통령령 제36473호,2026. 6. 133., 일부개정]",제80조 보험급여 등의 충당 한도 및 절차
1860,"산업재해보상보험법 시행령[시행2026. 7. 1.] [대통령령 제36473호,2026. 6. 134., 일부개정]",제81조 제3자로부터 배상받은 사람에 대한 보험급여의 조정
1861,"산업재해보상보험법 시행령[시행2026. 7. 1.] [대통령령 제36473호,2026. 6. 135., 일부개정]",제81조의2 보험급여에 대한 압류 금지
1862,"산업재해보상보험법 시행령[시행2026. 7. 1.] [대통령령 제36473호,2026. 6. 136., 일부개정]",제82조 수급권의 대위
1863,"산업재해보상보험법 시행령[시행2026. 7. 1.] [대통령령 제36473호,2026. 6. 137., 일부개정]",제83조 보험급여 원부의 작성
1864,"산업재해보상보험법 시행령[시행2026. 7. 1.] [대통령령 제36473호,2026. 6. 138., 일부개정]",제83조의2 제3장의2 진폐에 따른 보험급여의 특례
1865,"산업재해보상보험법 시행령[시행2026. 7. 1.] [대통령령 제36473호,2026. 6. 139., 일부개정]",제83조의2 진폐판정 및 보험급여 결정 기준
1866,"산업재해보상보험법 시행령[시행2026. 7. 1.] [대통령령 제36473호,2026. 6. 140., 일부개정]",제83조의3 진폐에 따른 사망 여부 판단 시 고려사항
1867,"산업재해보상보험법 시행령[시행2026. 7. 1.] [대통령령 제36473호,2026. 6. 141., 일부개정]",제83조의4 제3장의3 건강손상자녀에 대한 보험급여의 특례
1868,"산업재해보상보험법 시행령[시행2026. 7. 1.] [대통령령 제36473호,2026. 6. 142., 일부개정]",제83조의4 건강손상자녀 관련 유해인자
1869,"산업재해보상보험법 시행령[시행2026. 7. 1.] [대통령령 제36473호,2026. 6. 143., 일부개정]",제83조의5 제3장의4 노무제공자에 대한 특례
1870,"산업재해보상보험법 시행령[시행2026. 7. 1.] [대통령령 제36473호,2026. 6. 144., 일부개정]",제83조의5 노무제공자의 범위
1871,"산업재해보상보험법 시행령[시행2026. 7. 1.] [대통령령 제36473호,2026. 6. 145., 일부개정]",제83조의6 노무제공자의 보수
1872,"산업재해보상보험법 시행령[시행2026. 7. 1.] [대통령령 제36473호,2026. 6. 146., 일부개정]",제83조의7 소득확인이 어려운 직종
1873,"산업재해보상보험법 시행령[시행2026. 7. 1.] [대통령령 제36473호,2026. 6. 147., 일부개정]",제83조의8 평균보수 산정사유 발생일
1874,"산업재해보상보험법 시행령[시행2026. 7. 1.] [대통령령 제36473호,2026. 6. 148., 일부개정]",제83조의9 평균보수 산정 대상에서 제외되는 일용근로자
1875,"산업재해보상보험법 시행령[시행2026. 7. 1.] [대통령령 제36473호,2026. 6. 149., 일부개정]",제83조의10 노무제공자에 대한 업무상 재해의 인정기준
1876,"산업재해보상보험법 시행령[시행2026. 7. 1.] [대통령령 제36473호,2026. 6. 150., 일부개정]",제83조의11 노무제공자의 최저 휴업급여 보장액
1877,"산업재해보상보험법 시행령[시행2026. 7. 1.] [대통령령 제36473호,2026. 6. 151., 일부개정]",제83조의12 플랫폼 운영자에 대한 자료제공 등의 요청
1878,"산업재해보상보험법 시행령[시행2026. 7. 1.] [대통령령 제36473호,2026. 6. 152., 일부개정]",제84조 제4장 근로복지 사업
1879,"산업재해보상보험법 시행령[시행2026. 7. 1.] [대통령령 제36473호,2026. 6. 153., 일부개정]",제84조 국민건강보험 요양급여 비용의 본인 일부 부담금의 대부 대상
1880,"산업재해보상보험법 시행령[시행2026. 7. 1.] [대통령령 제36473호,2026. 6. 154., 일부개정]",제85조 대부금의 충당 한도 및 절차
1881,"산업재해보상보험법 시행령[시행2026. 7. 1.] [대통령령 제36473호,2026. 6. 155., 일부개정]",제85조의2 제5장 산업재해보상보험및예방기금
1882,"산업재해보상보험법 시행령[시행2026. 7. 1.] [대통령령 제36473호,2026. 6. 156., 일부개정]",제85조의2 출연금의 산정 기준 등
1883,"산업재해보상보험법 시행령[시행2026. 7. 1.] [대통령령 제36473호,2026. 6. 157., 일부개정]",제85조의3 출연금의 용도 등
1884,"산업재해보상보험법 시행령[시행2026. 7. 1.] [대통령령 제36473호,2026. 6. 158., 일부개정]",제85조의4 출연금의 추가 출연 및 반납
1885,"산업재해보상보험법 시행령[시행2026. 7. 1.] [대통령령 제36473호,2026. 6. 159., 일부개정]",제86조 기금의 운용
1886,"산업재해보상보험법 시행령[시행2026. 7. 1.] [대통령령 제36473호,2026. 6. 160., 일부개정]",제87조 기금계정의 설치
1887,"산업재해보상보험법 시행령[시행2026. 7. 1.] [대통령령 제36473호,2026. 6. 161., 일부개정]",제88조 보험료 등의 기금 납입 등
1888,"산업재해보상보험법 시행령[시행2026. 7. 1.] [대통령령 제36473호,2026. 6. 162., 일부개정]",제89조 기금운용계획
1889,"산업재해보상보험법 시행령[시행2026. 7. 1.] [대통령령 제36473호,2026. 6. 163., 일부개정]",제90조 책임준비금의 산정 기준 등
1890,"산업재해보상보험법 시행령[시행2026. 7. 1.] [대통령령 제36473호,2026. 6. 164., 일부개정]",제91조 기금의 회계기관 등
1891,"산업재해보상보험법 시행령[시행2026. 7. 1.] [대통령령 제36473호,2026. 6. 165., 일부개정]",제92조 기금의 지출원인행위
1892,"산업재해보상보험법 시행령[시행2026. 7. 1.] [대통령령 제36473호,2026. 6. 166., 일부개정]",제93조 기금의 지출
1893,"산업재해보상보험법 시행령[시행2026. 7. 1.] [대통령령 제36473호,2026. 6. 167., 일부개정]",제94조 현금 취급의 금지
1894,"산업재해보상보험법 시행령[시행2026. 7. 1.] [대통령령 제36473호,2026. 6. 168., 일부개정]",제95조 기금의 결산보고
1895,"산업재해보상보험법 시행령[시행2026. 7. 1.] [대통령령 제36473호,2026. 6. 169., 일부개정]",제96조 제6장 심사 청구 및 재심사 청구
1896,"산업재해보상보험법 시행령[시행2026. 7. 1.] [대통령령 제36473호,2026. 6. 170., 일부개정]",제96조 심사 청구의 방식
1897,"산업재해보상보험법 시행령[시행2026. 7. 1.] [대통령령 제36473호,2026. 6. 171., 일부개정]",제97조 보정 및 각하
1898,"산업재해보상보험법 시행령[시행2026. 7. 1.] [대통령령 제36473호,2026. 6. 172., 일부개정]",제98조 보험급여 결정등의 집행정지
1899,"산업재해보상보험법 시행령[시행2026. 7. 1.] [대통령령 제36473호,2026. 6. 173., 일부개정]",제99조 산업재해보상보험심사위원회의 구성
1900,"산업재해보상보험법 시행령[시행2026. 7. 1.] [대통령령 제36473호,2026. 6. 174., 일부개정]",제100조 심사위원회의 운영
1901,"산업재해보상보험법 시행령[시행2026. 7. 1.] [대통령령 제36473호,2026. 6. 175., 일부개정]",제101조 심사 청구에 대한 결정의 방법
1902,"산업재해보상보험법 시행령[시행2026. 7. 1.] [대통령령 제36473호,2026. 6. 176., 일부개정]",제102조 심사위원회의 심의 제외 대상
1903,"산업재해보상보험법 시행령[시행2026. 7. 1.] [대통령령 제36473호,2026. 6. 177., 일부개정]",제103조 심리를 위한 조사
1904,"산업재해보상보험법 시행령[시행2026. 7. 1.] [대통령령 제36473호,2026. 6. 178., 일부개정]",제104조 실비 지급
1905,"산업재해보상보험법 시행령[시행2026. 7. 1.] [대통령령 제36473호,2026. 6. 179., 일부개정]",제105조 재심사 청구의 방식
1906,"산업재해보상보험법 시행령[시행2026. 7. 1.] [대통령령 제36473호,2026. 6. 180., 일부개정]",제106조 산업재해보상보험재심사위원회의 구성
1907,"산업재해보상보험법 시행령[시행2026. 7. 1.] [대통령령 제36473호,2026. 6. 181., 일부개정]",제107조 재심사위원회의 운영
1908,"산업재해보상보험법 시행령[시행2026. 7. 1.] [대통령령 제36473호,2026. 6. 182., 일부개정]",제108조 재심사 심리기일 및 장소의 통지 등
1909,"산업재해보상보험법 시행령[시행2026. 7. 1.] [대통령령 제36473호,2026. 6. 183., 일부개정]",제109조 심리의 공개
1910,"산업재해보상보험법 시행령[시행2026. 7. 1.] [대통령령 제36473호,2026. 6. 184., 일부개정]",제110조 심리조서
1911,"산업재해보상보험법 시행령[시행2026. 7. 1.] [대통령령 제36473호,2026. 6. 185., 일부개정]",제111조 소위원회의 구성ㆍ운영
1912,"산업재해보상보험법 시행령[시행2026. 7. 1.] [대통령령 제36473호,2026. 6. 186., 일부개정]",제112조 조사연구원의 배치
1913,"산업재해보상보험법 시행령[시행2026. 7. 1.] [대통령령 제36473호,2026. 6. 187., 일부개정]",제113조 준용규정
1914,"산업재해보상보험법 시행령[시행2026. 7. 1.] [대통령령 제36473호,2026. 6. 188., 일부개정]",제114조 제7장 보칙
1915,"산업재해보상보험법 시행령[시행2026. 7. 1.] [대통령령 제36473호,2026. 6. 189., 일부개정]",제114조 수급권의 변동 신고 등
1916,"산업재해보상보험법 시행령[시행2026. 7. 1.] [대통령령 제36473호,2026. 6. 190., 일부개정]",제115조 외국거주자의 수급권 신고
1917,"산업재해보상보험법 시행령[시행2026. 7. 1.] [대통령령 제36473호,2026. 6. 191., 일부개정]",제115조의2 사업주의 조력
1918,"산업재해보상보험법 시행령[시행2026. 7. 1.] [대통령령 제36473호,2026. 6. 192., 일부개정]",제116조 보고ㆍ제출요구
1919,"산업재해보상보험법 시행령[시행2026. 7. 1.] [대통령령 제36473호,2026. 6. 193., 일부개정]",제117조 진찰 요구 대상 등
1920,"산업재해보상보험법 시행령[시행2026. 7. 1.] [대통령령 제36473호,2026. 6. 194., 일부개정]",제118조 특진의료기관
1921,"산업재해보상보험법 시행령[시행2026. 7. 1.] [대통령령 제36473호,2026. 6. 195., 일부개정]",제119조 보험급여의 일시 중지
1922,"산업재해보상보험법 시행령[시행2026. 7. 1.] [대통령령 제36473호,2026. 6. 196., 일부개정]",제120조 금융기관의 지정
1923,"산업재해보상보험법 시행령[시행2026. 7. 1.] [대통령령 제36473호,2026. 6. 197., 일부개정]",제121조 현장실습생에 대한 보험급여 지급 등
1924,"산업재해보상보험법 시행령[시행2026. 7. 1.] [대통령령 제36473호,2026. 6. 198., 일부개정]",제121조의2 학생연구자의 범위
1925,"산업재해보상보험법 시행령[시행2026. 7. 1.] [대통령령 제36473호,2026. 6. 199., 일부개정]",제121조의3 학생연구자의 업무상 재해의 인정 기준
1926,"산업재해보상보험법 시행령[시행2026. 7. 1.] [대통령령 제36473호,2026. 6. 200., 일부개정]",제121조의4 학생연구자의 보험급여의 지급 등
1927,"산업재해보상보험법 시행령[시행2026. 7. 1.] [대통령령 제36473호,2026. 6. 201., 일부개정]",제122조 중ㆍ소기업 사업주의 범위
1928,"산업재해보상보험법 시행령[시행2026. 7. 1.] [대통령령 제36473호,2026. 6. 202., 일부개정]",제123조 중ㆍ소기업 사업주등의 업무상의 재해의 인정 기준
1929,"산업재해보상보험법 시행령[시행2026. 7. 1.] [대통령령 제36473호,2026. 6. 203., 일부개정]",제124조 중ㆍ소기업 사업주등에 대한 보험급여 지급의 제한
1930,"산업재해보상보험법 시행령[시행2026. 7. 1.] [대통령령 제36473호,2026. 6. 204., 일부개정]",제125조 
1931,"산업재해보상보험법 시행령[시행2026. 7. 1.] [대통령령 제36473호,2026. 6. 205., 일부개정]",제126조 
1932,"산업재해보상보험법 시행령[시행2026. 7. 1.] [대통령령 제36473호,2026. 6. 206., 일부개정]",제126조의2 
1933,"산업재해보상보험법 시행령[시행2026. 7. 1.] [대통령령 제36473호,2026. 6. 207., 일부개정]",제127조 
1934,"산업재해보상보험법 시행령[시행2026. 7. 1.] [대통령령 제36473호,2026. 6. 208., 일부개정]",제127조의2 민감정보 및 고유식별정보의 처리
1935,"산업재해보상보험법 시행령[시행2026. 7. 1.] [대통령령 제36473호,2026. 6. 209., 일부개정]",제127조의3 규제의 재검토
1936,"산업재해보상보험법 시행령[시행2026. 7. 1.] [대통령령 제36473호,2026. 6. 210., 일부개정]",제128조 제8장 벌칙
1937,"산업재해보상보험법 시행령[시행2026. 7. 1.] [대통령령 제36473호,2026. 6. 211., 일부개정]",제128조 과태료의 부과기준
1938,"국민 평생 직업능력 개발법 시행규칙[시행2026. 7. 1.] [고용노동부령 제471호,2026. 6. 17., 일부개정]",제1조 목적
1939,"국민 평생 직업능력 개발법 시행규칙[시행2026. 7. 1.] [고용노동부령 제471호,2026. 6. 18., 일부개정]",제2조 
1940,"국민 평생 직업능력 개발법 시행규칙[시행2026. 7. 1.] [고용노동부령 제471호,2026. 6. 19., 일부개정]",제3조 직업능력개발훈련의 대상
1941,"국민 평생 직업능력 개발법 시행규칙[시행2026. 7. 1.] [고용노동부령 제471호,2026. 6. 20., 일부개정]",제4조 
1942,"국민 평생 직업능력 개발법 시행규칙[시행2026. 7. 1.] [고용노동부령 제471호,2026. 6. 21., 일부개정]",제5조 
1943,"국민 평생 직업능력 개발법 시행규칙[시행2026. 7. 1.] [고용노동부령 제471호,2026. 6. 22., 일부개정]",제6조 위탁계약 해지 등의 조치기준
1944,"국민 평생 직업능력 개발법 시행규칙[시행2026. 7. 1.] [고용노동부령 제471호,2026. 6. 23., 일부개정]",제6조의2 직업능력개발계좌 훈련비용의 지원한도
1945,"국민 평생 직업능력 개발법 시행규칙[시행2026. 7. 1.] [고용노동부령 제471호,2026. 6. 24., 일부개정]",제6조의3 계좌적합훈련과정 등에 대한 인정취소 등의 조치기준
1946,"국민 평생 직업능력 개발법 시행규칙[시행2026. 7. 1.] [고용노동부령 제471호,2026. 6. 25., 일부개정]",제7조 직업능력개발단체의 직업능력개발사업 지원 및 융자신청
1947,"국민 평생 직업능력 개발법 시행규칙[시행2026. 7. 1.] [고용노동부령 제471호,2026. 6. 26., 일부개정]",제7조의2 비용 지원ㆍ융자 관련 보존 서류
1948,"국민 평생 직업능력 개발법 시행규칙[시행2026. 7. 1.] [고용노동부령 제471호,2026. 6. 27., 일부개정]",제8조 직업능력개발훈련과정의 인정신청 등
1949,"국민 평생 직업능력 개발법 시행규칙[시행2026. 7. 1.] [고용노동부령 제471호,2026. 6. 28., 일부개정]",제8조의2 직업능력개발훈련과정 인정취소 등의 조치기준
1950,"국민 평생 직업능력 개발법 시행규칙[시행2026. 7. 1.] [고용노동부령 제471호,2026. 6. 29., 일부개정]",제9조 직무능력계좌의 발급 절차
1951,"국민 평생 직업능력 개발법 시행규칙[시행2026. 7. 1.] [고용노동부령 제471호,2026. 6. 30., 일부개정]",제10조 직무능력의 인정 및 인정 취소 기준
1952,"국민 평생 직업능력 개발법 시행규칙[시행2026. 7. 1.] [고용노동부령 제471호,2026. 6. 31., 일부개정]",제10조의2 직무능력 인정서의 발급 절차
1953,"국민 평생 직업능력 개발법 시행규칙[시행2026. 7. 1.] [고용노동부령 제471호,2026. 6. 32., 일부개정]",제10조의3 대학의 국가직무능력표준 기반 교과에 대한 인정
1954,"국민 평생 직업능력 개발법 시행규칙[시행2026. 7. 1.] [고용노동부령 제471호,2026. 6. 33., 일부개정]",제11조 공공직업훈련시설의 설치 협의ㆍ승인
1955,"국민 평생 직업능력 개발법 시행규칙[시행2026. 7. 1.] [고용노동부령 제471호,2026. 6. 34., 일부개정]",제12조 지정직업훈련시설의 지정 절차 등
1956,"국민 평생 직업능력 개발법 시행규칙[시행2026. 7. 1.] [고용노동부령 제471호,2026. 6. 35., 일부개정]",제13조 
1957,"국민 평생 직업능력 개발법 시행규칙[시행2026. 7. 1.] [고용노동부령 제471호,2026. 6. 36., 일부개정]",제14조 직업능력개발훈련법인의 설립신청 등
1958,"국민 평생 직업능력 개발법 시행규칙[시행2026. 7. 1.] [고용노동부령 제471호,2026. 6. 37., 일부개정]",제14조의2 직업능력개발훈련법인의 해산허가신청
1959,"국민 평생 직업능력 개발법 시행규칙[시행2026. 7. 1.] [고용노동부령 제471호,2026. 6. 38., 일부개정]",제14조의3 
1960,"국민 평생 직업능력 개발법 시행규칙[시행2026. 7. 1.] [고용노동부령 제471호,2026. 6. 39., 일부개정]",제14조의4 
1961,"국민 평생 직업능력 개발법 시행규칙[시행2026. 7. 1.] [고용노동부령 제471호,2026. 6. 40., 일부개정]",제14조의5 귀속된 잔여재산의 목적 외의 처분ㆍ변경에 대한 확인
1962,"국민 평생 직업능력 개발법 시행규칙[시행2026. 7. 1.] [고용노동부령 제471호,2026. 6. 41., 일부개정]",제15조 직업능력개발훈련교사의 자격 취득훈련
1963,"국민 평생 직업능력 개발법 시행규칙[시행2026. 7. 1.] [고용노동부령 제471호,2026. 6. 42., 일부개정]",제16조 직업능력개발훈련교사 자격증의 발급신청 등
1964,"국민 평생 직업능력 개발법 시행규칙[시행2026. 7. 1.] [고용노동부령 제471호,2026. 6. 43., 일부개정]",제16조의2 자격증 발급 수수료
1965,"국민 평생 직업능력 개발법 시행규칙[시행2026. 7. 1.] [고용노동부령 제471호,2026. 6. 44., 일부개정]",제17조 직업능력개발훈련교사의 자격취소 및 자격정지 기준
1966,"국민 평생 직업능력 개발법 시행규칙[시행2026. 7. 1.] [고용노동부령 제471호,2026. 6. 45., 일부개정]",제17조의2 직업능력개발훈련교사 등에 대한 강의 제한 기준
1967,"국민 평생 직업능력 개발법 시행규칙[시행2026. 7. 1.] [고용노동부령 제471호,2026. 6. 46., 일부개정]",제18조 직업능력개발훈련교사의 양성을 위한 훈련과정 등
1968,"국민 평생 직업능력 개발법 시행규칙[시행2026. 7. 1.] [고용노동부령 제471호,2026. 6. 47., 일부개정]",제19조 직업능력개발훈련교사등의 능력개발사업에 대한 비용 지원 등
1969,"국민 평생 직업능력 개발법 시행규칙[시행2026. 7. 1.] [고용노동부령 제471호,2026. 6. 48., 일부개정]",제20조 훈련기준의 설정 절차
1970,"국민 평생 직업능력 개발법 시행규칙[시행2026. 7. 1.] [고용노동부령 제471호,2026. 6. 49., 일부개정]",제20조의2 수업료 및 그 밖의 징수금
1971,"국민 평생 직업능력 개발법 시행규칙[시행2026. 7. 1.] [고용노동부령 제471호,2026. 6. 50., 일부개정]",제21조 직업능력개발훈련사업의 평가 내용
1972,"국민 평생 직업능력 개발법 시행규칙[시행2026. 7. 1.] [고용노동부령 제471호,2026. 6. 51., 일부개정]",제22조 부정행위에 따른 지원ㆍ융자 또는 수강의 제한
1973,"국민 평생 직업능력 개발법 시행규칙[시행2026. 7. 1.] [고용노동부령 제471호,2026. 6. 52., 일부개정]",제22조의2 부정수급액의 반환 및 추가징수
1974,"국민 평생 직업능력 개발법 시행규칙[시행2026. 7. 1.] [고용노동부령 제471호,2026. 6. 53., 일부개정]",제22조의3 공표 대상자에 대한 통보
1975,"국민 평생 직업능력 개발법 시행규칙[시행2026. 7. 1.] [고용노동부령 제471호,2026. 6. 54., 일부개정]",제23조 신고 포상금의 지급대상 등
1976,"국민 평생 직업능력 개발법 시행규칙[시행2026. 7. 1.] [고용노동부령 제471호,2026. 6. 55., 일부개정]",제24조 포상금의 지급 기준
1977,"국민 평생 직업능력 개발법 시행규칙[시행2026. 7. 1.] [고용노동부령 제471호,2026. 6. 56., 일부개정]",제25조 부정행위의 신고기한
1978,"국민 평생 직업능력 개발법 시행규칙[시행2026. 7. 1.] [고용노동부령 제471호,2026. 6. 57., 일부개정]",제26조 신고의 경합 시 포상금의 지급방법
1979,"국민 평생 직업능력 개발법 시행규칙[시행2026. 7. 1.] [고용노동부령 제471호,2026. 6. 58., 일부개정]",제27조 포상금의 지급제한
1980,"국민 평생 직업능력 개발법 시행규칙[시행2026. 7. 1.] [고용노동부령 제471호,2026. 6. 59., 일부개정]",제28조 직업능력개발훈련 사업계획 등 보고
1981,"국민 평생 직업능력 개발법 시행규칙[시행2026. 7. 1.] [고용노동부령 제471호,2026. 6. 60., 일부개정]",제29조 지급사무의 처리
1982,"국민 평생 직업능력 개발법 시행규칙[시행2026. 7. 1.] [고용노동부령 제471호,2026. 6. 61., 일부개정]",제30조 규제의 재검토
1983,"고용노동부와 그 소속기관 직제 시행규칙[시행2026. 7. 1.] [고용노동부령 제472호,2026. 6. 30., 일부개정]",제1조 제1장 총칙
1984,"고용노동부와 그 소속기관 직제 시행규칙[시행2026. 7. 1.] [고용노동부령 제472호,2026. 6. 31., 일부개정]",제1조 목적
1985,"고용노동부와 그 소속기관 직제 시행규칙[시행2026. 7. 1.] [고용노동부령 제472호,2026. 6. 32., 일부개정]",제2조 제2장 고용노동부의 과 단위 기구
1986,"고용노동부와 그 소속기관 직제 시행규칙[시행2026. 7. 1.] [고용노동부령 제472호,2026. 6. 33., 일부개정]",제2조 대변인
1987,"고용노동부와 그 소속기관 직제 시행규칙[시행2026. 7. 1.] [고용노동부령 제472호,2026. 6. 34., 일부개정]",제3조 정책보좌관
1988,"고용노동부와 그 소속기관 직제 시행규칙[시행2026. 7. 1.] [고용노동부령 제472호,2026. 6. 35., 일부개정]",제3조의2 기획조정실장
1989,"고용노동부와 그 소속기관 직제 시행규칙[시행2026. 7. 1.] [고용노동부령 제472호,2026. 6. 36., 일부개정]",제4조 감사관
1990,"고용노동부와 그 소속기관 직제 시행규칙[시행2026. 7. 1.] [고용노동부령 제472호,2026. 6. 37., 일부개정]",제5조 
1991,"고용노동부와 그 소속기관 직제 시행규칙[시행2026. 7. 1.] [고용노동부령 제472호,2026. 6. 38., 일부개정]",제6조 고용정책실
1992,"고용노동부와 그 소속기관 직제 시행규칙[시행2026. 7. 1.] [고용노동부령 제472호,2026. 6. 39., 일부개정]",제6조의2 통합고용정책국
1993,"고용노동부와 그 소속기관 직제 시행규칙[시행2026. 7. 1.] [고용노동부령 제472호,2026. 6. 40., 일부개정]",제6조의3 직업능력정책국
1994,"고용노동부와 그 소속기관 직제 시행규칙[시행2026. 7. 1.] [고용노동부령 제472호,2026. 6. 41., 일부개정]",제7조 노동정책실
1995,"고용노동부와 그 소속기관 직제 시행규칙[시행2026. 7. 1.] [고용노동부령 제472호,2026. 6. 42., 일부개정]",제8조 산업안전보건정책실
1996,"고용노동부와 그 소속기관 직제 시행규칙[시행2026. 7. 1.] [고용노동부령 제472호,2026. 6. 43., 일부개정]",제9조 안전보건감독국
1997,"고용노동부와 그 소속기관 직제 시행규칙[시행2026. 7. 1.] [고용노동부령 제472호,2026. 6. 44., 일부개정]",제10조 고용보험심사위원회 상임위원
1998,"고용노동부와 그 소속기관 직제 시행규칙[시행2026. 7. 1.] [고용노동부령 제472호,2026. 6. 45., 일부개정]",제11조 제3장 삭제
1999,"고용노동부와 그 소속기관 직제 시행규칙[시행2026. 7. 1.] [고용노동부령 제472호,2026. 6. 46., 일부개정]",제11조 
2000,"고용노동부와 그 소속기관 직제 시행규칙[시행2026. 7. 1.] [고용노동부령 제472호,2026. 6. 47., 일부개정]",제12조 제4장 지방고용노동관서
2001,"고용노동부와 그 소속기관 직제 시행규칙[시행2026. 7. 1.] [고용노동부령 제472호,2026. 6. 48., 일부개정]",제12조 지방고용노동청ㆍ지청 및 출장소의 명칭ㆍ위치 및 관할 구역
2002,"고용노동부와 그 소속기관 직제 시행규칙[시행2026. 7. 1.] [고용노동부령 제472호,2026. 6. 49., 일부개정]",제13조 지방고용노동청장
2003,"고용노동부와 그 소속기관 직제 시행규칙[시행2026. 7. 1.] [고용노동부령 제472호,2026. 6. 50., 일부개정]",제14조 지방고용노동청에 두는 과
2004,"고용노동부와 그 소속기관 직제 시행규칙[시행2026. 7. 1.] [고용노동부령 제472호,2026. 6. 51., 일부개정]",제14조의2 지청장 및 출장소장
2005,"고용노동부와 그 소속기관 직제 시행규칙[시행2026. 7. 1.] [고용노동부령 제472호,2026. 6. 52., 일부개정]",제15조 지청 및 출장소에 두는 과
2006,"고용노동부와 그 소속기관 직제 시행규칙[시행2026. 7. 1.] [고용노동부령 제472호,2026. 6. 53., 일부개정]",제16조 제5장 노동위원회
2007,"고용노동부와 그 소속기관 직제 시행규칙[시행2026. 7. 1.] [고용노동부령 제472호,2026. 6. 54., 일부개정]",제16조 중앙노동위원회 상임위원
2008,"고용노동부와 그 소속기관 직제 시행규칙[시행2026. 7. 1.] [고용노동부령 제472호,2026. 6. 55., 일부개정]",제17조 중앙노동위원회 조정심판국장
2009,"고용노동부와 그 소속기관 직제 시행규칙[시행2026. 7. 1.] [고용노동부령 제472호,2026. 6. 56., 일부개정]",제18조 중앙노동위원회 기획총괄과 및 조정심판국에 두는 과
2010,"고용노동부와 그 소속기관 직제 시행규칙[시행2026. 7. 1.] [고용노동부령 제472호,2026. 6. 57., 일부개정]",제19조 지방노동위원회 위원장 및 상임위원
2011,"고용노동부와 그 소속기관 직제 시행규칙[시행2026. 7. 1.] [고용노동부령 제472호,2026. 6. 58., 일부개정]",제19조의2 지방노동위원회 사무국장
2012,"고용노동부와 그 소속기관 직제 시행규칙[시행2026. 7. 1.] [고용노동부령 제472호,2026. 6. 59., 일부개정]",제20조 지방노동위원회사무국에 두는 과
2013,"고용노동부와 그 소속기관 직제 시행규칙[시행2026. 7. 1.] [고용노동부령 제472호,2026. 6. 60., 일부개정]",제21조 제6장 최저임금위원회 및 산업재해보상보험재심사위원회
2014,"고용노동부와 그 소속기관 직제 시행규칙[시행2026. 7. 1.] [고용노동부령 제472호,2026. 6. 61., 일부개정]",제21조 최저임금위원회 상임위원
2015,"고용노동부와 그 소속기관 직제 시행규칙[시행2026. 7. 1.] [고용노동부령 제472호,2026. 6. 62., 일부개정]",제21조의2 최저임금위원회 사무국장
2016,"고용노동부와 그 소속기관 직제 시행규칙[시행2026. 7. 1.] [고용노동부령 제472호,2026. 6. 63., 일부개정]",제22조 산업재해보상보험재심사위원회 상임위원
2017,"고용노동부와 그 소속기관 직제 시행규칙[시행2026. 7. 1.] [고용노동부령 제472호,2026. 6. 64., 일부개정]",제22조의2 산업재해보상보험재심사위원회 사무국장
2018,"고용노동부와 그 소속기관 직제 시행규칙[시행2026. 7. 1.] [고용노동부령 제472호,2026. 6. 65., 일부개정]",제22조의3 제6장의2 고용노동부고객상담센터
2019,"고용노동부와 그 소속기관 직제 시행규칙[시행2026. 7. 1.] [고용노동부령 제472호,2026. 6. 66., 일부개정]",제22조의3 소장
2020,"고용노동부와 그 소속기관 직제 시행규칙[시행2026. 7. 1.] [고용노동부령 제472호,2026. 6. 67., 일부개정]",제23조 제7장 공무원의 정원
2021,"고용노동부와 그 소속기관 직제 시행규칙[시행2026. 7. 1.] [고용노동부령 제472호,2026. 6. 68., 일부개정]",제23조 고용노동부에 두는 공무원의 정원
2022,"고용노동부와 그 소속기관 직제 시행규칙[시행2026. 7. 1.] [고용노동부령 제472호,2026. 6. 69., 일부개정]",제24조 소속기관에 두는 공무원의 정원
2023,"고용노동부와 그 소속기관 직제 시행규칙[시행2026. 7. 1.] [고용노동부령 제472호,2026. 6. 70., 일부개정]",제24조의2 
2024,"고용노동부와 그 소속기관 직제 시행규칙[시행2026. 7. 1.] [고용노동부령 제472호,2026. 6. 71., 일부개정]",제24조의3 시간선택제채용공무원 정원의 운영
2025,"고용노동부와 그 소속기관 직제 시행규칙[시행2026. 7. 1.] [고용노동부령 제472호,2026. 6. 72., 일부개정]",제25조 전문직공무원 정원의 배정 및 운영에 대한 특례
2026,"고용노동부와 그 소속기관 직제 시행규칙[시행2026. 7. 1.] [고용노동부령 제472호,2026. 6. 73., 일부개정]",제26조 제8장 평가대상 조직 및 정원
2027,"고용노동부와 그 소속기관 직제 시행규칙[시행2026. 7. 1.] [고용노동부령 제472호,2026. 6. 74., 일부개정]",제26조 평가대상 조직 및 정원
2028,"고용노동부와 그 소속기관 직제 시행규칙[시행2026. 7. 1.] [고용노동부령 제472호,2026. 6. 75., 일부개정]",제27조 제9장 한시조직
2029,"고용노동부와 그 소속기관 직제 시행규칙[시행2026. 7. 1.] [고용노동부령 제472호,2026. 6. 76., 일부개정]",제27조 
2030,"고용노동부와 그 소속기관 직제 시행규칙[시행2026. 7. 1.] [고용노동부령 제472호,2026. 6. 77., 일부개정]",제27조의2 임금근로시간정책과
2031,"고용노동부와 그 소속기관 직제 시행규칙[시행2026. 7. 1.] [고용노동부령 제472호,2026. 6. 78., 일부개정]",제28조 
2032,"장애인고용촉진 및 직업재활법 시행규칙[시행2026. 7. 1.] [고용노동부령 제474호,2026. 7. 1., 일부개정]",제1조 목적
2033,"장애인고용촉진 및 직업재활법 시행규칙[시행2026. 7. 1.] [고용노동부령 제474호,2026. 7. 2., 일부개정]",제2조 중증장애인
2034,"장애인고용촉진 및 직업재활법 시행규칙[시행2026. 7. 1.] [고용노동부령 제474호,2026. 7. 3., 일부개정]",제3조 장애인 표준사업장의 기준
2035,"장애인고용촉진 및 직업재활법 시행규칙[시행2026. 7. 1.] [고용노동부령 제474호,2026. 7. 4., 일부개정]",제4조 장애인 고용 의식의 고취를 위한 활동
2036,"장애인고용촉진 및 직업재활법 시행규칙[시행2026. 7. 1.] [고용노동부령 제474호,2026. 7. 5., 일부개정]",제4조의2 장애인 인식개선 교육 실시 결과 제출
2037,"장애인고용촉진 및 직업재활법 시행규칙[시행2026. 7. 1.] [고용노동부령 제474호,2026. 7. 6., 일부개정]",제4조의3 장애인 인식개선 교육기관의 지정
2038,"장애인고용촉진 및 직업재활법 시행규칙[시행2026. 7. 1.] [고용노동부령 제474호,2026. 7. 7., 일부개정]",제4조의4 장애인 인식개선 교육기관 지정 절차
2039,"장애인고용촉진 및 직업재활법 시행규칙[시행2026. 7. 1.] [고용노동부령 제474호,2026. 7. 8., 일부개정]",제4조의5 장애인 인식개선 교육 강사 및 위탁교육 방법
2040,"장애인고용촉진 및 직업재활법 시행규칙[시행2026. 7. 1.] [고용노동부령 제474호,2026. 7. 9., 일부개정]",제5조 장애인 직업재활 실시 기관
2041,"장애인고용촉진 및 직업재활법 시행규칙[시행2026. 7. 1.] [고용노동부령 제474호,2026. 7. 10., 일부개정]",제6조 자영업 장애인의 창업자금 융자기준 및 영업장소 임대기준 등
2042,"장애인고용촉진 및 직업재활법 시행규칙[시행2026. 7. 1.] [고용노동부령 제474호,2026. 7. 11., 일부개정]",제6조의2 출퇴근 교통비 지원 신청
2043,"장애인고용촉진 및 직업재활법 시행규칙[시행2026. 7. 1.] [고용노동부령 제474호,2026. 7. 12., 일부개정]",제6조의3 작업 보조 공학기기ㆍ장비의 지원 신청
2044,"장애인고용촉진 및 직업재활법 시행규칙[시행2026. 7. 1.] [고용노동부령 제474호,2026. 7. 13., 일부개정]",제7조 
2045,"장애인고용촉진 및 직업재활법 시행규칙[시행2026. 7. 1.] [고용노동부령 제474호,2026. 7. 14., 일부개정]",제7조의2 근로지원인 서비스의 신청
2046,"장애인고용촉진 및 직업재활법 시행규칙[시행2026. 7. 1.] [고용노동부령 제474호,2026. 7. 15., 일부개정]",제7조의3 장애인 표준사업장 생산품 구매계획 등의 제출
2047,"장애인고용촉진 및 직업재활법 시행규칙[시행2026. 7. 1.] [고용노동부령 제474호,2026. 7. 16., 일부개정]",제7조의4 장애인 표준사업장의 인증 신청 등
2048,"장애인고용촉진 및 직업재활법 시행규칙[시행2026. 7. 1.] [고용노동부령 제474호,2026. 7. 17., 일부개정]",제7조의5 장애인 표준사업장의 인증취소 절차 등
2049,"장애인고용촉진 및 직업재활법 시행규칙[시행2026. 7. 1.] [고용노동부령 제474호,2026. 7. 18., 일부개정]",제8조 부당 융자금 등에 대한 반환의 통지
2050,"장애인고용촉진 및 직업재활법 시행규칙[시행2026. 7. 1.] [고용노동부령 제474호,2026. 7. 19., 일부개정]",제8조의2 지원금의 추가 징수
2051,"장애인고용촉진 및 직업재활법 시행규칙[시행2026. 7. 1.] [고용노동부령 제474호,2026. 7. 20., 일부개정]",제8조의3 시정요구
2052,"장애인고용촉진 및 직업재활법 시행규칙[시행2026. 7. 1.] [고용노동부령 제474호,2026. 7. 21., 일부개정]",제8조의4 장애인 실태조사
2053,"장애인고용촉진 및 직업재활법 시행규칙[시행2026. 7. 1.] [고용노동부령 제474호,2026. 7. 22., 일부개정]",제8조의5 장애인 기능경기 대회 등 참가 신청
2054,"장애인고용촉진 및 직업재활법 시행규칙[시행2026. 7. 1.] [고용노동부령 제474호,2026. 7. 23., 일부개정]",제9조 장애인 공무원 채용계획 등의 제출
2055,"장애인고용촉진 및 직업재활법 시행규칙[시행2026. 7. 1.] [고용노동부령 제474호,2026. 7. 24., 일부개정]",제10조 시각장애인의 장애등급
2056,"장애인고용촉진 및 직업재활법 시행규칙[시행2026. 7. 1.] [고용노동부령 제474호,2026. 7. 25., 일부개정]",제11조 장애인 고용계획 등의 제출
2057,"장애인고용촉진 및 직업재활법 시행규칙[시행2026. 7. 1.] [고용노동부령 제474호,2026. 7. 26., 일부개정]",제12조 장애인 고용장려금의 지급신청
2058,"장애인고용촉진 및 직업재활법 시행규칙[시행2026. 7. 1.] [고용노동부령 제474호,2026. 7. 27., 일부개정]",제13조 부당이득금에 대한 반환 및 추가징수
2059,"장애인고용촉진 및 직업재활법 시행규칙[시행2026. 7. 1.] [고용노동부령 제474호,2026. 7. 28., 일부개정]",제14조 고용장려금 부정수급의 신고 등
2060,"장애인고용촉진 및 직업재활법 시행규칙[시행2026. 7. 1.] [고용노동부령 제474호,2026. 7. 29., 일부개정]",제14조의2 국가와 지방자치단체 등의 장애인 고용부담금의 신고ㆍ납부
2061,"장애인고용촉진 및 직업재활법 시행규칙[시행2026. 7. 1.] [고용노동부령 제474호,2026. 7. 30., 일부개정]",제15조 사업주의 부담금 신고ㆍ납부
2062,"장애인고용촉진 및 직업재활법 시행규칙[시행2026. 7. 1.] [고용노동부령 제474호,2026. 7. 31., 일부개정]",제16조 부담금의 환급 통지
2063,"장애인고용촉진 및 직업재활법 시행규칙[시행2026. 7. 1.] [고용노동부령 제474호,2026. 7. 32., 일부개정]",제17조 부담금의 분할납부 신청
2064,"장애인고용촉진 및 직업재활법 시행규칙[시행2026. 7. 1.] [고용노동부령 제474호,2026. 7. 33., 일부개정]",제18조 부담금 등 과오납금의 충당 신청
2065,"장애인고용촉진 및 직업재활법 시행규칙[시행2026. 7. 1.] [고용노동부령 제474호,2026. 7. 34., 일부개정]",제19조 부담금의 징수 및 추가징수의 통지
2066,"장애인고용촉진 및 직업재활법 시행규칙[시행2026. 7. 1.] [고용노동부령 제474호,2026. 7. 35., 일부개정]",제19조의2 부담금 징수에 대한 이의신청
2067,"장애인고용촉진 및 직업재활법 시행규칙[시행2026. 7. 1.] [고용노동부령 제474호,2026. 7. 36., 일부개정]",제20조 독촉장
2068,"장애인고용촉진 및 직업재활법 시행규칙[시행2026. 7. 1.] [고용노동부령 제474호,2026. 7. 37., 일부개정]",제21조 공매대행 수수료
2069,"장애인고용촉진 및 직업재활법 시행규칙[시행2026. 7. 1.] [고용노동부령 제474호,2026. 7. 38., 일부개정]",제22조 전문요원의 종류 등
2070,"장애인고용촉진 및 직업재활법 시행규칙[시행2026. 7. 1.] [고용노동부령 제474호,2026. 7. 39., 일부개정]",제22조의2 국가와 지방자치단체에 대한 특례
2071,"장애인고용촉진 및 직업재활법 시행규칙[시행2026. 7. 1.] [고용노동부령 제474호,2026. 7. 40., 일부개정]",제23조 규제의 재검토
2072,"근로자퇴직급여 보장법[시행2026. 7. 1.] [법률 제21475호,2026. 3. 17., 일부개정]",제1조 목적
2073,"근로자퇴직급여 보장법[시행2026. 7. 1.] [법률 제21475호,2026. 3. 18., 일부개정]",제2조 정의
2074,"근로자퇴직급여 보장법[시행2026. 7. 1.] [법률 제21475호,2026. 3. 19., 일부개정]",제3조 적용범위
2075,"근로자퇴직급여 보장법[시행2026. 7. 1.] [법률 제21475호,2026. 3. 20., 일부개정]",제4조 제2장 퇴직급여제도의 설정
2076,"근로자퇴직급여 보장법[시행2026. 7. 1.] [법률 제21475호,2026. 3. 21., 일부개정]",제4조 퇴직급여제도의 설정
2077,"근로자퇴직급여 보장법[시행2026. 7. 1.] [법률 제21475호,2026. 3. 22., 일부개정]",제5조 새로 성립된 사업의 퇴직급여제도
2078,"근로자퇴직급여 보장법[시행2026. 7. 1.] [법률 제21475호,2026. 3. 23., 일부개정]",제6조 가입자에 대한 둘 이상의 퇴직연금제도 설정
2079,"근로자퇴직급여 보장법[시행2026. 7. 1.] [법률 제21475호,2026. 3. 24., 일부개정]",제7조 수급권의 보호
2080,"근로자퇴직급여 보장법[시행2026. 7. 1.] [법률 제21475호,2026. 3. 25., 일부개정]",제8조 퇴직금제도의 설정 등
2081,"근로자퇴직급여 보장법[시행2026. 7. 1.] [법률 제21475호,2026. 3. 26., 일부개정]",제1조 제1장 총칙
2082,"근로자퇴직급여 보장법[시행2026. 7. 1.] [법률 제21475호,2026. 3. 27., 일부개정]",제10조 퇴직금의 시효
2083,"근로자퇴직급여 보장법[시행2026. 7. 1.] [법률 제21475호,2026. 3. 28., 일부개정]",제11조 퇴직급여제도의 미설정에 따른 처리
2084,"근로자퇴직급여 보장법[시행2026. 7. 1.] [법률 제21475호,2026. 3. 29., 일부개정]",제12조 퇴직급여등의 우선변제
2085,"근로자퇴직급여 보장법[시행2026. 7. 1.] [법률 제21475호,2026. 3. 30., 일부개정]",제13조 제3장 확정급여형퇴직연금제도
2086,"근로자퇴직급여 보장법[시행2026. 7. 1.] [법률 제21475호,2026. 3. 31., 일부개정]",제13조 확정급여형퇴직연금제도의 설정
2087,"근로자퇴직급여 보장법[시행2026. 7. 1.] [법률 제21475호,2026. 3. 32., 일부개정]",제14조 가입기간
2088,"근로자퇴직급여 보장법[시행2026. 7. 1.] [법률 제21475호,2026. 3. 33., 일부개정]",제15조 급여수준
2089,"근로자퇴직급여 보장법[시행2026. 7. 1.] [법률 제21475호,2026. 3. 34., 일부개정]",제16조 급여 지급능력 확보 등
2090,"근로자퇴직급여 보장법[시행2026. 7. 1.] [법률 제21475호,2026. 3. 35., 일부개정]",제17조 급여 종류 및 수급요건 등
2091,"근로자퇴직급여 보장법[시행2026. 7. 1.] [법률 제21475호,2026. 3. 36., 일부개정]",제18조 운용현황의 통지
2092,"근로자퇴직급여 보장법[시행2026. 7. 1.] [법률 제21475호,2026. 3. 37., 일부개정]",제18조의2 적립금운용위원회 구성 등
2093,"근로자퇴직급여 보장법[시행2026. 7. 1.] [법률 제21475호,2026. 3. 38., 일부개정]",제19조 제4장 확정기여형퇴직연금제도
2094,"근로자퇴직급여 보장법[시행2026. 7. 1.] [법률 제21475호,2026. 3. 39., 일부개정]",제19조 확정기여형퇴직연금제도의 설정
2095,"근로자퇴직급여 보장법[시행2026. 7. 1.] [법률 제21475호,2026. 3. 40., 일부개정]",제20조 부담금의 부담수준 및 납입 등
2096,"근로자퇴직급여 보장법[시행2026. 7. 1.] [법률 제21475호,2026. 3. 41., 일부개정]",제21조 적립금 운용방법 및 정보제공
2097,"근로자퇴직급여 보장법[시행2026. 7. 1.] [법률 제21475호,2026. 3. 42., 일부개정]",제21조의2 사전지정운용제도의 설정
2098,"근로자퇴직급여 보장법[시행2026. 7. 1.] [법률 제21475호,2026. 3. 43., 일부개정]",제21조의3 사전지정운용제도의 운영
2099,"근로자퇴직급여 보장법[시행2026. 7. 1.] [법률 제21475호,2026. 3. 44., 일부개정]",제21조의4 가입자의 사전지정운용방법 선정
2100,"근로자퇴직급여 보장법[시행2026. 7. 1.] [법률 제21475호,2026. 3. 45., 일부개정]",제22조 적립금의 중도인출
2101,"근로자퇴직급여 보장법[시행2026. 7. 1.] [법률 제21475호,2026. 3. 46., 일부개정]",제23조 둘 이상의 사용자가 참여하는 확정기여형퇴직연금제도 설정
2102,"근로자퇴직급여 보장법[시행2026. 7. 1.] [법률 제21475호,2026. 3. 47., 일부개정]",제23조의2 제4장의2 중소기업퇴직연금기금제도
2103,"근로자퇴직급여 보장법[시행2026. 7. 1.] [법률 제21475호,2026. 3. 48., 일부개정]",제23조의2 중소기업퇴직연금기금제도의 운영
2104,"근로자퇴직급여 보장법[시행2026. 7. 1.] [법률 제21475호,2026. 3. 49., 일부개정]",제23조의3 중소기업퇴직연금기금의 관리 및 운용
2105,"근로자퇴직급여 보장법[시행2026. 7. 1.] [법률 제21475호,2026. 3. 50., 일부개정]",제23조의4 자료의 활용
2106,"근로자퇴직급여 보장법[시행2026. 7. 1.] [법률 제21475호,2026. 3. 51., 일부개정]",제23조의5 중소기업퇴직연금기금표준계약서의 기재사항 등
2107,"근로자퇴직급여 보장법[시행2026. 7. 1.] [법률 제21475호,2026. 3. 52., 일부개정]",제23조의6 중소기업퇴직연금기금제도의 설정
2108,"근로자퇴직급여 보장법[시행2026. 7. 1.] [법률 제21475호,2026. 3. 53., 일부개정]",제23조의7 부담금의 부담수준 및 납입 등
2109,"근로자퇴직급여 보장법[시행2026. 7. 1.] [법률 제21475호,2026. 3. 54., 일부개정]",제23조의8 중소기업퇴직연금기금제도 가입자부담금 계정의 설정 등
2110,"근로자퇴직급여 보장법[시행2026. 7. 1.] [법률 제21475호,2026. 3. 55., 일부개정]",제23조의9 가입기간
2111,"근로자퇴직급여 보장법[시행2026. 7. 1.] [법률 제21475호,2026. 3. 56., 일부개정]",제23조의10 기금 운용정보 제공
2112,"근로자퇴직급여 보장법[시행2026. 7. 1.] [법률 제21475호,2026. 3. 57., 일부개정]",제23조의11 운용현황의 통지
2113,"근로자퇴직급여 보장법[시행2026. 7. 1.] [법률 제21475호,2026. 3. 58., 일부개정]",제23조의12 급여의 종류 및 수급요건 등
2114,"근로자퇴직급여 보장법[시행2026. 7. 1.] [법률 제21475호,2026. 3. 59., 일부개정]",제9조 퇴직금의 지급 등
2115,"근로자퇴직급여 보장법[시행2026. 7. 1.] [법률 제21475호,2026. 3. 60., 일부개정]",제23조의13 적립금의 중도인출
2116,"근로자퇴직급여 보장법[시행2026. 7. 1.] [법률 제21475호,2026. 3. 61., 일부개정]",제23조의14 국가의 지원
2117,"근로자퇴직급여 보장법[시행2026. 7. 1.] [법률 제21475호,2026. 3. 62., 일부개정]",제23조의15 공단의 책무
2118,"근로자퇴직급여 보장법[시행2026. 7. 1.] [법률 제21475호,2026. 3. 63., 일부개정]",제23조의16 지도ㆍ감독 등
2119,"근로자퇴직급여 보장법[시행2026. 7. 1.] [법률 제21475호,2026. 3. 64., 일부개정]",제24조 제5장 개인형퇴직연금제도
2120,"근로자퇴직급여 보장법[시행2026. 7. 1.] [법률 제21475호,2026. 3. 65., 일부개정]",제24조 개인형퇴직연금제도의 설정 및 운영 등
2121,"근로자퇴직급여 보장법[시행2026. 7. 1.] [법률 제21475호,2026. 3. 66., 일부개정]",제25조 10명 미만을 사용하는 사업에 대한 특례
2122,"근로자퇴직급여 보장법[시행2026. 7. 1.] [법률 제21475호,2026. 3. 67., 일부개정]",제26조 제6장 퇴직연금사업자 및 업무의 수행
2123,"근로자퇴직급여 보장법[시행2026. 7. 1.] [법률 제21475호,2026. 3. 68., 일부개정]",제26조 퇴직연금사업자의 등록
2124,"근로자퇴직급여 보장법[시행2026. 7. 1.] [법률 제21475호,2026. 3. 69., 일부개정]",제27조 퇴직연금사업자에 대한 등록취소 및 이전명령
2125,"근로자퇴직급여 보장법[시행2026. 7. 1.] [법률 제21475호,2026. 3. 70., 일부개정]",제29조 자산관리업무에 관한 계약의 체결
2126,"근로자퇴직급여 보장법[시행2026. 7. 1.] [법률 제21475호,2026. 3. 71., 일부개정]",제29조의2 수수료
2127,"근로자퇴직급여 보장법[시행2026. 7. 1.] [법률 제21475호,2026. 3. 72., 일부개정]",제30조 운용관리업무의 수행
2128,"근로자퇴직급여 보장법[시행2026. 7. 1.] [법률 제21475호,2026. 3. 73., 일부개정]",제31조 모집업무의 위탁
2129,"근로자퇴직급여 보장법[시행2026. 7. 1.] [법률 제21475호,2026. 3. 74., 일부개정]",제32조 제7장 책무 및 감독
2130,"근로자퇴직급여 보장법[시행2026. 7. 1.] [법률 제21475호,2026. 3. 75., 일부개정]",제32조 사용자의 책무
2131,"근로자퇴직급여 보장법[시행2026. 7. 1.] [법률 제21475호,2026. 3. 76., 일부개정]",제33조 퇴직연금사업자의 책무
2132,"근로자퇴직급여 보장법[시행2026. 7. 1.] [법률 제21475호,2026. 3. 77., 일부개정]",제34조 정부의 책무 등
2133,"근로자퇴직급여 보장법[시행2026. 7. 1.] [법률 제21475호,2026. 3. 78., 일부개정]",제35조 사용자에 대한 감독
2134,"근로자퇴직급여 보장법[시행2026. 7. 1.] [법률 제21475호,2026. 3. 79., 일부개정]",제28조 운용관리업무에 관한 계약의 체결
2135,"근로자퇴직급여 보장법[시행2026. 7. 1.] [법률 제21475호,2026. 3. 80., 일부개정]",제36조 퇴직연금사업자에 대한 감독
2136,"근로자퇴직급여 보장법[시행2026. 7. 1.] [법률 제21475호,2026. 3. 81., 일부개정]",제37조 금융거래정보의 제공 요청 등
2137,"근로자퇴직급여 보장법[시행2026. 7. 1.] [법률 제21475호,2026. 3. 82., 일부개정]",제38조 제8장 보칙
2138,"근로자퇴직급여 보장법[시행2026. 7. 1.] [법률 제21475호,2026. 3. 83., 일부개정]",제38조 퇴직연금제도의 폐지ㆍ중단 시의 처리
2139,"근로자퇴직급여 보장법[시행2026. 7. 1.] [법률 제21475호,2026. 3. 84., 일부개정]",제39조 업무의 협조
2140,"근로자퇴직급여 보장법[시행2026. 7. 1.] [법률 제21475호,2026. 3. 85., 일부개정]",제40조 보고 및 조사
2141,"근로자퇴직급여 보장법[시행2026. 7. 1.] [법률 제21475호,2026. 3. 86., 일부개정]",제41조 청문
2142,"근로자퇴직급여 보장법[시행2026. 7. 1.] [법률 제21475호,2026. 3. 87., 일부개정]",제42조 권한의 위임ㆍ위탁
2143,"근로자퇴직급여 보장법[시행2026. 7. 1.] [법률 제21475호,2026. 3. 88., 일부개정]",제43조 제9장 벌칙
2144,"근로자퇴직급여 보장법[시행2026. 7. 1.] [법률 제21475호,2026. 3. 89., 일부개정]",제43조 벌칙
2145,"근로자퇴직급여 보장법[시행2026. 7. 1.] [법률 제21475호,2026. 3. 90., 일부개정]",제44조 벌칙
2146,"근로자퇴직급여 보장법[시행2026. 7. 1.] [법률 제21475호,2026. 3. 91., 일부개정]",제46조 벌칙
2147,"근로자퇴직급여 보장법[시행2026. 7. 1.] [법률 제21475호,2026. 3. 92., 일부개정]",제47조 양벌규정
2148,"근로자퇴직급여 보장법[시행2026. 7. 1.] [법률 제21475호,2026. 3. 93., 일부개정]",제48조 과태료
2149,"근로자퇴직급여 보장법[시행2026. 7. 1.] [법률 제21475호,2026. 3. 94., 일부개정]",제45조 벌칙
2150,"근로자퇴직급여 보장법[시행2026. 7. 1.] [법률 제21475호,2026. 3. 95., 일부개정]",제1조 제1장 총칙
2151,"근로자퇴직급여 보장법[시행2026. 7. 1.] [법률 제21475호,2026. 3. 96., 일부개정]",제1조 목적
2152,"근로자퇴직급여 보장법[시행2026. 7. 1.] [법률 제21475호,2026. 3. 97., 일부개정]",제2조 정의
2153,"근로자퇴직급여 보장법[시행2026. 7. 1.] [법률 제21475호,2026. 3. 98., 일부개정]",제3조 적용범위
2154,"근로자퇴직급여 보장법[시행2026. 7. 1.] [법률 제21475호,2026. 3. 99., 일부개정]",제4조 제2장 퇴직급여제도의 설정
2155,"근로자퇴직급여 보장법[시행2026. 7. 1.] [법률 제21475호,2026. 3. 100., 일부개정]",제4조 퇴직급여제도의 설정
2156,"근로자퇴직급여 보장법[시행2026. 7. 1.] [법률 제21475호,2026. 3. 101., 일부개정]",제5조 새로 성립된 사업의 퇴직급여제도
2157,"근로자퇴직급여 보장법[시행2026. 7. 1.] [법률 제21475호,2026. 3. 102., 일부개정]",제6조 가입자에 대한 둘 이상의 퇴직연금제도 설정
2158,"근로자퇴직급여 보장법[시행2026. 7. 1.] [법률 제21475호,2026. 3. 103., 일부개정]",제7조 수급권의 보호
2159,"근로자퇴직급여 보장법[시행2026. 7. 1.] [법률 제21475호,2026. 3. 104., 일부개정]",제8조 퇴직금제도의 설정 등
2160,"근로자퇴직급여 보장법[시행2026. 7. 1.] [법률 제21475호,2026. 3. 105., 일부개정]",제9조 퇴직금의 지급 등
2161,"근로자퇴직급여 보장법[시행2026. 7. 1.] [법률 제21475호,2026. 3. 106., 일부개정]",제10조 퇴직금의 시효
2162,"근로자퇴직급여 보장법[시행2026. 7. 1.] [법률 제21475호,2026. 3. 107., 일부개정]",제11조 퇴직급여제도의 미설정에 따른 처리
2163,"근로자퇴직급여 보장법[시행2026. 7. 1.] [법률 제21475호,2026. 3. 108., 일부개정]",제12조 퇴직급여등의 우선변제
2164,"근로자퇴직급여 보장법[시행2026. 7. 1.] [법률 제21475호,2026. 3. 109., 일부개정]",제13조 제3장 확정급여형퇴직연금제도
2165,"근로자퇴직급여 보장법[시행2026. 7. 1.] [법률 제21475호,2026. 3. 110., 일부개정]",제13조 확정급여형퇴직연금제도의 설정
2166,"근로자퇴직급여 보장법[시행2026. 7. 1.] [법률 제21475호,2026. 3. 111., 일부개정]",제14조 가입기간
2167,"근로자퇴직급여 보장법[시행2026. 7. 1.] [법률 제21475호,2026. 3. 112., 일부개정]",제15조 급여수준
2168,"근로자퇴직급여 보장법[시행2026. 7. 1.] [법률 제21475호,2026. 3. 113., 일부개정]",제16조 급여 지급능력 확보 등
2169,"근로자퇴직급여 보장법[시행2026. 7. 1.] [법률 제21475호,2026. 3. 114., 일부개정]",제17조 급여 종류 및 수급요건 등
2170,"근로자퇴직급여 보장법[시행2026. 7. 1.] [법률 제21475호,2026. 3. 115., 일부개정]",제18조 운용현황의 통지
2171,"근로자퇴직급여 보장법[시행2026. 7. 1.] [법률 제21475호,2026. 3. 116., 일부개정]",제18조의2 적립금운용위원회 구성 등
2172,"근로자퇴직급여 보장법[시행2026. 7. 1.] [법률 제21475호,2026. 3. 117., 일부개정]",제19조 제4장 확정기여형퇴직연금제도
2173,"근로자퇴직급여 보장법[시행2026. 7. 1.] [법률 제21475호,2026. 3. 118., 일부개정]",제19조 확정기여형퇴직연금제도의 설정
2174,"근로자퇴직급여 보장법[시행2026. 7. 1.] [법률 제21475호,2026. 3. 119., 일부개정]",제20조 부담금의 부담수준 및 납입 등
2175,"근로자퇴직급여 보장법[시행2026. 7. 1.] [법률 제21475호,2026. 3. 120., 일부개정]",제21조 적립금 운용방법 및 정보제공
2176,"근로자퇴직급여 보장법[시행2026. 7. 1.] [법률 제21475호,2026. 3. 121., 일부개정]",제21조의2 사전지정운용제도의 설정
2177,"근로자퇴직급여 보장법[시행2026. 7. 1.] [법률 제21475호,2026. 3. 122., 일부개정]",제21조의3 사전지정운용제도의 운영
2178,"근로자퇴직급여 보장법[시행2026. 7. 1.] [법률 제21475호,2026. 3. 123., 일부개정]",제21조의4 가입자의 사전지정운용방법 선정
2179,"근로자퇴직급여 보장법[시행2026. 7. 1.] [법률 제21475호,2026. 3. 124., 일부개정]",제22조 적립금의 중도인출
2180,"근로자퇴직급여 보장법[시행2026. 7. 1.] [법률 제21475호,2026. 3. 125., 일부개정]",제23조 둘 이상의 사용자가 참여하는 확정기여형퇴직연금제도 설정
2181,"근로자퇴직급여 보장법[시행2026. 7. 1.] [법률 제21475호,2026. 3. 126., 일부개정]",제23조의2 제4장의2 중소기업퇴직연금기금제도
2182,"근로자퇴직급여 보장법[시행2026. 7. 1.] [법률 제21475호,2026. 3. 127., 일부개정]",제23조의2 중소기업퇴직연금기금제도의 운영
2183,"근로자퇴직급여 보장법[시행2026. 7. 1.] [법률 제21475호,2026. 3. 128., 일부개정]",제23조의3 중소기업퇴직연금기금의 관리 및 운용
2184,"근로자퇴직급여 보장법[시행2026. 7. 1.] [법률 제21475호,2026. 3. 129., 일부개정]",제23조의4 자료의 활용
2185,"근로자퇴직급여 보장법[시행2026. 7. 1.] [법률 제21475호,2026. 3. 130., 일부개정]",제23조의5 중소기업퇴직연금기금표준계약서의 기재사항 등
2186,"근로자퇴직급여 보장법[시행2026. 7. 1.] [법률 제21475호,2026. 3. 131., 일부개정]",제23조의6 중소기업퇴직연금기금제도의 설정
2187,"근로자퇴직급여 보장법[시행2026. 7. 1.] [법률 제21475호,2026. 3. 132., 일부개정]",제23조의7 부담금의 부담수준 및 납입 등
2188,"근로자퇴직급여 보장법[시행2026. 7. 1.] [법률 제21475호,2026. 3. 133., 일부개정]",제23조의8 중소기업퇴직연금기금제도 가입자부담금 계정의 설정 등
2189,"근로자퇴직급여 보장법[시행2026. 7. 1.] [법률 제21475호,2026. 3. 134., 일부개정]",제23조의9 가입기간
2190,"근로자퇴직급여 보장법[시행2026. 7. 1.] [법률 제21475호,2026. 3. 135., 일부개정]",제23조의10 기금 운용정보 제공
2191,"근로자퇴직급여 보장법[시행2026. 7. 1.] [법률 제21475호,2026. 3. 136., 일부개정]",제23조의11 운용현황의 통지
2192,"근로자퇴직급여 보장법[시행2026. 7. 1.] [법률 제21475호,2026. 3. 137., 일부개정]",제23조의12 급여의 종류 및 수급요건 등
2193,"근로자퇴직급여 보장법[시행2026. 7. 1.] [법률 제21475호,2026. 3. 138., 일부개정]",제23조의13 적립금의 중도인출
2194,"근로자퇴직급여 보장법[시행2026. 7. 1.] [법률 제21475호,2026. 3. 139., 일부개정]",제23조의14 국가의 지원
2195,"근로자퇴직급여 보장법[시행2026. 7. 1.] [법률 제21475호,2026. 3. 140., 일부개정]",제23조의15 공단의 책무
2196,"근로자퇴직급여 보장법[시행2026. 7. 1.] [법률 제21475호,2026. 3. 141., 일부개정]",제23조의16 지도ㆍ감독 등
2197,"근로자퇴직급여 보장법[시행2026. 7. 1.] [법률 제21475호,2026. 3. 142., 일부개정]",제24조 제5장 개인형퇴직연금제도
2198,"근로자퇴직급여 보장법[시행2026. 7. 1.] [법률 제21475호,2026. 3. 143., 일부개정]",제24조 개인형퇴직연금제도의 설정 및 운영 등
2199,"근로자퇴직급여 보장법[시행2026. 7. 1.] [법률 제21475호,2026. 3. 144., 일부개정]",제25조 10명 미만을 사용하는 사업에 대한 특례
2200,"근로자퇴직급여 보장법[시행2026. 7. 1.] [법률 제21475호,2026. 3. 145., 일부개정]",제26조 제6장 퇴직연금사업자 및 업무의 수행
2201,"근로자퇴직급여 보장법[시행2026. 7. 1.] [법률 제21475호,2026. 3. 146., 일부개정]",제26조 퇴직연금사업자의 등록
2202,"근로자퇴직급여 보장법[시행2026. 7. 1.] [법률 제21475호,2026. 3. 147., 일부개정]",제27조 퇴직연금사업자에 대한 등록취소 및 이전명령
2203,"근로자퇴직급여 보장법[시행2026. 7. 1.] [법률 제21475호,2026. 3. 148., 일부개정]",제28조 운용관리업무에 관한 계약의 체결
2204,"근로자퇴직급여 보장법[시행2026. 7. 1.] [법률 제21475호,2026. 3. 149., 일부개정]",제29조 자산관리업무에 관한 계약의 체결
2205,"근로자퇴직급여 보장법[시행2026. 7. 1.] [법률 제21475호,2026. 3. 150., 일부개정]",제29조의2 수수료
2206,"근로자퇴직급여 보장법[시행2026. 7. 1.] [법률 제21475호,2026. 3. 151., 일부개정]",제30조 운용관리업무의 수행
2207,"근로자퇴직급여 보장법[시행2026. 7. 1.] [법률 제21475호,2026. 3. 152., 일부개정]",제31조 모집업무의 위탁
2208,"근로자퇴직급여 보장법[시행2026. 7. 1.] [법률 제21475호,2026. 3. 153., 일부개정]",제32조 제7장 책무 및 감독
2209,"근로자퇴직급여 보장법[시행2026. 7. 1.] [법률 제21475호,2026. 3. 154., 일부개정]",제32조 사용자의 책무
2210,"근로자퇴직급여 보장법[시행2026. 7. 1.] [법률 제21475호,2026. 3. 155., 일부개정]",제33조 퇴직연금사업자의 책무
2211,"근로자퇴직급여 보장법[시행2026. 7. 1.] [법률 제21475호,2026. 3. 156., 일부개정]",제34조 정부의 책무 등
2212,"근로자퇴직급여 보장법[시행2026. 7. 1.] [법률 제21475호,2026. 3. 157., 일부개정]",제35조 사용자에 대한 감독
2213,"근로자퇴직급여 보장법[시행2026. 7. 1.] [법률 제21475호,2026. 3. 158., 일부개정]",제36조 퇴직연금사업자에 대한 감독
2214,"근로자퇴직급여 보장법[시행2026. 7. 1.] [법률 제21475호,2026. 3. 159., 일부개정]",제37조 금융거래정보의 제공 요청 등
2215,"근로자퇴직급여 보장법[시행2026. 7. 1.] [법률 제21475호,2026. 3. 160., 일부개정]",제38조 제8장 보칙
2216,"근로자퇴직급여 보장법[시행2026. 7. 1.] [법률 제21475호,2026. 3. 161., 일부개정]",제38조 퇴직연금제도의 폐지ㆍ중단 시의 처리
2217,"근로자퇴직급여 보장법[시행2026. 7. 1.] [법률 제21475호,2026. 3. 162., 일부개정]",제39조 업무의 협조
2218,"근로자퇴직급여 보장법[시행2026. 7. 1.] [법률 제21475호,2026. 3. 163., 일부개정]",제40조 보고 및 조사
2219,"근로자퇴직급여 보장법[시행2026. 7. 1.] [법률 제21475호,2026. 3. 164., 일부개정]",제41조 청문
2220,"근로자퇴직급여 보장법[시행2026. 7. 1.] [법률 제21475호,2026. 3. 165., 일부개정]",제42조 권한의 위임ㆍ위탁
2221,"근로자퇴직급여 보장법[시행2026. 7. 1.] [법률 제21475호,2026. 3. 166., 일부개정]",제43조 제9장 벌칙
2222,"근로자퇴직급여 보장법[시행2026. 7. 1.] [법률 제21475호,2026. 3. 167., 일부개정]",제43조 벌칙
2223,"근로자퇴직급여 보장법[시행2026. 7. 1.] [법률 제21475호,2026. 3. 168., 일부개정]",제44조 벌칙
2224,"근로자퇴직급여 보장법[시행2026. 7. 1.] [법률 제21475호,2026. 3. 169., 일부개정]",제45조 벌칙
2225,"근로자퇴직급여 보장법[시행2026. 7. 1.] [법률 제21475호,2026. 3. 170., 일부개정]",제46조 벌칙
2226,"근로자퇴직급여 보장법[시행2026. 7. 1.] [법률 제21475호,2026. 3. 171., 일부개정]",제47조 양벌규정
2227,"근로자퇴직급여 보장법[시행2026. 7. 1.] [법률 제21475호,2026. 3. 172., 일부개정]",제48조 과태료
2228,"임금채권보장법[시행2026. 5. 12.] [법률 제21137호,2025. 11. 11., 일부개정]",제1조 목적
2229,"임금채권보장법[시행2026. 5. 12.] [법률 제21137호,2025. 11. 12., 일부개정]",제2조 정의
2230,"임금채권보장법[시행2026. 5. 12.] [법률 제21137호,2025. 11. 13., 일부개정]",제3조 적용 범위
2231,"임금채권보장법[시행2026. 5. 12.] [법률 제21137호,2025. 11. 14., 일부개정]",제3조의2 
2232,"임금채권보장법[시행2026. 5. 12.] [법률 제21137호,2025. 11. 15., 일부개정]",제4조 준용
2233,"임금채권보장법[시행2026. 5. 12.] [법률 제21137호,2025. 11. 16., 일부개정]",제5조 국고의 부담
2234,"임금채권보장법[시행2026. 5. 12.] [법률 제21137호,2025. 11. 17., 일부개정]",제6조 임금채권보장기금심의위원회
2235,"임금채권보장법[시행2026. 5. 12.] [법률 제21137호,2025. 11. 18., 일부개정]",제7조 제2장 임금채권의 지급보장
2236,"임금채권보장법[시행2026. 5. 12.] [법률 제21137호,2025. 11. 19., 일부개정]",제7조 퇴직한 근로자에 대한 대지급금의 지급
2237,"임금채권보장법[시행2026. 5. 12.] [법률 제21137호,2025. 11. 20., 일부개정]",제7조의2 재직 근로자에 대한 대지급금의 지급
2238,"임금채권보장법[시행2026. 5. 12.] [법률 제21137호,2025. 11. 21., 일부개정]",제7조의3 체불 임금등 및 생계비 융자
2239,"임금채권보장법[시행2026. 5. 12.] [법률 제21137호,2025. 11. 22., 일부개정]",제8조 미지급 임금등의 청구권의 대위
2240,"임금채권보장법[시행2026. 5. 12.] [법률 제21137호,2025. 11. 23., 일부개정]",제8조의2 변제금의 징수
2241,"임금채권보장법[시행2026. 5. 12.] [법률 제21137호,2025. 11. 24., 일부개정]",제9조 사업주의 부담금
2242,"임금채권보장법[시행2026. 5. 12.] [법률 제21137호,2025. 11. 25., 일부개정]",제10조 부담금의 경감
2243,"임금채권보장법[시행2026. 5. 12.] [법률 제21137호,2025. 11. 26., 일부개정]",제11조 대지급금수급계좌
2244,"임금채권보장법[시행2026. 5. 12.] [법률 제21137호,2025. 11. 27., 일부개정]",제11조의2 수급권의 보호
2245,"임금채권보장법[시행2026. 5. 12.] [법률 제21137호,2025. 11. 28., 일부개정]",제12조 체불 임금등의 확인
2246,"임금채권보장법[시행2026. 5. 12.] [법률 제21137호,2025. 11. 29., 일부개정]",제1조 제1장 총칙
2247,"임금채권보장법[시행2026. 5. 12.] [법률 제21137호,2025. 11. 30., 일부개정]",제13조 재산목록의 제출명령
2248,"임금채권보장법[시행2026. 5. 12.] [법률 제21137호,2025. 11. 31., 일부개정]",제13조의2 
2249,"임금채권보장법[시행2026. 5. 12.] [법률 제21137호,2025. 11. 32., 일부개정]",제14조 부당이득의 환수
2250,"임금채권보장법[시행2026. 5. 12.] [법률 제21137호,2025. 11. 33., 일부개정]",제15조 포상금의 지급
2251,"임금채권보장법[시행2026. 5. 12.] [법률 제21137호,2025. 11. 34., 일부개정]",제16조 준용
2252,"임금채권보장법[시행2026. 5. 12.] [법률 제21137호,2025. 11. 35., 일부개정]",제16조의2 
2253,"임금채권보장법[시행2026. 5. 12.] [법률 제21137호,2025. 11. 36., 일부개정]",제17조 제3장 임금채권보장기금
2254,"임금채권보장법[시행2026. 5. 12.] [법률 제21137호,2025. 11. 37., 일부개정]",제17조 기금의 설치
2255,"임금채권보장법[시행2026. 5. 12.] [법률 제21137호,2025. 11. 38., 일부개정]",제18조 기금의 조성
2256,"임금채권보장법[시행2026. 5. 12.] [법률 제21137호,2025. 11. 39., 일부개정]",제19조 기금의 용도
2257,"임금채권보장법[시행2026. 5. 12.] [법률 제21137호,2025. 11. 40., 일부개정]",제19조의2 
2258,"임금채권보장법[시행2026. 5. 12.] [법률 제21137호,2025. 11. 41., 일부개정]",제20조 기금의 관리ㆍ운용
2259,"임금채권보장법[시행2026. 5. 12.] [법률 제21137호,2025. 11. 42., 일부개정]",제21조 회계연도
2260,"임금채권보장법[시행2026. 5. 12.] [법률 제21137호,2025. 11. 43., 일부개정]",제22조 제4장 보칙
2261,"임금채권보장법[시행2026. 5. 12.] [법률 제21137호,2025. 11. 44., 일부개정]",제22조 보고 등
2262,"임금채권보장법[시행2026. 5. 12.] [법률 제21137호,2025. 11. 45., 일부개정]",제23조 관계 기관 등에 대한 협조요청
2263,"임금채권보장법[시행2026. 5. 12.] [법률 제21137호,2025. 11. 46., 일부개정]",제23조의2 개인정보의 보호
2264,"임금채권보장법[시행2026. 5. 12.] [법률 제21137호,2025. 11. 47., 일부개정]",제23조의3 미회수된 대지급금 자료의 제공
2265,"임금채권보장법[시행2026. 5. 12.] [법률 제21137호,2025. 11. 48., 일부개정]",제24조 검사
2266,"임금채권보장법[시행2026. 5. 12.] [법률 제21137호,2025. 11. 49., 일부개정]",제25조 신고
2267,"임금채권보장법[시행2026. 5. 12.] [법률 제21137호,2025. 11. 50., 일부개정]",제26조 소멸시효
2268,"임금채권보장법[시행2026. 5. 12.] [법률 제21137호,2025. 11. 51., 일부개정]",제27조 권한의 위임ㆍ위탁
2269,"임금채권보장법[시행2026. 5. 12.] [법률 제21137호,2025. 11. 52., 일부개정]",제27조의2 제5장 벌칙
2270,"임금채권보장법[시행2026. 5. 12.] [법률 제21137호,2025. 11. 53., 일부개정]",제27조의2 벌칙
2271,"임금채권보장법[시행2026. 5. 12.] [법률 제21137호,2025. 11. 54., 일부개정]",제28조 벌칙
2272,"임금채권보장법[시행2026. 5. 12.] [법률 제21137호,2025. 11. 55., 일부개정]",제29조 양벌규정
2273,"임금채권보장법[시행2026. 5. 12.] [법률 제21137호,2025. 11. 56., 일부개정]",제30조 과태료
2274,"임금채권보장법[시행2026. 8. 20.] [법률 제21376호,2026. 2. 19., 일부개정]",제1조 제1장 총칙
2275,"임금채권보장법[시행2026. 8. 20.] [법률 제21376호,2026. 2. 20., 일부개정]",제1조 목적
2276,"임금채권보장법[시행2026. 8. 20.] [법률 제21376호,2026. 2. 21., 일부개정]",제2조 정의
2277,"임금채권보장법[시행2026. 8. 20.] [법률 제21376호,2026. 2. 22., 일부개정]",제3조 적용 범위
2278,"임금채권보장법[시행2026. 8. 20.] [법률 제21376호,2026. 2. 23., 일부개정]",제3조의2 
2279,"임금채권보장법[시행2026. 8. 20.] [법률 제21376호,2026. 2. 24., 일부개정]",제4조 준용
2280,"임금채권보장법[시행2026. 8. 20.] [법률 제21376호,2026. 2. 25., 일부개정]",제5조 국고의 부담
2281,"임금채권보장법[시행2026. 8. 20.] [법률 제21376호,2026. 2. 26., 일부개정]",제6조 임금채권보장기금심의위원회
2282,"임금채권보장법[시행2026. 8. 20.] [법률 제21376호,2026. 2. 27., 일부개정]",제7조 제2장 임금채권의 지급보장
2283,"임금채권보장법[시행2026. 8. 20.] [법률 제21376호,2026. 2. 28., 일부개정]",제7조 퇴직한 근로자에 대한 대지급금의 지급
2284,"임금채권보장법[시행2026. 8. 20.] [법률 제21376호,2026. 2. 29., 일부개정]",제7조의2 재직 근로자에 대한 대지급금의 지급
2285,"임금채권보장법[시행2026. 8. 20.] [법률 제21376호,2026. 2. 30., 일부개정]",제7조의3 체불 임금등 및 생계비 융자
2286,"임금채권보장법[시행2026. 8. 20.] [법률 제21376호,2026. 2. 31., 일부개정]",제8조 미지급 임금등의 청구권의 대위
2287,"임금채권보장법[시행2026. 8. 20.] [법률 제21376호,2026. 2. 32., 일부개정]",제8조의2 변제금의 징수
2288,"임금채권보장법[시행2026. 8. 20.] [법률 제21376호,2026. 2. 33., 일부개정]",제9조 사업주의 부담금
2289,"임금채권보장법[시행2026. 8. 20.] [법률 제21376호,2026. 2. 34., 일부개정]",제10조 부담금의 경감
2290,"임금채권보장법[시행2026. 8. 20.] [법률 제21376호,2026. 2. 35., 일부개정]",제11조 대지급금수급계좌
2291,"임금채권보장법[시행2026. 8. 20.] [법률 제21376호,2026. 2. 36., 일부개정]",제11조의2 수급권의 보호
2292,"임금채권보장법[시행2026. 8. 20.] [법률 제21376호,2026. 2. 37., 일부개정]",제12조 체불 임금등의 확인
2293,"임금채권보장법[시행2026. 8. 20.] [법률 제21376호,2026. 2. 38., 일부개정]",제13조 재산목록의 제출명령
2294,"임금채권보장법[시행2026. 8. 20.] [법률 제21376호,2026. 2. 39., 일부개정]",제13조의2 
2295,"임금채권보장법[시행2026. 8. 20.] [법률 제21376호,2026. 2. 40., 일부개정]",제14조 부당이득의 환수
2296,"임금채권보장법[시행2026. 8. 20.] [법률 제21376호,2026. 2. 41., 일부개정]",제15조 포상금의 지급
2297,"임금채권보장법[시행2026. 8. 20.] [법률 제21376호,2026. 2. 42., 일부개정]",제16조 준용
2298,"임금채권보장법[시행2026. 8. 20.] [법률 제21376호,2026. 2. 43., 일부개정]",제16조의2 
2299,"임금채권보장법[시행2026. 8. 20.] [법률 제21376호,2026. 2. 44., 일부개정]",제17조 제3장 임금채권보장기금
2300,"임금채권보장법[시행2026. 8. 20.] [법률 제21376호,2026. 2. 45., 일부개정]",제17조 기금의 설치
2301,"임금채권보장법[시행2026. 8. 20.] [법률 제21376호,2026. 2. 46., 일부개정]",제18조 기금의 조성
2302,"임금채권보장법[시행2026. 8. 20.] [법률 제21376호,2026. 2. 47., 일부개정]",제19조 기금의 용도
2303,"임금채권보장법[시행2026. 8. 20.] [법률 제21376호,2026. 2. 48., 일부개정]",제19조의2 
2304,"임금채권보장법[시행2026. 8. 20.] [법률 제21376호,2026. 2. 49., 일부개정]",제20조 기금의 관리ㆍ운용
2305,"임금채권보장법[시행2026. 8. 20.] [법률 제21376호,2026. 2. 50., 일부개정]",제21조 회계연도
2306,"임금채권보장법[시행2026. 8. 20.] [법률 제21376호,2026. 2. 51., 일부개정]",제22조 제4장 보칙
2307,"임금채권보장법[시행2026. 8. 20.] [법률 제21376호,2026. 2. 52., 일부개정]",제22조 보고 등
2308,"임금채권보장법[시행2026. 8. 20.] [법률 제21376호,2026. 2. 53., 일부개정]",제23조 관계 기관 등에 대한 협조요청
2309,"임금채권보장법[시행2026. 8. 20.] [법률 제21376호,2026. 2. 54., 일부개정]",제23조의2 개인정보의 보호
2310,"임금채권보장법[시행2026. 8. 20.] [법률 제21376호,2026. 2. 55., 일부개정]",제23조의3 미회수된 대지급금 자료의 제공
2311,"임금채권보장법[시행2026. 8. 20.] [법률 제21376호,2026. 2. 56., 일부개정]",제24조 검사
2312,"임금채권보장법[시행2026. 8. 20.] [법률 제21376호,2026. 2. 57., 일부개정]",제25조 신고
2313,"임금채권보장법[시행2026. 8. 20.] [법률 제21376호,2026. 2. 58., 일부개정]",제26조 소멸시효
2314,"임금채권보장법[시행2026. 8. 20.] [법률 제21376호,2026. 2. 59., 일부개정]",제27조 권한의 위임ㆍ위탁
2315,"임금채권보장법[시행2026. 8. 20.] [법률 제21376호,2026. 2. 60., 일부개정]",제27조의2 제5장 벌칙
2316,"임금채권보장법[시행2026. 8. 20.] [법률 제21376호,2026. 2. 61., 일부개정]",제27조의2 벌칙
2317,"임금채권보장법[시행2026. 8. 20.] [법률 제21376호,2026. 2. 62., 일부개정]",제28조 벌칙
2318,"임금채권보장법[시행2026. 8. 20.] [법률 제21376호,2026. 2. 63., 일부개정]",제29조 양벌규정
2319,"임금채권보장법[시행2026. 8. 20.] [법률 제21376호,2026. 2. 64., 일부개정]",제30조 과태료
2320,"임금채권보장법 시행규칙[시행2026. 5. 12.] [고용노동부령 제468호,2026. 5. 12., 일부개정]",제12조의2 미회수자료의 제공 절차 및 방법 등
2321,"임금채권보장법 시행규칙[시행2026. 5. 12.] [고용노동부령 제468호,2026. 5. 13., 일부개정]",제13조 업무처리규정
2322,"임금채권보장법 시행규칙[시행2026. 5. 12.] [고용노동부령 제468호,2026. 5. 14., 일부개정]",제14조 공단의 보고
2323,"임금채권보장법 시행규칙[시행2026. 5. 12.] [고용노동부령 제468호,2026. 5. 15., 일부개정]",제15조 
2324,"임금채권보장법 시행규칙[시행2026. 5. 12.] [고용노동부령 제468호,2026. 5. 16., 일부개정]",제16조 서식
2325,"임금채권보장법 시행규칙[시행2026. 5. 12.] [고용노동부령 제468호,2026. 5. 17., 일부개정]",제17조 
2326,"임금채권보장법 시행규칙[시행2026. 5. 12.] [고용노동부령 제468호,2026. 5. 18., 일부개정]",제1조 목적
2327,"임금채권보장법 시행규칙[시행2026. 5. 12.] [고용노동부령 제468호,2026. 5. 19., 일부개정]",제2조 도산등사실인정의 신청
2328,"임금채권보장법 시행규칙[시행2026. 5. 12.] [고용노동부령 제468호,2026. 5. 20., 일부개정]",제3조 
2329,"임금채권보장법 시행규칙[시행2026. 5. 12.] [고용노동부령 제468호,2026. 5. 21., 일부개정]",제4조 도산등사실인정의 통지
2330,"임금채권보장법 시행규칙[시행2026. 5. 12.] [고용노동부령 제468호,2026. 5. 22., 일부개정]",제5조 대지급금의 지급 청구
2331,"임금채권보장법 시행규칙[시행2026. 5. 12.] [고용노동부령 제468호,2026. 5. 23., 일부개정]",제6조 확인의 신청
2332,"임금채권보장법 시행규칙[시행2026. 5. 12.] [고용노동부령 제468호,2026. 5. 24., 일부개정]",제7조 확인의 통지 등
2333,"임금채권보장법 시행규칙[시행2026. 5. 12.] [고용노동부령 제468호,2026. 5. 25., 일부개정]",제8조 대지급금의 지급
2334,"임금채권보장법 시행규칙[시행2026. 5. 12.] [고용노동부령 제468호,2026. 5. 26., 일부개정]",제8조의2 대지급금 관련업무 지원 대상 기준
2335,"임금채권보장법 시행규칙[시행2026. 5. 12.] [고용노동부령 제468호,2026. 5. 27., 일부개정]",제8조의3 대지급금 관련업무 지원 공인노무사 등
2336,"임금채권보장법 시행규칙[시행2026. 5. 12.] [고용노동부령 제468호,2026. 5. 28., 일부개정]",제8조의4 비용지원 금액 및 절차 등
2337,"임금채권보장법 시행규칙[시행2026. 5. 12.] [고용노동부령 제468호,2026. 5. 29., 일부개정]",제8조의5 
2338,"임금채권보장법 시행규칙[시행2026. 5. 12.] [고용노동부령 제468호,2026. 5. 30., 일부개정]",제8조의6 체불 임금등의 융자대상사업주
2339,"임금채권보장법 시행규칙[시행2026. 5. 12.] [고용노동부령 제468호,2026. 5. 31., 일부개정]",제8조의7 체불 임금등 융자금지급대상근로자
2340,"임금채권보장법 시행규칙[시행2026. 5. 12.] [고용노동부령 제468호,2026. 5. 32., 일부개정]",제8조의8 융자대상사업주의 확인
2341,"임금채권보장법 시행규칙[시행2026. 5. 12.] [고용노동부령 제468호,2026. 5. 33., 일부개정]",제8조의9 체불 임금등 융자의 신청
2342,"임금채권보장법 시행규칙[시행2026. 5. 12.] [고용노동부령 제468호,2026. 5. 34., 일부개정]",제8조의10 체불 임금등 융자의 금액과 조건
2343,"임금채권보장법 시행규칙[시행2026. 5. 12.] [고용노동부령 제468호,2026. 5. 35., 일부개정]",제8조의11 체불 임금등 융자계약의 체결
2344,"임금채권보장법 시행규칙[시행2026. 5. 12.] [고용노동부령 제468호,2026. 5. 36., 일부개정]",제8조의12 임금등 체불 근로자 생계비 융자
2345,"임금채권보장법 시행규칙[시행2026. 5. 12.] [고용노동부령 제468호,2026. 5. 37., 일부개정]",제8조의13 변제금의 납부통지
2346,"임금채권보장법 시행규칙[시행2026. 5. 12.] [고용노동부령 제468호,2026. 5. 38., 일부개정]",제8조의14 변제금의 납부독촉 등
2347,"임금채권보장법 시행규칙[시행2026. 5. 12.] [고용노동부령 제468호,2026. 5. 39., 일부개정]",제9조 부담금 경감 신청 및 통지
2348,"임금채권보장법 시행규칙[시행2026. 5. 12.] [고용노동부령 제468호,2026. 5. 40., 일부개정]",제9조의2 체불 임금등ㆍ사업주 확인서의 발급
2349,"임금채권보장법 시행규칙[시행2026. 5. 12.] [고용노동부령 제468호,2026. 5. 41., 일부개정]",제10조 재산목록의 제출
2350,"임금채권보장법 시행규칙[시행2026. 5. 12.] [고용노동부령 제468호,2026. 5. 42., 일부개정]",제11조 반환 요구 및 추가 징수 등
2351,"임금채권보장법 시행규칙[시행2026. 5. 12.] [고용노동부령 제468호,2026. 5. 43., 일부개정]",제11조의2 부정수급사실의 신고 등
2352,"임금채권보장법 시행규칙[시행2026. 5. 12.] [고용노동부령 제468호,2026. 5. 44., 일부개정]",제11조의3 기금관리요원
2353,"임금채권보장법 시행규칙[시행2026. 5. 12.] [고용노동부령 제468호,2026. 5. 45., 일부개정]",제12조 지급 사유 발생 사업주의 관리
2354,"노사관계 발전 지원에 관한 법률 시행령[시행2026. 1. 2.] [대통령령 제35948호,2025. 12. 30., 타법개정]",제1조 목적
2355,"노사관계 발전 지원에 관한 법률 시행령[시행2026. 1. 2.] [대통령령 제35948호,2025. 12. 31., 타법개정]","제2조 지역 노사민정협의회의 설치, 구성 및 기능"
2356,"노사관계 발전 지원에 관한 법률 시행령[시행2026. 1. 2.] [대통령령 제35948호,2025. 12. 32., 타법개정]",제3조 지역 노사민정 간 협력증진 지원
2357,"노사관계 발전 지원에 관한 법률 시행령[시행2026. 1. 2.] [대통령령 제35948호,2025. 12. 33., 타법개정]",제4조 포상금 지급
2358,"노사관계 발전 지원에 관한 법률 시행령[시행2026. 1. 2.] [대통령령 제35948호,2025. 12. 34., 타법개정]",제5조 노사관계발전위원회의 구성
2359,"노사관계 발전 지원에 관한 법률 시행령[시행2026. 1. 2.] [대통령령 제35948호,2025. 12. 35., 타법개정]",제6조 위원장의 직무
2360,"노사관계 발전 지원에 관한 법률 시행령[시행2026. 1. 2.] [대통령령 제35948호,2025. 12. 36., 타법개정]",제7조 위원의 임기
2361,"노사관계 발전 지원에 관한 법률 시행령[시행2026. 1. 2.] [대통령령 제35948호,2025. 12. 37., 타법개정]",제8조 위원회의 운영
2362,"노사관계 발전 지원에 관한 법률 시행령[시행2026. 1. 2.] [대통령령 제35948호,2025. 12. 38., 타법개정]",제9조 노사발전재단의 지도ㆍ감독 등
2363,"노사관계 발전 지원에 관한 법률 시행령[시행2026. 1. 2.] [대통령령 제35948호,2025. 12. 39., 타법개정]",제10조 권한의 위임
2364,"청년고용촉진 특별법 시행령[시행2026. 1. 2.] [대통령령 제35947호,2025. 12. 30., 타법개정]",제1조 목적
2365,"청년고용촉진 특별법 시행령[시행2026. 1. 2.] [대통령령 제35947호,2025. 12. 31., 타법개정]",제2조 청년의 나이
2366,"청년고용촉진 특별법 시행령[시행2026. 1. 2.] [대통령령 제35947호,2025. 12. 32., 타법개정]",제3조 청년고용촉진 대책의 수립
2367,"청년고용촉진 특별법 시행령[시행2026. 1. 2.] [대통령령 제35947호,2025. 12. 33., 타법개정]",제4조 시행계획의 수립 등
2368,"청년고용촉진 특별법 시행령[시행2026. 1. 2.] [대통령령 제35947호,2025. 12. 34., 타법개정]",제5조 청년고용촉진특별위원회 설치ㆍ운영 등
2369,"청년고용촉진 특별법 시행령[시행2026. 1. 2.] [대통령령 제35947호,2025. 12. 35., 타법개정]",제6조 청년 미취업자 고용 확대 대상기관
2370,"청년고용촉진 특별법 시행령[시행2026. 1. 2.] [대통령령 제35947호,2025. 12. 36., 타법개정]",제7조 취업애로 청년
2371,"청년고용촉진 특별법 시행령[시행2026. 1. 2.] [대통령령 제35947호,2025. 12. 37., 타법개정]",제8조 글로벌인재 양성사업 및 협력체계
2372,"청년고용촉진 특별법 시행령[시행2026. 1. 2.] [대통령령 제35947호,2025. 12. 38., 타법개정]",제9조 고용 지원 등의 대상 확대
2373,"청년고용촉진 특별법 시행령[시행2026. 1. 2.] [대통령령 제35947호,2025. 12. 39., 타법개정]",제10조 업무의 위탁
2374,"청년고용촉진 특별법 시행령[시행2026. 1. 2.] [대통령령 제35947호,2025. 12. 40., 타법개정]",제11조 고유식별정보의 처리
2375,"청년고용촉진 특별법 시행령[시행2026. 1. 2.] [대통령령 제35947호,2025. 12. 41., 타법개정]",제12조 과태료의 부과기준
2376,"가사근로자의 고용개선 등에 관한 법률[시행2022. 6. 16.] [법률 제18285호,2021. 6. 15., 제정]",제1조 제1장 총칙
2377,"가사근로자의 고용개선 등에 관한 법률[시행2022. 6. 16.] [법률 제18285호,2021. 6. 16., 제정]",제1조 목적
2378,"가사근로자의 고용개선 등에 관한 법률[시행2022. 6. 16.] [법률 제18285호,2021. 6. 17., 제정]",제2조 정의
2379,"가사근로자의 고용개선 등에 관한 법률[시행2022. 6. 16.] [법률 제18285호,2021. 6. 18., 제정]",제3조 국가 등의 지원
2380,"가사근로자의 고용개선 등에 관한 법률[시행2022. 6. 16.] [법률 제18285호,2021. 6. 19., 제정]",제4조 가사근로자의 권익 증진
2381,"가사근로자의 고용개선 등에 관한 법률[시행2022. 6. 16.] [법률 제18285호,2021. 6. 20., 제정]",제5조 적용 범위
2382,"가사근로자의 고용개선 등에 관한 법률[시행2022. 6. 16.] [법률 제18285호,2021. 6. 21., 제정]",제6조 다른 법률과의 관계
2383,"가사근로자의 고용개선 등에 관한 법률[시행2022. 6. 16.] [법률 제18285호,2021. 6. 22., 제정]",제7조 제2장 가사서비스 제공기관
2384,"가사근로자의 고용개선 등에 관한 법률[시행2022. 6. 16.] [법률 제18285호,2021. 6. 23., 제정]",제7조 가사서비스 제공기관의 인증
2385,"가사근로자의 고용개선 등에 관한 법률[시행2022. 6. 16.] [법률 제18285호,2021. 6. 24., 제정]",제8조 결격사유
2386,"가사근로자의 고용개선 등에 관한 법률[시행2022. 6. 16.] [법률 제18285호,2021. 6. 25., 제정]",제9조 가사서비스 제공기관의 준수사항
2387,"가사근로자의 고용개선 등에 관한 법률[시행2022. 6. 16.] [법률 제18285호,2021. 6. 26., 제정]",제10조 가사서비스 제공기관의 휴업 및 폐업 등
2388,"가사근로자의 고용개선 등에 관한 법률[시행2022. 6. 16.] [법률 제18285호,2021. 6. 27., 제정]",제11조 제3장 가사서비스의 제공
2389,"가사근로자의 고용개선 등에 관한 법률[시행2022. 6. 16.] [법률 제18285호,2021. 6. 28., 제정]",제11조 가사서비스의 이용계약
2390,"가사근로자의 고용개선 등에 관한 법률[시행2022. 6. 16.] [법률 제18285호,2021. 6. 29., 제정]",제12조 아동의 보호ㆍ양육 서비스 제공 가사근로자의 결격사유
2391,"가사근로자의 고용개선 등에 관한 법률[시행2022. 6. 16.] [법률 제18285호,2021. 6. 30., 제정]",제13조 결격사유 확인을 위한 범죄경력 조회
2392,"가사근로자의 고용개선 등에 관한 법률[시행2022. 6. 16.] [법률 제18285호,2021. 6. 31., 제정]",제14조 제4장 가사근로자의 근로조건
2393,"가사근로자의 고용개선 등에 관한 법률[시행2022. 6. 16.] [법률 제18285호,2021. 6. 32., 제정]",제14조 근로조건의 명시
2394,"가사근로자의 고용개선 등에 관한 법률[시행2022. 6. 16.] [법률 제18285호,2021. 6. 33., 제정]",제15조 최소근로시간
2395,"가사근로자의 고용개선 등에 관한 법률[시행2022. 6. 16.] [법률 제18285호,2021. 6. 34., 제정]",제16조 유급휴일 및 연차 유급휴가
2396,"가사근로자의 고용개선 등에 관한 법률[시행2022. 6. 16.] [법률 제18285호,2021. 6. 35., 제정]",제17조 입주가사근로자에 관한 특례
2397,"가사근로자의 고용개선 등에 관한 법률[시행2022. 6. 16.] [법률 제18285호,2021. 6. 36., 제정]",제18조 제5장 가사서비스의 촉진
2398,"가사근로자의 고용개선 등에 관한 법률[시행2022. 6. 16.] [법률 제18285호,2021. 6. 37., 제정]",제18조 조세 감면 및 사회보험료 지원
2399,"가사근로자의 고용개선 등에 관한 법률[시행2022. 6. 16.] [법률 제18285호,2021. 6. 38., 제정]",제19조 전산시스템의 구축ㆍ운영
2400,"가사근로자의 고용개선 등에 관한 법률[시행2022. 6. 16.] [법률 제18285호,2021. 6. 39., 제정]",제20조 가사근로자 권익 증진에 관한 중요사항 심의
2401,"가사근로자의 고용개선 등에 관한 법률[시행2022. 6. 16.] [법률 제18285호,2021. 6. 40., 제정]",제21조 제6장 조사ㆍ감독 등
2402,"가사근로자의 고용개선 등에 관한 법률[시행2022. 6. 16.] [법률 제18285호,2021. 6. 41., 제정]",제21조 실태조사
2403,"가사근로자의 고용개선 등에 관한 법률[시행2022. 6. 16.] [법률 제18285호,2021. 6. 42., 제정]",제22조 지도 및 감독 등
2404,"가사근로자의 고용개선 등에 관한 법률[시행2022. 6. 16.] [법률 제18285호,2021. 6. 43., 제정]",제23조 시정명령 및 인증 취소
2405,"가사근로자의 고용개선 등에 관한 법률[시행2022. 6. 16.] [법률 제18285호,2021. 6. 44., 제정]",제24조 권한 또는 업무의 위임ㆍ위탁
2406,"가사근로자의 고용개선 등에 관한 법률[시행2022. 6. 16.] [법률 제18285호,2021. 6. 45., 제정]",제25조 벌칙 적용에서 공무원 의제
2407,"가사근로자의 고용개선 등에 관한 법률[시행2022. 6. 16.] [법률 제18285호,2021. 6. 46., 제정]",제26조 제7장 벌칙
2408,"가사근로자의 고용개선 등에 관한 법률[시행2022. 6. 16.] [법률 제18285호,2021. 6. 47., 제정]",제26조 벌칙
2409,"가사근로자의 고용개선 등에 관한 법률[시행2022. 6. 16.] [법률 제18285호,2021. 6. 48., 제정]",제27조 양벌규정
2410,"가사근로자의 고용개선 등에 관한 법률[시행2022. 6. 16.] [법률 제18285호,2021. 6. 49., 제정]",제28조 과태료
2411,"외국인근로자의 고용 등에 관한 법률[시행2026. 12. 10.] [법률 제21786호,2026. 6. 9., 일부개정]",제1조 목적
2412,"외국인근로자의 고용 등에 관한 법률[시행2026. 12. 10.] [법률 제21786호,2026. 6. 10., 일부개정]",제2조 외국인근로자의 정의
2413,"외국인근로자의 고용 등에 관한 법률[시행2026. 12. 10.] [법률 제21786호,2026. 6. 11., 일부개정]",제3조 적용 범위 등
2414,"외국인근로자의 고용 등에 관한 법률[시행2026. 12. 10.] [법률 제21786호,2026. 6. 12., 일부개정]",제4조 외국인력정책위원회
2415,"외국인근로자의 고용 등에 관한 법률[시행2026. 12. 10.] [법률 제21786호,2026. 6. 13., 일부개정]",제5조 외국인근로자 도입계획의 공표 등
2416,"외국인근로자의 고용 등에 관한 법률[시행2026. 12. 10.] [법률 제21786호,2026. 6. 14., 일부개정]",제6조 제2장 외국인근로자 고용절차
2417,"외국인근로자의 고용 등에 관한 법률[시행2026. 12. 10.] [법률 제21786호,2026. 6. 15., 일부개정]",제6조 내국인 구인 노력
2418,"외국인근로자의 고용 등에 관한 법률[시행2026. 12. 10.] [법률 제21786호,2026. 6. 16., 일부개정]",제7조 외국인구직자 명부의 작성
2419,"외국인근로자의 고용 등에 관한 법률[시행2026. 12. 10.] [법률 제21786호,2026. 6. 17., 일부개정]",제8조 외국인근로자 고용허가
2420,"외국인근로자의 고용 등에 관한 법률[시행2026. 12. 10.] [법률 제21786호,2026. 6. 18., 일부개정]",제9조 근로계약
2421,"외국인근로자의 고용 등에 관한 법률[시행2026. 12. 10.] [법률 제21786호,2026. 6. 19., 일부개정]",제10조 사증발급인정서
2422,"외국인근로자의 고용 등에 관한 법률[시행2026. 12. 10.] [법률 제21786호,2026. 6. 20., 일부개정]",제11조 외국인 취업교육
2423,"외국인근로자의 고용 등에 관한 법률[시행2026. 12. 10.] [법률 제21786호,2026. 6. 21., 일부개정]",제11조의2 사용자 교육
2424,"외국인근로자의 고용 등에 관한 법률[시행2026. 12. 10.] [법률 제21786호,2026. 6. 22., 일부개정]",제11조의3 외국인 취업교육기관의 지정 등
2425,"외국인근로자의 고용 등에 관한 법률[시행2026. 12. 10.] [법률 제21786호,2026. 6. 23., 일부개정]",제11조의4 외국인 취업교육기관의 지정취소 등
2426,"외국인근로자의 고용 등에 관한 법률[시행2026. 12. 10.] [법률 제21786호,2026. 6. 24., 일부개정]",제12조 외국인근로자 고용의 특례
2427,"외국인근로자의 고용 등에 관한 법률[시행2026. 12. 10.] [법률 제21786호,2026. 6. 25., 일부개정]",제13조 제3장 외국인근로자의 고용관리
2428,"외국인근로자의 고용 등에 관한 법률[시행2026. 12. 10.] [법률 제21786호,2026. 6. 26., 일부개정]",제13조 출국만기보험ㆍ신탁
2429,"외국인근로자의 고용 등에 관한 법률[시행2026. 12. 10.] [법률 제21786호,2026. 6. 27., 일부개정]",제13조의2 휴면보험금등관리위원회
2430,"외국인근로자의 고용 등에 관한 법률[시행2026. 12. 10.] [법률 제21786호,2026. 6. 28., 일부개정]",제14조 건강보험
2431,"외국인근로자의 고용 등에 관한 법률[시행2026. 12. 10.] [법률 제21786호,2026. 6. 29., 일부개정]",제15조 귀국비용보험ㆍ신탁
2432,"외국인근로자의 고용 등에 관한 법률[시행2026. 12. 10.] [법률 제21786호,2026. 6. 30., 일부개정]",제16조 귀국에 필요한 조치
2433,"외국인근로자의 고용 등에 관한 법률[시행2026. 12. 10.] [법률 제21786호,2026. 6. 31., 일부개정]",제17조 외국인근로자의 고용관리
2434,"외국인근로자의 고용 등에 관한 법률[시행2026. 12. 10.] [법률 제21786호,2026. 6. 32., 일부개정]",제18조 취업활동 기간의 제한
2435,"외국인근로자의 고용 등에 관한 법률[시행2026. 12. 10.] [법률 제21786호,2026. 6. 33., 일부개정]",제18조의2 취업활동 기간 제한에 관한 특례
2436,"외국인근로자의 고용 등에 관한 법률[시행2026. 12. 10.] [법률 제21786호,2026. 6. 34., 일부개정]",제18조의3 재입국 취업의 제한
2437,"외국인근로자의 고용 등에 관한 법률[시행2026. 12. 10.] [법률 제21786호,2026. 6. 35., 일부개정]",제1조 제1장 총칙
2438,"외국인근로자의 고용 등에 관한 법률[시행2026. 12. 10.] [법률 제21786호,2026. 6. 36., 일부개정]",제18조의4 재입국 취업 제한의 특례
2439,"외국인근로자의 고용 등에 관한 법률[시행2026. 12. 10.] [법률 제21786호,2026. 6. 37., 일부개정]",제19조 외국인근로자 고용허가 또는 특례고용가능확인의 취소
2440,"외국인근로자의 고용 등에 관한 법률[시행2026. 12. 10.] [법률 제21786호,2026. 6. 38., 일부개정]",제20조 외국인근로자 고용의 제한
2441,"외국인근로자의 고용 등에 관한 법률[시행2026. 12. 10.] [법률 제21786호,2026. 6. 39., 일부개정]",제21조 외국인근로자 관련 사업
2442,"외국인근로자의 고용 등에 관한 법률[시행2026. 12. 10.] [법률 제21786호,2026. 6. 40., 일부개정]",제22조 제4장 외국인근로자의 보호
2443,"외국인근로자의 고용 등에 관한 법률[시행2026. 12. 10.] [법률 제21786호,2026. 6. 41., 일부개정]",제22조 차별 금지
2444,"외국인근로자의 고용 등에 관한 법률[시행2026. 12. 10.] [법률 제21786호,2026. 6. 42., 일부개정]",제22조의2 기숙사의 제공 등
2445,"외국인근로자의 고용 등에 관한 법률[시행2026. 12. 10.] [법률 제21786호,2026. 6. 43., 일부개정]",제22조의3 지방자치단체에 대한 지원
2446,"외국인근로자의 고용 등에 관한 법률[시행2026. 12. 10.] [법률 제21786호,2026. 6. 44., 일부개정]",제23조 보증보험 등의 가입
2447,"외국인근로자의 고용 등에 관한 법률[시행2026. 12. 10.] [법률 제21786호,2026. 6. 45., 일부개정]",제24조 외국인근로자 관련 단체 등에 대한 지원
2448,"외국인근로자의 고용 등에 관한 법률[시행2026. 12. 10.] [법률 제21786호,2026. 6. 46., 일부개정]",제24조의2 외국인근로자 권익보호협의회
2449,"외국인근로자의 고용 등에 관한 법률[시행2026. 12. 10.] [법률 제21786호,2026. 6. 47., 일부개정]",제25조 사업 또는 사업장 변경의 허용
2450,"외국인근로자의 고용 등에 관한 법률[시행2026. 12. 10.] [법률 제21786호,2026. 6. 48., 일부개정]",제26조 제5장 보칙
2451,"외국인근로자의 고용 등에 관한 법률[시행2026. 12. 10.] [법률 제21786호,2026. 6. 49., 일부개정]",제26조 보고 및 조사 등
2452,"외국인근로자의 고용 등에 관한 법률[시행2026. 12. 10.] [법률 제21786호,2026. 6. 50., 일부개정]",제26조의2 관계 기관의 협조
2453,"외국인근로자의 고용 등에 관한 법률[시행2026. 12. 10.] [법률 제21786호,2026. 6. 51., 일부개정]",제27조 수수료의 징수 등
2454,"외국인근로자의 고용 등에 관한 법률[시행2026. 12. 10.] [법률 제21786호,2026. 6. 52., 일부개정]",제27조의2 각종 신청 등의 대행
2455,"외국인근로자의 고용 등에 관한 법률[시행2026. 12. 10.] [법률 제21786호,2026. 6. 53., 일부개정]",제27조의3 대행기관의 지정취소 등
2456,"외국인근로자의 고용 등에 관한 법률[시행2026. 12. 10.] [법률 제21786호,2026. 6. 54., 일부개정]",제28조 권한의 위임ㆍ위탁
2457,"외국인근로자의 고용 등에 관한 법률[시행2026. 12. 10.] [법률 제21786호,2026. 6. 55., 일부개정]",제29조 제6장 벌칙
2458,"외국인근로자의 고용 등에 관한 법률[시행2026. 12. 10.] [법률 제21786호,2026. 6. 56., 일부개정]",제29조 벌칙
2459,"외국인근로자의 고용 등에 관한 법률[시행2026. 12. 10.] [법률 제21786호,2026. 6. 57., 일부개정]",제30조 벌칙
2460,"외국인근로자의 고용 등에 관한 법률[시행2026. 12. 10.] [법률 제21786호,2026. 6. 58., 일부개정]",제31조 양벌규정
2461,"외국인근로자의 고용 등에 관한 법률[시행2026. 12. 10.] [법률 제21786호,2026. 6. 59., 일부개정]",제32조 과태료
2462,"외국인근로자의 고용 등에 관한 법률[시행2026. 12. 10.] [법률 제21786호,2026. 6. 60., 일부개정]",제1조 목적
2463,"외국인근로자의 고용 등에 관한 법률[시행2026. 12. 10.] [법률 제21786호,2026. 6. 61., 일부개정]",제2조 외국인근로자의 정의
2464,"외국인근로자의 고용 등에 관한 법률[시행2026. 12. 10.] [법률 제21786호,2026. 6. 62., 일부개정]",제3조 적용 범위 등
2465,"외국인근로자의 고용 등에 관한 법률[시행2026. 12. 10.] [법률 제21786호,2026. 6. 63., 일부개정]",제4조 외국인력정책위원회
2466,"외국인근로자의 고용 등에 관한 법률[시행2026. 12. 10.] [법률 제21786호,2026. 6. 64., 일부개정]",제5조 외국인근로자 도입계획의 공표 등
2467,"외국인근로자의 고용 등에 관한 법률[시행2026. 12. 10.] [법률 제21786호,2026. 6. 65., 일부개정]",제6조 제2장 외국인근로자 고용절차
2468,"외국인근로자의 고용 등에 관한 법률[시행2026. 12. 10.] [법률 제21786호,2026. 6. 66., 일부개정]",제6조 내국인 구인 노력
2469,"외국인근로자의 고용 등에 관한 법률[시행2026. 12. 10.] [법률 제21786호,2026. 6. 67., 일부개정]",제7조 외국인구직자 명부의 작성
2470,"외국인근로자의 고용 등에 관한 법률[시행2026. 12. 10.] [법률 제21786호,2026. 6. 68., 일부개정]",제8조 외국인근로자 고용허가
2471,"외국인근로자의 고용 등에 관한 법률[시행2026. 12. 10.] [법률 제21786호,2026. 6. 69., 일부개정]",제9조 근로계약
2472,"외국인근로자의 고용 등에 관한 법률[시행2026. 12. 10.] [법률 제21786호,2026. 6. 70., 일부개정]",제10조 사증발급인정서
2473,"외국인근로자의 고용 등에 관한 법률[시행2026. 12. 10.] [법률 제21786호,2026. 6. 71., 일부개정]",제11조 외국인 취업교육
2474,"외국인근로자의 고용 등에 관한 법률[시행2026. 12. 10.] [법률 제21786호,2026. 6. 72., 일부개정]",제11조의2 사용자 교육
2475,"외국인근로자의 고용 등에 관한 법률[시행2026. 12. 10.] [법률 제21786호,2026. 6. 73., 일부개정]",제11조의3 외국인 취업교육기관의 지정 등
2476,"외국인근로자의 고용 등에 관한 법률[시행2026. 12. 10.] [법률 제21786호,2026. 6. 74., 일부개정]",제11조의4 외국인 취업교육기관의 지정취소 등
2477,"외국인근로자의 고용 등에 관한 법률[시행2026. 12. 10.] [법률 제21786호,2026. 6. 75., 일부개정]",제12조 외국인근로자 고용의 특례
2478,"외국인근로자의 고용 등에 관한 법률[시행2026. 12. 10.] [법률 제21786호,2026. 6. 76., 일부개정]",제13조 제3장 외국인근로자의 고용관리
2479,"외국인근로자의 고용 등에 관한 법률[시행2026. 12. 10.] [법률 제21786호,2026. 6. 77., 일부개정]",제13조 출국만기보험ㆍ신탁
2480,"외국인근로자의 고용 등에 관한 법률[시행2026. 12. 10.] [법률 제21786호,2026. 6. 78., 일부개정]",제13조의2 휴면보험금등관리위원회
2481,"외국인근로자의 고용 등에 관한 법률[시행2026. 12. 10.] [법률 제21786호,2026. 6. 79., 일부개정]",제14조 건강보험
2482,"외국인근로자의 고용 등에 관한 법률[시행2026. 12. 10.] [법률 제21786호,2026. 6. 80., 일부개정]",제1조 제1장 총칙
2483,"외국인근로자의 고용 등에 관한 법률[시행2026. 12. 10.] [법률 제21786호,2026. 6. 81., 일부개정]",제15조 귀국비용보험ㆍ신탁
2484,"외국인근로자의 고용 등에 관한 법률[시행2026. 12. 10.] [법률 제21786호,2026. 6. 82., 일부개정]",제16조 귀국에 필요한 조치
2485,"외국인근로자의 고용 등에 관한 법률[시행2026. 12. 10.] [법률 제21786호,2026. 6. 83., 일부개정]",제17조 외국인근로자의 고용관리
2486,"외국인근로자의 고용 등에 관한 법률[시행2026. 12. 10.] [법률 제21786호,2026. 6. 84., 일부개정]",제18조 취업활동 기간의 제한
2487,"외국인근로자의 고용 등에 관한 법률[시행2026. 12. 10.] [법률 제21786호,2026. 6. 85., 일부개정]",제18조의2 취업활동 기간 제한에 관한 특례
2488,"외국인근로자의 고용 등에 관한 법률[시행2026. 12. 10.] [법률 제21786호,2026. 6. 86., 일부개정]",제18조의3 재입국 취업의 제한
2489,"외국인근로자의 고용 등에 관한 법률[시행2026. 12. 10.] [법률 제21786호,2026. 6. 87., 일부개정]",제18조의4 재입국 취업 제한의 특례
2490,"외국인근로자의 고용 등에 관한 법률[시행2026. 12. 10.] [법률 제21786호,2026. 6. 88., 일부개정]",제19조 외국인근로자 고용허가 또는 특례고용가능확인의 취소
2491,"외국인근로자의 고용 등에 관한 법률[시행2026. 12. 10.] [법률 제21786호,2026. 6. 89., 일부개정]",제20조 외국인근로자 고용의 제한
2492,"외국인근로자의 고용 등에 관한 법률[시행2026. 12. 10.] [법률 제21786호,2026. 6. 90., 일부개정]",제21조 외국인근로자 관련 사업
2493,"외국인근로자의 고용 등에 관한 법률[시행2026. 12. 10.] [법률 제21786호,2026. 6. 91., 일부개정]",제22조 제4장 외국인근로자의 보호
2494,"외국인근로자의 고용 등에 관한 법률[시행2026. 12. 10.] [법률 제21786호,2026. 6. 92., 일부개정]",제22조 차별 금지
2495,"외국인근로자의 고용 등에 관한 법률[시행2026. 12. 10.] [법률 제21786호,2026. 6. 93., 일부개정]",제22조의2 주거시설의 제공 등
2496,"외국인근로자의 고용 등에 관한 법률[시행2026. 12. 10.] [법률 제21786호,2026. 6. 94., 일부개정]",제22조의3 지방자치단체에 대한 지원
2497,"외국인근로자의 고용 등에 관한 법률[시행2026. 12. 10.] [법률 제21786호,2026. 6. 95., 일부개정]",제23조 보증보험 등의 가입
2498,"외국인근로자의 고용 등에 관한 법률[시행2026. 12. 10.] [법률 제21786호,2026. 6. 96., 일부개정]",제24조 외국인근로자 관련 단체 등에 대한 지원
2499,"외국인근로자의 고용 등에 관한 법률[시행2026. 12. 10.] [법률 제21786호,2026. 6. 97., 일부개정]",제24조의2 외국인근로자 권익보호협의회
2500,"외국인근로자의 고용 등에 관한 법률[시행2026. 12. 10.] [법률 제21786호,2026. 6. 98., 일부개정]",제25조 사업 또는 사업장 변경의 허용
2501,"외국인근로자의 고용 등에 관한 법률[시행2026. 12. 10.] [법률 제21786호,2026. 6. 99., 일부개정]",제26조 제5장 보칙
2502,"외국인근로자의 고용 등에 관한 법률[시행2026. 12. 10.] [법률 제21786호,2026. 6. 100., 일부개정]",제26조 보고 및 조사 등
2503,"외국인근로자의 고용 등에 관한 법률[시행2026. 12. 10.] [법률 제21786호,2026. 6. 101., 일부개정]",제26조의2 관계 기관의 협조
2504,"외국인근로자의 고용 등에 관한 법률[시행2026. 12. 10.] [법률 제21786호,2026. 6. 102., 일부개정]",제27조 수수료의 징수 등
2505,"외국인근로자의 고용 등에 관한 법률[시행2026. 12. 10.] [법률 제21786호,2026. 6. 103., 일부개정]",제27조의2 각종 신청 등의 대행
2506,"외국인근로자의 고용 등에 관한 법률[시행2026. 12. 10.] [법률 제21786호,2026. 6. 104., 일부개정]",제27조의3 대행기관의 지정취소 등
2507,"외국인근로자의 고용 등에 관한 법률[시행2026. 12. 10.] [법률 제21786호,2026. 6. 105., 일부개정]",제28조 권한의 위임ㆍ위탁
2508,"외국인근로자의 고용 등에 관한 법률[시행2026. 12. 10.] [법률 제21786호,2026. 6. 106., 일부개정]",제29조 제6장 벌칙
2509,"외국인근로자의 고용 등에 관한 법률[시행2026. 12. 10.] [법률 제21786호,2026. 6. 107., 일부개정]",제29조 벌칙
2510,"외국인근로자의 고용 등에 관한 법률[시행2026. 12. 10.] [법률 제21786호,2026. 6. 108., 일부개정]",제30조 벌칙
2511,"외국인근로자의 고용 등에 관한 법률[시행2026. 12. 10.] [법률 제21786호,2026. 6. 109., 일부개정]",제31조 양벌규정
2512,"외국인근로자의 고용 등에 관한 법률[시행2026. 12. 10.] [법률 제21786호,2026. 6. 110., 일부개정]",제32조 과태료
2513,"외국인근로자의 고용 등에 관한 법률[시행2025. 10. 1.] [법률 제21065호,2025. 10. 1., 타법개정]",제1조 제1장 총칙
2514,"외국인근로자의 고용 등에 관한 법률[시행2025. 10. 1.] [법률 제21065호,2025. 10. 2., 타법개정]",제1조 목적
2515,"외국인근로자의 고용 등에 관한 법률[시행2025. 10. 1.] [법률 제21065호,2025. 10. 3., 타법개정]",제2조 외국인근로자의 정의
2516,"외국인근로자의 고용 등에 관한 법률[시행2025. 10. 1.] [법률 제21065호,2025. 10. 4., 타법개정]",제3조 적용 범위 등
2517,"외국인근로자의 고용 등에 관한 법률[시행2025. 10. 1.] [법률 제21065호,2025. 10. 5., 타법개정]",제4조 외국인력정책위원회
2518,"외국인근로자의 고용 등에 관한 법률[시행2025. 10. 1.] [법률 제21065호,2025. 10. 6., 타법개정]",제5조 외국인근로자 도입계획의 공표 등
2519,"외국인근로자의 고용 등에 관한 법률[시행2025. 10. 1.] [법률 제21065호,2025. 10. 7., 타법개정]",제6조 제2장 외국인근로자 고용절차
2520,"외국인근로자의 고용 등에 관한 법률[시행2025. 10. 1.] [법률 제21065호,2025. 10. 8., 타법개정]",제6조 내국인 구인 노력
2521,"외국인근로자의 고용 등에 관한 법률[시행2025. 10. 1.] [법률 제21065호,2025. 10. 9., 타법개정]",제7조 외국인구직자 명부의 작성
2522,"외국인근로자의 고용 등에 관한 법률[시행2025. 10. 1.] [법률 제21065호,2025. 10. 10., 타법개정]",제8조 외국인근로자 고용허가
2523,"외국인근로자의 고용 등에 관한 법률[시행2025. 10. 1.] [법률 제21065호,2025. 10. 11., 타법개정]",제9조 근로계약
2524,"외국인근로자의 고용 등에 관한 법률[시행2025. 10. 1.] [법률 제21065호,2025. 10. 12., 타법개정]",제10조 사증발급인정서
2525,"외국인근로자의 고용 등에 관한 법률[시행2025. 10. 1.] [법률 제21065호,2025. 10. 13., 타법개정]",제11조 외국인 취업교육
2526,"외국인근로자의 고용 등에 관한 법률[시행2025. 10. 1.] [법률 제21065호,2025. 10. 14., 타법개정]",제11조의2 사용자 교육
2527,"외국인근로자의 고용 등에 관한 법률[시행2025. 10. 1.] [법률 제21065호,2025. 10. 15., 타법개정]",제11조의3 외국인 취업교육기관의 지정 등
2528,"외국인근로자의 고용 등에 관한 법률[시행2025. 10. 1.] [법률 제21065호,2025. 10. 16., 타법개정]",제11조의4 외국인 취업교육기관의 지정취소 등
2529,"외국인근로자의 고용 등에 관한 법률[시행2025. 10. 1.] [법률 제21065호,2025. 10. 17., 타법개정]",제12조 외국인근로자 고용의 특례
2530,"외국인근로자의 고용 등에 관한 법률[시행2025. 10. 1.] [법률 제21065호,2025. 10. 18., 타법개정]",제13조 제3장 외국인근로자의 고용관리
2531,"외국인근로자의 고용 등에 관한 법률[시행2025. 10. 1.] [법률 제21065호,2025. 10. 19., 타법개정]",제13조 출국만기보험ㆍ신탁
2532,"외국인근로자의 고용 등에 관한 법률[시행2025. 10. 1.] [법률 제21065호,2025. 10. 20., 타법개정]",제13조의2 휴면보험금등관리위원회
2533,"외국인근로자의 고용 등에 관한 법률[시행2025. 10. 1.] [법률 제21065호,2025. 10. 21., 타법개정]",제14조 건강보험
2534,"외국인근로자의 고용 등에 관한 법률[시행2025. 10. 1.] [법률 제21065호,2025. 10. 22., 타법개정]",제15조 귀국비용보험ㆍ신탁
2535,"외국인근로자의 고용 등에 관한 법률[시행2025. 10. 1.] [법률 제21065호,2025. 10. 23., 타법개정]",제16조 귀국에 필요한 조치
2536,"외국인근로자의 고용 등에 관한 법률[시행2025. 10. 1.] [법률 제21065호,2025. 10. 24., 타법개정]",제17조 외국인근로자의 고용관리
2537,"외국인근로자의 고용 등에 관한 법률[시행2025. 10. 1.] [법률 제21065호,2025. 10. 25., 타법개정]",제18조 취업활동 기간의 제한
2538,"외국인근로자의 고용 등에 관한 법률[시행2025. 10. 1.] [법률 제21065호,2025. 10. 26., 타법개정]",제18조의2 취업활동 기간 제한에 관한 특례
2539,"외국인근로자의 고용 등에 관한 법률[시행2025. 10. 1.] [법률 제21065호,2025. 10. 27., 타법개정]",제18조의3 재입국 취업의 제한
2540,"외국인근로자의 고용 등에 관한 법률[시행2025. 10. 1.] [법률 제21065호,2025. 10. 28., 타법개정]",제18조의4 재입국 취업 제한의 특례
2541,"외국인근로자의 고용 등에 관한 법률[시행2025. 10. 1.] [법률 제21065호,2025. 10. 29., 타법개정]",제19조 외국인근로자 고용허가 또는 특례고용가능확인의 취소
2542,"외국인근로자의 고용 등에 관한 법률[시행2025. 10. 1.] [법률 제21065호,2025. 10. 30., 타법개정]",제20조 외국인근로자 고용의 제한
2543,"외국인근로자의 고용 등에 관한 법률[시행2025. 10. 1.] [법률 제21065호,2025. 10. 31., 타법개정]",제21조 외국인근로자 관련 사업
2544,"외국인근로자의 고용 등에 관한 법률[시행2025. 10. 1.] [법률 제21065호,2025. 10. 32., 타법개정]",제22조 제4장 외국인근로자의 보호
2545,"외국인근로자의 고용 등에 관한 법률[시행2025. 10. 1.] [법률 제21065호,2025. 10. 33., 타법개정]",제22조 차별 금지
2546,"외국인근로자의 고용 등에 관한 법률[시행2025. 10. 1.] [법률 제21065호,2025. 10. 34., 타법개정]",제22조의2 기숙사의 제공 등
2547,"외국인근로자의 고용 등에 관한 법률[시행2025. 10. 1.] [법률 제21065호,2025. 10. 35., 타법개정]",제23조 보증보험 등의 가입
2548,"외국인근로자의 고용 등에 관한 법률[시행2025. 10. 1.] [법률 제21065호,2025. 10. 36., 타법개정]",제24조 외국인근로자 관련 단체 등에 대한 지원
2549,"외국인근로자의 고용 등에 관한 법률[시행2025. 10. 1.] [법률 제21065호,2025. 10. 37., 타법개정]",제24조의2 외국인근로자 권익보호협의회
2550,"외국인근로자의 고용 등에 관한 법률[시행2025. 10. 1.] [법률 제21065호,2025. 10. 38., 타법개정]",제25조 사업 또는 사업장 변경의 허용
2551,"외국인근로자의 고용 등에 관한 법률[시행2025. 10. 1.] [법률 제21065호,2025. 10. 39., 타법개정]",제26조 제5장 보칙
2552,"외국인근로자의 고용 등에 관한 법률[시행2025. 10. 1.] [법률 제21065호,2025. 10. 40., 타법개정]",제26조 보고 및 조사 등
2553,"외국인근로자의 고용 등에 관한 법률[시행2025. 10. 1.] [법률 제21065호,2025. 10. 41., 타법개정]",제26조의2 관계 기관의 협조
2554,"외국인근로자의 고용 등에 관한 법률[시행2025. 10. 1.] [법률 제21065호,2025. 10. 42., 타법개정]",제27조 수수료의 징수 등
2555,"외국인근로자의 고용 등에 관한 법률[시행2025. 10. 1.] [법률 제21065호,2025. 10. 43., 타법개정]",제27조의2 각종 신청 등의 대행
2556,"외국인근로자의 고용 등에 관한 법률[시행2025. 10. 1.] [법률 제21065호,2025. 10. 44., 타법개정]",제27조의3 대행기관의 지정취소 등
2557,"외국인근로자의 고용 등에 관한 법률[시행2025. 10. 1.] [법률 제21065호,2025. 10. 45., 타법개정]",제28조 권한의 위임ㆍ위탁
2558,"외국인근로자의 고용 등에 관한 법률[시행2025. 10. 1.] [법률 제21065호,2025. 10. 46., 타법개정]",제29조 제6장 벌칙
2559,"외국인근로자의 고용 등에 관한 법률[시행2025. 10. 1.] [법률 제21065호,2025. 10. 47., 타법개정]",제29조 벌칙
2560,"외국인근로자의 고용 등에 관한 법률[시행2025. 10. 1.] [법률 제21065호,2025. 10. 48., 타법개정]",제30조 벌칙
2561,"외국인근로자의 고용 등에 관한 법률[시행2025. 10. 1.] [법률 제21065호,2025. 10. 49., 타법개정]",제31조 양벌규정
2562,"외국인근로자의 고용 등에 관한 법률[시행2025. 10. 1.] [법률 제21065호,2025. 10. 50., 타법개정]",제32조 과태료
2563,"직업안정법[시행2026. 12. 10.] [법률 제21787호,2026. 6. 9., 일부개정]",제1조 목적
2564,"직업안정법[시행2026. 12. 10.] [법률 제21787호,2026. 6. 10., 일부개정]",제2조 균등처우
2565,"직업안정법[시행2026. 12. 10.] [법률 제21787호,2026. 6. 11., 일부개정]",제2조의2 정의
2566,"직업안정법[시행2026. 12. 10.] [법률 제21787호,2026. 6. 12., 일부개정]",제3조 정부의 업무
2567,"직업안정법[시행2026. 12. 10.] [법률 제21787호,2026. 6. 13., 일부개정]",제4조 
2568,"직업안정법[시행2026. 12. 10.] [법률 제21787호,2026. 6. 14., 일부개정]",제4조의2 지방자치단체의 국내 직업소개 업무 등
2569,"직업안정법[시행2026. 12. 10.] [법률 제21787호,2026. 6. 15., 일부개정]",제4조의3 
2570,"직업안정법[시행2026. 12. 10.] [법률 제21787호,2026. 6. 16., 일부개정]",제4조의4 민간직업상담원
2571,"직업안정법[시행2026. 12. 10.] [법률 제21787호,2026. 6. 17., 일부개정]",제4조의5 고용서비스 우수기관 인증
2572,"직업안정법[시행2026. 12. 10.] [법률 제21787호,2026. 6. 18., 일부개정]",제5조 제2장 직업안정기관의 장이 하는 직업소개 및 직업지도 등
2573,"직업안정법[시행2026. 12. 10.] [법률 제21787호,2026. 6. 19., 일부개정]",제5조 제2장제1절 통칙
2574,"직업안정법[시행2026. 12. 10.] [법률 제21787호,2026. 6. 20., 일부개정]",제5조 업무 담당기관
2575,"직업안정법[시행2026. 12. 10.] [법률 제21787호,2026. 6. 21., 일부개정]",제1조 제1장 총칙
2576,"직업안정법[시행2026. 12. 10.] [법률 제21787호,2026. 6. 22., 일부개정]",제6조 담당직원의 전문성 확보 등
2577,"직업안정법[시행2026. 12. 10.] [법률 제21787호,2026. 6. 23., 일부개정]",제7조 시장ㆍ군수 등의 협력
2578,"직업안정법[시행2026. 12. 10.] [법률 제21787호,2026. 6. 24., 일부개정]",제8조 제2장제2절 직업소개
2579,"직업안정법[시행2026. 12. 10.] [법률 제21787호,2026. 6. 25., 일부개정]",제8조 구인의 신청
2580,"직업안정법[시행2026. 12. 10.] [법률 제21787호,2026. 6. 26., 일부개정]",제9조 구직의 신청
2581,"직업안정법[시행2026. 12. 10.] [법률 제21787호,2026. 6. 27., 일부개정]",제10조 근로조건의 명시 등
2582,"직업안정법[시행2026. 12. 10.] [법률 제21787호,2026. 6. 28., 일부개정]",제11조 직업소개의 원칙
2583,"직업안정법[시행2026. 12. 10.] [법률 제21787호,2026. 6. 29., 일부개정]",제12조 광역 직업소개
2584,"직업안정법[시행2026. 12. 10.] [법률 제21787호,2026. 6. 30., 일부개정]",제13조 훈련기관 알선
2585,"직업안정법[시행2026. 12. 10.] [법률 제21787호,2026. 6. 31., 일부개정]",제14조 제2장제3절 직업지도
2586,"직업안정법[시행2026. 12. 10.] [법률 제21787호,2026. 6. 32., 일부개정]",제14조 직업지도
2587,"직업안정법[시행2026. 12. 10.] [법률 제21787호,2026. 6. 33., 일부개정]",제15조 직업안정기관의 장과 학교의 장 등의 협력
2588,"직업안정법[시행2026. 12. 10.] [법률 제21787호,2026. 6. 34., 일부개정]",제16조 제2장제4절 고용정보의 제공
2589,"직업안정법[시행2026. 12. 10.] [법률 제21787호,2026. 6. 35., 일부개정]",제16조 고용정보의 수집ㆍ제공 등
2590,"직업안정법[시행2026. 12. 10.] [법률 제21787호,2026. 6. 36., 일부개정]",제17조 구인ㆍ구직의 개척
2591,"직업안정법[시행2026. 12. 10.] [법률 제21787호,2026. 6. 37., 일부개정]","제18조 제3장 직업안정기관의 장 외의 자가 하는 직업소개사업, 직업정보제공사업, 근로자 모집 또는 근로자공급사업 등"
2592,"직업안정법[시행2026. 12. 10.] [법률 제21787호,2026. 6. 38., 일부개정]",제18조 제3장제1절 직업소개사업 및 직업정보제공사업
2593,"직업안정법[시행2026. 12. 10.] [법률 제21787호,2026. 6. 39., 일부개정]",제18조 무료직업소개사업
2594,"직업안정법[시행2026. 12. 10.] [법률 제21787호,2026. 6. 40., 일부개정]",제19조 유료직업소개사업
2595,"직업안정법[시행2026. 12. 10.] [법률 제21787호,2026. 6. 41., 일부개정]",제20조 
2596,"직업안정법[시행2026. 12. 10.] [법률 제21787호,2026. 6. 42., 일부개정]",제21조 명의대여 등의 금지
2597,"직업안정법[시행2026. 12. 10.] [법률 제21787호,2026. 6. 43., 일부개정]",제21조의2 선급금의 수령 금지
2598,"직업안정법[시행2026. 12. 10.] [법률 제21787호,2026. 6. 44., 일부개정]",제21조의3 연소자에 대한 직업소개의 제한
2599,"직업안정법[시행2026. 12. 10.] [법률 제21787호,2026. 6. 45., 일부개정]",제22조 유료직업소개사업의 종사자 등
2600,"직업안정법[시행2026. 12. 10.] [법률 제21787호,2026. 6. 46., 일부개정]",제23조 직업정보제공사업의 신고
2601,"직업안정법[시행2026. 12. 10.] [법률 제21787호,2026. 6. 47., 일부개정]",제24조 
2602,"직업안정법[시행2026. 12. 10.] [법률 제21787호,2026. 6. 48., 일부개정]",제25조 직업정보제공사업자의 준수 사항
2603,"직업안정법[시행2026. 12. 10.] [법률 제21787호,2026. 6. 49., 일부개정]",제26조 겸업 금지
2604,"직업안정법[시행2026. 12. 10.] [법률 제21787호,2026. 6. 50., 일부개정]",제27조 준용
2605,"직업안정법[시행2026. 12. 10.] [법률 제21787호,2026. 6. 51., 일부개정]",제28조 제3장제2절 근로자의 모집
2606,"직업안정법[시행2026. 12. 10.] [법률 제21787호,2026. 6. 52., 일부개정]",제28조 근로자의 모집
2607,"직업안정법[시행2026. 12. 10.] [법률 제21787호,2026. 6. 53., 일부개정]",제29조 
2608,"직업안정법[시행2026. 12. 10.] [법률 제21787호,2026. 6. 54., 일부개정]",제30조 국외 취업자의 모집
2609,"직업안정법[시행2026. 12. 10.] [법률 제21787호,2026. 6. 55., 일부개정]",제31조 모집방법 등의 개선 권고
2610,"직업안정법[시행2026. 12. 10.] [법률 제21787호,2026. 6. 56., 일부개정]",제32조 금품 등의 수령 금지
2611,"직업안정법[시행2026. 12. 10.] [법률 제21787호,2026. 6. 57., 일부개정]",제33조 제3장제3절 근로자공급사업
2612,"직업안정법[시행2026. 12. 10.] [법률 제21787호,2026. 6. 58., 일부개정]",제33조 근로자공급사업
2613,"직업안정법[시행2026. 12. 10.] [법률 제21787호,2026. 6. 59., 일부개정]",제34조 제4장 보칙
2614,"직업안정법[시행2026. 12. 10.] [법률 제21787호,2026. 6. 60., 일부개정]",제34조 거짓 구인광고 등 금지
2615,"직업안정법[시행2026. 12. 10.] [법률 제21787호,2026. 6. 61., 일부개정]",제34조의2 손해배상책임의 보장
2616,"직업안정법[시행2026. 12. 10.] [법률 제21787호,2026. 6. 62., 일부개정]",제34조의3 거짓 구인광고에 대한 조치
2617,"직업안정법[시행2026. 12. 10.] [법률 제21787호,2026. 6. 63., 일부개정]",제35조 허가ㆍ등록 또는 신고 사업의 폐업신고
2618,"직업안정법[시행2026. 12. 10.] [법률 제21787호,2026. 6. 64., 일부개정]",제36조 등록ㆍ허가 등의 취소 등
2619,"직업안정법[시행2026. 12. 10.] [법률 제21787호,2026. 6. 65., 일부개정]",제36조의2 사업자의 지위승계 등
2620,"직업안정법[시행2026. 12. 10.] [법률 제21787호,2026. 6. 66., 일부개정]",제36조의3 청문
2621,"직업안정법[시행2026. 12. 10.] [법률 제21787호,2026. 6. 67., 일부개정]",제37조 폐쇄조치
2622,"직업안정법[시행2026. 12. 10.] [법률 제21787호,2026. 6. 68., 일부개정]",제38조 결격사유
2623,"직업안정법[시행2026. 12. 10.] [법률 제21787호,2026. 6. 69., 일부개정]",제39조 장부 등의 작성ㆍ비치
2624,"직업안정법[시행2026. 12. 10.] [법률 제21787호,2026. 6. 70., 일부개정]",제40조 
2625,"직업안정법[시행2026. 12. 10.] [법률 제21787호,2026. 6. 71., 일부개정]",제40조의2 직업소개사업을 하는 자 등에 대한 교육훈련
2626,"직업안정법[시행2026. 12. 10.] [법률 제21787호,2026. 6. 72., 일부개정]",제41조 보고 및 조사
2627,"직업안정법[시행2026. 12. 10.] [법률 제21787호,2026. 6. 73., 일부개정]",제41조의2 자료 협조의 요청
2628,"직업안정법[시행2026. 12. 10.] [법률 제21787호,2026. 6. 74., 일부개정]",제41조의3 전문기관의 지정
2629,"직업안정법[시행2026. 12. 10.] [법률 제21787호,2026. 6. 75., 일부개정]",제42조 비밀보장 의무
2630,"직업안정법[시행2026. 12. 10.] [법률 제21787호,2026. 6. 76., 일부개정]",제43조 수수료
2631,"직업안정법[시행2026. 12. 10.] [법률 제21787호,2026. 6. 77., 일부개정]",제44조 권한의 위임
2632,"직업안정법[시행2026. 12. 10.] [법률 제21787호,2026. 6. 78., 일부개정]",제45조 국고보조
2633,"직업안정법[시행2026. 12. 10.] [법률 제21787호,2026. 6. 79., 일부개정]",제45조의2 사업자협회의 설립 등
2634,"직업안정법[시행2026. 12. 10.] [법률 제21787호,2026. 6. 80., 일부개정]",제45조의3 포상금
2635,"직업안정법[시행2026. 12. 10.] [법률 제21787호,2026. 6. 81., 일부개정]",제46조 제5장 벌칙
2636,"직업안정법[시행2026. 12. 10.] [법률 제21787호,2026. 6. 82., 일부개정]",제46조 벌칙
2637,"직업안정법[시행2026. 12. 10.] [법률 제21787호,2026. 6. 83., 일부개정]",제47조 벌칙
2638,"직업안정법[시행2026. 12. 10.] [법률 제21787호,2026. 6. 84., 일부개정]",제48조 벌칙
2639,"직업안정법[시행2026. 12. 10.] [법률 제21787호,2026. 6. 85., 일부개정]",제48조의2 
2640,"직업안정법[시행2026. 12. 10.] [법률 제21787호,2026. 6. 86., 일부개정]",제49조 양벌규정
2641,"직업안정법[시행2026. 12. 10.] [법률 제21787호,2026. 6. 87., 일부개정]",제50조 과태료
2642,"직업안정법[시행2024. 7. 24.] [법률 제20121호,2024. 1. 23., 일부개정]",제1조 제1장 총칙
2643,"직업안정법[시행2024. 7. 24.] [법률 제20121호,2024. 1. 24., 일부개정]",제1조 목적
2644,"직업안정법[시행2024. 7. 24.] [법률 제20121호,2024. 1. 25., 일부개정]",제2조 균등처우
2645,"직업안정법[시행2024. 7. 24.] [법률 제20121호,2024. 1. 26., 일부개정]",제2조의2 정의
2646,"직업안정법[시행2024. 7. 24.] [법률 제20121호,2024. 1. 27., 일부개정]",제3조 정부의 업무
2647,"직업안정법[시행2024. 7. 24.] [법률 제20121호,2024. 1. 28., 일부개정]",제4조 
2648,"직업안정법[시행2024. 7. 24.] [법률 제20121호,2024. 1. 29., 일부개정]",제4조의2 지방자치단체의 국내 직업소개 업무 등
2649,"직업안정법[시행2024. 7. 24.] [법률 제20121호,2024. 1. 30., 일부개정]",제4조의3 
2650,"직업안정법[시행2024. 7. 24.] [법률 제20121호,2024. 1. 31., 일부개정]",제4조의4 민간직업상담원
2651,"직업안정법[시행2024. 7. 24.] [법률 제20121호,2024. 1. 32., 일부개정]",제4조의5 고용서비스 우수기관 인증
2652,"직업안정법[시행2024. 7. 24.] [법률 제20121호,2024. 1. 33., 일부개정]",제5조 제2장 직업안정기관의 장이 하는 직업소개 및 직업지도 등
2653,"직업안정법[시행2024. 7. 24.] [법률 제20121호,2024. 1. 34., 일부개정]",제5조 제2장제1절 통칙
2654,"직업안정법[시행2024. 7. 24.] [법률 제20121호,2024. 1. 35., 일부개정]",제5조 업무 담당기관
2655,"직업안정법[시행2024. 7. 24.] [법률 제20121호,2024. 1. 36., 일부개정]",제6조 담당직원의 전문성 확보 등
2656,"직업안정법[시행2024. 7. 24.] [법률 제20121호,2024. 1. 37., 일부개정]",제7조 시장ㆍ군수 등의 협력
2657,"직업안정법[시행2024. 7. 24.] [법률 제20121호,2024. 1. 38., 일부개정]",제8조 제2장제2절 직업소개
2658,"직업안정법[시행2024. 7. 24.] [법률 제20121호,2024. 1. 39., 일부개정]",제8조 구인의 신청
2659,"직업안정법[시행2024. 7. 24.] [법률 제20121호,2024. 1. 40., 일부개정]",제9조 구직의 신청
2660,"직업안정법[시행2024. 7. 24.] [법률 제20121호,2024. 1. 41., 일부개정]",제10조 근로조건의 명시 등
2661,"직업안정법[시행2024. 7. 24.] [법률 제20121호,2024. 1. 42., 일부개정]",제11조 직업소개의 원칙
2662,"직업안정법[시행2024. 7. 24.] [법률 제20121호,2024. 1. 43., 일부개정]",제12조 광역 직업소개
2663,"직업안정법[시행2024. 7. 24.] [법률 제20121호,2024. 1. 44., 일부개정]",제13조 훈련기관 알선
2664,"직업안정법[시행2024. 7. 24.] [법률 제20121호,2024. 1. 45., 일부개정]",제14조 제2장제3절 직업지도
2665,"직업안정법[시행2024. 7. 24.] [법률 제20121호,2024. 1. 46., 일부개정]",제14조 직업지도
2666,"직업안정법[시행2024. 7. 24.] [법률 제20121호,2024. 1. 47., 일부개정]",제15조 직업안정기관의 장과 학교의 장 등의 협력
2667,"직업안정법[시행2024. 7. 24.] [법률 제20121호,2024. 1. 48., 일부개정]",제16조 제2장제4절 고용정보의 제공
2668,"직업안정법[시행2024. 7. 24.] [법률 제20121호,2024. 1. 49., 일부개정]",제16조 고용정보의 수집ㆍ제공 등
2669,"직업안정법[시행2024. 7. 24.] [법률 제20121호,2024. 1. 50., 일부개정]",제17조 구인ㆍ구직의 개척
2670,"직업안정법[시행2024. 7. 24.] [법률 제20121호,2024. 1. 51., 일부개정]","제18조 제3장 직업안정기관의 장 외의 자가 하는 직업소개사업, 직업정보제공사업, 근로자 모집 또는 근로자공급사업 등"
2671,"직업안정법[시행2024. 7. 24.] [법률 제20121호,2024. 1. 52., 일부개정]",제18조 제3장제1절 직업소개사업 및 직업정보제공사업
2672,"직업안정법[시행2024. 7. 24.] [법률 제20121호,2024. 1. 53., 일부개정]",제18조 무료직업소개사업
2673,"직업안정법[시행2024. 7. 24.] [법률 제20121호,2024. 1. 54., 일부개정]",제19조 유료직업소개사업
2674,"직업안정법[시행2024. 7. 24.] [법률 제20121호,2024. 1. 55., 일부개정]",제20조 
2675,"직업안정법[시행2024. 7. 24.] [법률 제20121호,2024. 1. 56., 일부개정]",제21조 명의대여 등의 금지
2676,"직업안정법[시행2024. 7. 24.] [법률 제20121호,2024. 1. 57., 일부개정]",제21조의2 선급금의 수령 금지
2677,"직업안정법[시행2024. 7. 24.] [법률 제20121호,2024. 1. 58., 일부개정]",제21조의3 연소자에 대한 직업소개의 제한
2678,"직업안정법[시행2024. 7. 24.] [법률 제20121호,2024. 1. 59., 일부개정]",제22조 유료직업소개사업의 종사자 등
2679,"직업안정법[시행2024. 7. 24.] [법률 제20121호,2024. 1. 60., 일부개정]",제23조 직업정보제공사업의 신고
2680,"직업안정법[시행2024. 7. 24.] [법률 제20121호,2024. 1. 61., 일부개정]",제24조 
2681,"직업안정법[시행2024. 7. 24.] [법률 제20121호,2024. 1. 62., 일부개정]",제25조 직업정보제공사업자의 준수 사항
2682,"직업안정법[시행2024. 7. 24.] [법률 제20121호,2024. 1. 63., 일부개정]",제26조 겸업 금지
2683,"직업안정법[시행2024. 7. 24.] [법률 제20121호,2024. 1. 64., 일부개정]",제27조 준용
2684,"직업안정법[시행2024. 7. 24.] [법률 제20121호,2024. 1. 65., 일부개정]",제28조 제3장제2절 근로자의 모집
2685,"직업안정법[시행2024. 7. 24.] [법률 제20121호,2024. 1. 66., 일부개정]",제28조 근로자의 모집
2686,"직업안정법[시행2024. 7. 24.] [법률 제20121호,2024. 1. 67., 일부개정]",제29조 
2687,"직업안정법[시행2024. 7. 24.] [법률 제20121호,2024. 1. 68., 일부개정]",제30조 국외 취업자의 모집
2688,"직업안정법[시행2024. 7. 24.] [법률 제20121호,2024. 1. 69., 일부개정]",제31조 모집방법 등의 개선 권고
2689,"직업안정법[시행2024. 7. 24.] [법률 제20121호,2024. 1. 70., 일부개정]",제32조 금품 등의 수령 금지
2690,"직업안정법[시행2024. 7. 24.] [법률 제20121호,2024. 1. 71., 일부개정]",제33조 제3장제3절 근로자공급사업
2691,"직업안정법[시행2024. 7. 24.] [법률 제20121호,2024. 1. 72., 일부개정]",제33조 근로자공급사업
2692,"직업안정법[시행2024. 7. 24.] [법률 제20121호,2024. 1. 73., 일부개정]",제34조 제4장 보칙
2693,"직업안정법[시행2024. 7. 24.] [법률 제20121호,2024. 1. 74., 일부개정]",제34조 거짓 구인광고 등 금지
2694,"직업안정법[시행2024. 7. 24.] [법률 제20121호,2024. 1. 75., 일부개정]",제34조의2 손해배상책임의 보장
2695,"직업안정법[시행2024. 7. 24.] [법률 제20121호,2024. 1. 76., 일부개정]",제35조 허가ㆍ등록 또는 신고 사업의 폐업신고
2696,"직업안정법[시행2024. 7. 24.] [법률 제20121호,2024. 1. 77., 일부개정]",제36조 등록ㆍ허가 등의 취소 등
2697,"직업안정법[시행2024. 7. 24.] [법률 제20121호,2024. 1. 78., 일부개정]",제36조의2 사업자의 지위승계 등
2698,"직업안정법[시행2024. 7. 24.] [법률 제20121호,2024. 1. 79., 일부개정]",제36조의3 청문
2699,"직업안정법[시행2024. 7. 24.] [법률 제20121호,2024. 1. 80., 일부개정]",제37조 폐쇄조치
2700,"직업안정법[시행2024. 7. 24.] [법률 제20121호,2024. 1. 81., 일부개정]",제38조 결격사유
2701,"직업안정법[시행2024. 7. 24.] [법률 제20121호,2024. 1. 82., 일부개정]",제39조 장부 등의 작성ㆍ비치
2702,"직업안정법[시행2024. 7. 24.] [법률 제20121호,2024. 1. 83., 일부개정]",제40조 
2703,"직업안정법[시행2024. 7. 24.] [법률 제20121호,2024. 1. 84., 일부개정]",제40조의2 직업소개사업을 하는 자 등에 대한 교육훈련
2704,"직업안정법[시행2024. 7. 24.] [법률 제20121호,2024. 1. 85., 일부개정]",제41조 보고 및 조사
2705,"직업안정법[시행2024. 7. 24.] [법률 제20121호,2024. 1. 86., 일부개정]",제41조의2 자료 협조의 요청
2706,"직업안정법[시행2024. 7. 24.] [법률 제20121호,2024. 1. 87., 일부개정]",제42조 비밀보장 의무
2707,"직업안정법[시행2024. 7. 24.] [법률 제20121호,2024. 1. 88., 일부개정]",제43조 수수료
2708,"직업안정법[시행2024. 7. 24.] [법률 제20121호,2024. 1. 89., 일부개정]",제44조 권한의 위임
2709,"직업안정법[시행2024. 7. 24.] [법률 제20121호,2024. 1. 90., 일부개정]",제45조 국고보조
2710,"직업안정법[시행2024. 7. 24.] [법률 제20121호,2024. 1. 91., 일부개정]",제45조의2 사업자협회의 설립 등
2711,"직업안정법[시행2024. 7. 24.] [법률 제20121호,2024. 1. 92., 일부개정]",제45조의3 포상금
2712,"직업안정법[시행2024. 7. 24.] [법률 제20121호,2024. 1. 93., 일부개정]",제46조 제5장 벌칙
2713,"직업안정법[시행2024. 7. 24.] [법률 제20121호,2024. 1. 94., 일부개정]",제46조 벌칙
2714,"직업안정법[시행2024. 7. 24.] [법률 제20121호,2024. 1. 95., 일부개정]",제47조 벌칙
2715,"직업안정법[시행2024. 7. 24.] [법률 제20121호,2024. 1. 96., 일부개정]",제48조 벌칙
2716,"직업안정법[시행2024. 7. 24.] [법률 제20121호,2024. 1. 97., 일부개정]",제48조의2 
2717,"직업안정법[시행2024. 7. 24.] [법률 제20121호,2024. 1. 98., 일부개정]",제49조 양벌규정
2718,"직업안정법[시행2024. 7. 24.] [법률 제20121호,2024. 1. 99., 일부개정]",제50조 과태료
2719,"임금채권보장법 시행령[시행2026. 5. 12.] [대통령령 제36307호,2026. 5. 6., 일부개정]",제1조 목적
2720,"임금채권보장법 시행령[시행2026. 5. 12.] [대통령령 제36307호,2026. 5. 7., 일부개정]",제2조 임금채권보장기금심의위원회의 기능
2721,"임금채권보장법 시행령[시행2026. 5. 12.] [대통령령 제36307호,2026. 5. 8., 일부개정]",제3조 위원회의 구성 등
2722,"임금채권보장법 시행령[시행2026. 5. 12.] [대통령령 제36307호,2026. 5. 9., 일부개정]",제4조 
2723,"임금채권보장법 시행령[시행2026. 5. 12.] [대통령령 제36307호,2026. 5. 10., 일부개정]",제5조 도산등사실인정의 요건ㆍ절차
2724,"임금채권보장법 시행령[시행2026. 5. 12.] [대통령령 제36307호,2026. 5. 11., 일부개정]",제6조 체불 임금등 대지급금 상한액의 결정ㆍ고시
2725,"임금채권보장법 시행령[시행2026. 5. 12.] [대통령령 제36307호,2026. 5. 12., 일부개정]",제7조 대지급금 지급대상 근로자
2726,"임금채권보장법 시행령[시행2026. 5. 12.] [대통령령 제36307호,2026. 5. 13., 일부개정]",제8조 사업주의 기준
2727,"임금채권보장법 시행령[시행2026. 5. 12.] [대통령령 제36307호,2026. 5. 14., 일부개정]",제9조 대지급금의 청구와 지급
2728,"임금채권보장법 시행령[시행2026. 5. 12.] [대통령령 제36307호,2026. 5. 15., 일부개정]",제10조 파산선고등 대지급금 지급 사유의 확인 등
2729,"임금채권보장법 시행령[시행2026. 5. 12.] [대통령령 제36307호,2026. 5. 16., 일부개정]",제11조 미지급 임금등 청구권의 대위
2730,"임금채권보장법 시행령[시행2026. 5. 12.] [대통령령 제36307호,2026. 5. 17., 일부개정]",제11조의2 변제금의 납부통지
2731,"임금채권보장법 시행령[시행2026. 5. 12.] [대통령령 제36307호,2026. 5. 18., 일부개정]",제11조의3 변제금에 대한 연체금의 징수 등
2732,"임금채권보장법 시행령[시행2026. 5. 12.] [대통령령 제36307호,2026. 5. 19., 일부개정]",제12조 부담금의 징수
2733,"임금채권보장법 시행령[시행2026. 5. 12.] [대통령령 제36307호,2026. 5. 20., 일부개정]",제13조 부담금비율의 고시
2734,"임금채권보장법 시행령[시행2026. 5. 12.] [대통령령 제36307호,2026. 5. 21., 일부개정]",제14조 부담금 경감 대상 사업주의 기준
2735,"임금채권보장법 시행령[시행2026. 5. 12.] [대통령령 제36307호,2026. 5. 22., 일부개정]",제15조 부담금의 경감 절차
2736,"임금채권보장법 시행령[시행2026. 5. 12.] [대통령령 제36307호,2026. 5. 23., 일부개정]",제16조 부담금 경감기준의 고시
2737,"임금채권보장법 시행령[시행2026. 5. 12.] [대통령령 제36307호,2026. 5. 24., 일부개정]",제17조 부담금 또는 그 밖의 징수금 카드의 작성 등
2738,"임금채권보장법 시행령[시행2026. 5. 12.] [대통령령 제36307호,2026. 5. 25., 일부개정]",제18조 대지급금수급계좌
2739,"임금채권보장법 시행령[시행2026. 5. 12.] [대통령령 제36307호,2026. 5. 26., 일부개정]",제18조의2 대지급금의 수령 위임
2740,"임금채권보장법 시행령[시행2026. 5. 12.] [대통령령 제36307호,2026. 5. 27., 일부개정]",제19조 재산목록의 기재사항
2741,"임금채권보장법 시행령[시행2026. 5. 12.] [대통령령 제36307호,2026. 5. 28., 일부개정]",제20조 부당이득의 환수 등
2742,"임금채권보장법 시행령[시행2026. 5. 12.] [대통령령 제36307호,2026. 5. 29., 일부개정]",제20조의2 대지급금 부정수급사실의 신고 등
2743,"임금채권보장법 시행령[시행2026. 5. 12.] [대통령령 제36307호,2026. 5. 30., 일부개정]",제20조의3 포상금의 지급기준
2744,"임금채권보장법 시행령[시행2026. 5. 12.] [대통령령 제36307호,2026. 5. 31., 일부개정]",제20조의4 신고 또는 고발의 기한
2745,"임금채권보장법 시행령[시행2026. 5. 12.] [대통령령 제36307호,2026. 5. 32., 일부개정]",제20조의5 신고 또는 고발의 경합 시 포상금의 지급방법
2746,"임금채권보장법 시행령[시행2026. 5. 12.] [대통령령 제36307호,2026. 5. 33., 일부개정]",제20조의6 포상금의 지급 시기
2747,"임금채권보장법 시행령[시행2026. 5. 12.] [대통령령 제36307호,2026. 5. 34., 일부개정]",제21조 부담금과 그 밖의 징수금의 납부ㆍ징수
2748,"임금채권보장법 시행령[시행2026. 5. 12.] [대통령령 제36307호,2026. 5. 35., 일부개정]",제22조 기금의 관리ㆍ운용 등
2749,"임금채권보장법 시행령[시행2026. 5. 12.] [대통령령 제36307호,2026. 5. 36., 일부개정]",제22조의2 책임준비금의 적립기준
2750,"임금채권보장법 시행령[시행2026. 5. 12.] [대통령령 제36307호,2026. 5. 37., 일부개정]",제23조 보고ㆍ제출 요구
2751,"임금채권보장법 시행령[시행2026. 5. 12.] [대통령령 제36307호,2026. 5. 38., 일부개정]",제23조의2 미회수된 대지급금 자료의 제공 제외 사유
2752,"임금채권보장법 시행령[시행2026. 5. 12.] [대통령령 제36307호,2026. 5. 39., 일부개정]",제23조의3 미회수된 대지급금 자료의 제공 요건
2753,"임금채권보장법 시행령[시행2026. 5. 12.] [대통령령 제36307호,2026. 5. 40., 일부개정]",제24조 권한의 위임ㆍ위탁
2754,"임금채권보장법 시행령[시행2026. 5. 12.] [대통령령 제36307호,2026. 5. 41., 일부개정]",제25조 공단의 보고
2755,"임금채권보장법 시행령[시행2026. 5. 12.] [대통령령 제36307호,2026. 5. 42., 일부개정]",제25조의2 고유식별정보의 처리
2756,"임금채권보장법 시행령[시행2026. 5. 12.] [대통령령 제36307호,2026. 5. 43., 일부개정]",제25조의3 
2757,"임금채권보장법 시행령[시행2026. 5. 12.] [대통령령 제36307호,2026. 5. 44., 일부개정]",제26조 과태료의 부과ㆍ징수
2758,"사회적기업 육성법[시행2026. 6. 9.] [법률 제21785호,2026. 6. 9., 일부개정]",제1조 목적
2759,"사회적기업 육성법[시행2026. 6. 9.] [법률 제21785호,2026. 6. 10., 일부개정]",제2조 정의
2760,"사회적기업 육성법[시행2026. 6. 9.] [법률 제21785호,2026. 6. 11., 일부개정]",제3조 운영주체별 역할 및 책무
2761,"사회적기업 육성법[시행2026. 6. 9.] [법률 제21785호,2026. 6. 12., 일부개정]",제4조 
2762,"사회적기업 육성법[시행2026. 6. 9.] [법률 제21785호,2026. 6. 13., 일부개정]",제5조 사회적기업 육성 기본계획의 수립
2763,"사회적기업 육성법[시행2026. 6. 9.] [법률 제21785호,2026. 6. 14., 일부개정]",제5조의2 시ㆍ도별 사회적기업 지원계획의 수립 등
2764,"사회적기업 육성법[시행2026. 6. 9.] [법률 제21785호,2026. 6. 15., 일부개정]",제6조 실태조사
2765,"사회적기업 육성법[시행2026. 6. 9.] [법률 제21785호,2026. 6. 16., 일부개정]",제7조 사회적기업의 인증
2766,"사회적기업 육성법[시행2026. 6. 9.] [법률 제21785호,2026. 6. 17., 일부개정]",제8조 사회적기업의 인증 요건 및 인증 절차
2767,"사회적기업 육성법[시행2026. 6. 9.] [법률 제21785호,2026. 6. 18., 일부개정]",제9조 정관등
2768,"사회적기업 육성법[시행2026. 6. 9.] [법률 제21785호,2026. 6. 19., 일부개정]",제10조 경영지원 등
2769,"사회적기업 육성법[시행2026. 6. 9.] [법률 제21785호,2026. 6. 20., 일부개정]",제10조의2 교육훈련 지원 등
2770,"사회적기업 육성법[시행2026. 6. 9.] [법률 제21785호,2026. 6. 21., 일부개정]",제11조 시설비 등의 지원
2771,"사회적기업 육성법[시행2026. 6. 9.] [법률 제21785호,2026. 6. 22., 일부개정]",제12조 공공기관의 우선 구매
2772,"사회적기업 육성법[시행2026. 6. 9.] [법률 제21785호,2026. 6. 23., 일부개정]",제13조 조세감면 및 사회보험료의 지원
2773,"사회적기업 육성법[시행2026. 6. 9.] [법률 제21785호,2026. 6. 24., 일부개정]",제14조 사회서비스 제공 사회적기업에 대한 재정 지원
2774,"사회적기업 육성법[시행2026. 6. 9.] [법률 제21785호,2026. 6. 25., 일부개정]",제15조 연계기업의 책임 한계
2775,"사회적기업 육성법[시행2026. 6. 9.] [법률 제21785호,2026. 6. 26., 일부개정]",제16조 연계기업 등에 대한 조세감면
2776,"사회적기업 육성법[시행2026. 6. 9.] [법률 제21785호,2026. 6. 27., 일부개정]",제16조의2 사회적기업의 날
2777,"사회적기업 육성법[시행2026. 6. 9.] [법률 제21785호,2026. 6. 28., 일부개정]",제17조 보고 등
2778,"사회적기업 육성법[시행2026. 6. 9.] [법률 제21785호,2026. 6. 29., 일부개정]",제18조 인증의 취소
2779,"사회적기업 육성법[시행2026. 6. 9.] [법률 제21785호,2026. 6. 30., 일부개정]",제19조 유사명칭의 사용금지
2780,"사회적기업 육성법[시행2026. 6. 9.] [법률 제21785호,2026. 6. 31., 일부개정]",제20조 한국사회적기업진흥원의 설립 등
2781,"사회적기업 육성법[시행2026. 6. 9.] [법률 제21785호,2026. 6. 32., 일부개정]",제21조 권한의 위임 및 위탁
2782,"사회적기업 육성법[시행2026. 6. 9.] [법률 제21785호,2026. 6. 33., 일부개정]",제22조 벌칙
2783,"사회적기업 육성법[시행2026. 6. 9.] [법률 제21785호,2026. 6. 34., 일부개정]",제23조 과태료
2784,"사회적기업 육성법[시행2026. 6. 9.] [법률 제21785호,2026. 6. 35., 일부개정]",제2조 정의
2785,"사회적기업 육성법[시행2026. 6. 9.] [법률 제21785호,2026. 6. 36., 일부개정]",제3조 운영주체별 역할 및 책무
2786,"사회적기업 육성법[시행2026. 6. 9.] [법률 제21785호,2026. 6. 37., 일부개정]",제4조 
2787,"사회적기업 육성법[시행2026. 6. 9.] [법률 제21785호,2026. 6. 38., 일부개정]",제5조 사회적기업 육성 기본계획의 수립
2788,"사회적기업 육성법[시행2026. 6. 9.] [법률 제21785호,2026. 6. 39., 일부개정]",제5조의2 시ㆍ도별 사회적기업 지원계획의 수립 등
2789,"사회적기업 육성법[시행2026. 6. 9.] [법률 제21785호,2026. 6. 40., 일부개정]",제6조 실태조사
2790,"사회적기업 육성법[시행2026. 6. 9.] [법률 제21785호,2026. 6. 41., 일부개정]",제7조 사회적기업의 인증
2791,"사회적기업 육성법[시행2026. 6. 9.] [법률 제21785호,2026. 6. 42., 일부개정]",제8조 사회적기업의 인증 요건 및 인증 절차
2792,"사회적기업 육성법[시행2026. 6. 9.] [법률 제21785호,2026. 6. 43., 일부개정]",제9조 정관등
2793,"사회적기업 육성법[시행2026. 6. 9.] [법률 제21785호,2026. 6. 44., 일부개정]",제10조 경영지원 등
2794,"사회적기업 육성법[시행2026. 6. 9.] [법률 제21785호,2026. 6. 45., 일부개정]",제10조의2 교육훈련 지원 등
2795,"사회적기업 육성법[시행2026. 6. 9.] [법률 제21785호,2026. 6. 46., 일부개정]",제11조 시설비 등의 지원
2796,"사회적기업 육성법[시행2026. 6. 9.] [법률 제21785호,2026. 6. 47., 일부개정]",제12조 공공기관의 우선 구매
2797,"사회적기업 육성법[시행2026. 6. 9.] [법률 제21785호,2026. 6. 48., 일부개정]",제13조 조세감면 및 사회보험료의 지원
2798,"사회적기업 육성법[시행2026. 6. 9.] [법률 제21785호,2026. 6. 49., 일부개정]",제14조 사회서비스 제공 사회적기업에 대한 재정 지원
2799,"사회적기업 육성법[시행2026. 6. 9.] [법률 제21785호,2026. 6. 50., 일부개정]",제15조 연계기업의 책임 한계
2800,"사회적기업 육성법[시행2026. 6. 9.] [법률 제21785호,2026. 6. 51., 일부개정]",제16조 연계기업 등에 대한 조세감면
2801,"사회적기업 육성법[시행2026. 6. 9.] [법률 제21785호,2026. 6. 52., 일부개정]",제16조의2 사회적기업의 날
2802,"사회적기업 육성법[시행2026. 6. 9.] [법률 제21785호,2026. 6. 53., 일부개정]",제16조의3 협회의 설립
2803,"사회적기업 육성법[시행2026. 6. 9.] [법률 제21785호,2026. 6. 54., 일부개정]",제16조의4 사회적기업 공제사업
2804,"사회적기업 육성법[시행2026. 6. 9.] [법률 제21785호,2026. 6. 55., 일부개정]",제16조의5 협회 및 공제사업 지도ㆍ감독 등
2805,"사회적기업 육성법[시행2026. 6. 9.] [법률 제21785호,2026. 6. 56., 일부개정]",제17조 보고 등
2806,"사회적기업 육성법[시행2026. 6. 9.] [법률 제21785호,2026. 6. 57., 일부개정]",제18조 인증의 취소
2807,"사회적기업 육성법[시행2026. 6. 9.] [법률 제21785호,2026. 6. 58., 일부개정]",제1조 목적
2808,"사회적기업 육성법[시행2026. 6. 9.] [법률 제21785호,2026. 6. 59., 일부개정]",제19조 유사명칭의 사용금지
2809,"사회적기업 육성법[시행2026. 6. 9.] [법률 제21785호,2026. 6. 60., 일부개정]",제20조 한국사회적기업진흥원의 설립 등
2810,"사회적기업 육성법[시행2026. 6. 9.] [법률 제21785호,2026. 6. 61., 일부개정]",제21조 권한의 위임 및 위탁
2811,"사회적기업 육성법[시행2026. 6. 9.] [법률 제21785호,2026. 6. 62., 일부개정]",제22조 벌칙
2812,"사회적기업 육성법[시행2026. 6. 9.] [법률 제21785호,2026. 6. 63., 일부개정]",제23조 과태료
2813,"고용정책 기본법[시행2026. 1. 2.] [법률 제21065호,2025. 10. 1., 타법개정]",제1조 제1장 총칙
2814,"고용정책 기본법[시행2026. 1. 2.] [법률 제21065호,2025. 10. 2., 타법개정]",제1조 목적
2815,"고용정책 기본법[시행2026. 1. 2.] [법률 제21065호,2025. 10. 3., 타법개정]",제2조 정의
2816,"고용정책 기본법[시행2026. 1. 2.] [법률 제21065호,2025. 10. 4., 타법개정]",제3조 기본원칙
2817,"고용정책 기본법[시행2026. 1. 2.] [법률 제21065호,2025. 10. 5., 타법개정]",제4조 다른 법률과의 관계
2818,"고용정책 기본법[시행2026. 1. 2.] [법률 제21065호,2025. 10. 6., 타법개정]",제5조 근로자 및 사업주 등의 책임과 의무
2819,"고용정책 기본법[시행2026. 1. 2.] [법률 제21065호,2025. 10. 7., 타법개정]",제6조 국가와 지방자치단체의 시책
2820,"고용정책 기본법[시행2026. 1. 2.] [법률 제21065호,2025. 10. 8., 타법개정]",제7조 취업기회의 균등한 보장
2821,"고용정책 기본법[시행2026. 1. 2.] [법률 제21065호,2025. 10. 9., 타법개정]",제8조 제2장 고용정책의 수립 및 추진체계
2822,"고용정책 기본법[시행2026. 1. 2.] [법률 제21065호,2025. 10. 10., 타법개정]",제8조 고용정책 기본계획의 수립ㆍ시행
2823,"고용정책 기본법[시행2026. 1. 2.] [법률 제21065호,2025. 10. 11., 타법개정]",제9조 지역고용정책기본계획의 수립ㆍ시행
2824,"고용정책 기본법[시행2026. 1. 2.] [법률 제21065호,2025. 10. 12., 타법개정]",제9조의2 지역 일자리 창출대책의 수립 등
2825,"고용정책 기본법[시행2026. 1. 2.] [법률 제21065호,2025. 10. 13., 타법개정]",제10조 고용정책심의회
2826,"고용정책 기본법[시행2026. 1. 2.] [법률 제21065호,2025. 10. 14., 타법개정]",제11조 직업안정기관의 설치 등
2827,"고용정책 기본법[시행2026. 1. 2.] [법률 제21065호,2025. 10. 15., 타법개정]",제12조 민간에 의한 고용서비스 제공 지원 등
2828,"고용정책 기본법[시행2026. 1. 2.] [법률 제21065호,2025. 10. 16., 타법개정]",제13조 고용영향평가
2829,"고용정책 기본법[시행2026. 1. 2.] [법률 제21065호,2025. 10. 17., 타법개정]",제13조의2 재정지원 일자리사업의 효율화
2830,"고용정책 기본법[시행2026. 1. 2.] [법률 제21065호,2025. 10. 18., 타법개정]",제14조 국제협력
2831,"고용정책 기본법[시행2026. 1. 2.] [법률 제21065호,2025. 10. 19., 타법개정]",제15조 제3장 고용정보 등의 수집ㆍ제공
2832,"고용정책 기본법[시행2026. 1. 2.] [법률 제21065호,2025. 10. 20., 타법개정]",제15조 고용ㆍ직업 정보의 수집ㆍ관리
2833,"고용정책 기본법[시행2026. 1. 2.] [법률 제21065호,2025. 10. 21., 타법개정]",제15조의2 고용정보시스템의 구축ㆍ운영
2834,"고용정책 기본법[시행2026. 1. 2.] [법률 제21065호,2025. 10. 22., 타법개정]",제15조의3 개인정보의 보호
2835,"고용정책 기본법[시행2026. 1. 2.] [법률 제21065호,2025. 10. 23., 타법개정]",제15조의4 관계기관 등에 대한 정보 제공 및 공개
2836,"고용정책 기본법[시행2026. 1. 2.] [법률 제21065호,2025. 10. 24., 타법개정]",제15조의5 재정지원 일자리사업 통합정보전산망의 구축ㆍ운영 등
2837,"고용정책 기본법[시행2026. 1. 2.] [법률 제21065호,2025. 10. 25., 타법개정]",제15조의6 고용형태 현황 공시
2838,"고용정책 기본법[시행2026. 1. 2.] [법률 제21065호,2025. 10. 26., 타법개정]",제16조 인력의 수급 동향 등에 관한 자료의 작성
2839,"고용정책 기본법[시행2026. 1. 2.] [법률 제21065호,2025. 10. 27., 타법개정]",제17조 고용 관련 통계의 작성ㆍ보급 등
2840,"고용정책 기본법[시행2026. 1. 2.] [법률 제21065호,2025. 10. 28., 타법개정]",제18조 한국고용정보원의 설립
2841,"고용정책 기본법[시행2026. 1. 2.] [법률 제21065호,2025. 10. 29., 타법개정]",제18조의2 한국잡월드의 설립 등
2842,"고용정책 기본법[시행2026. 1. 2.] [법률 제21065호,2025. 10. 30., 타법개정]",제19조 제4장 직업능력개발
2843,"고용정책 기본법[시행2026. 1. 2.] [법률 제21065호,2025. 10. 31., 타법개정]",제19조 직업능력개발에 관한 시책
2844,"고용정책 기본법[시행2026. 1. 2.] [법률 제21065호,2025. 10. 32., 타법개정]",제20조 직업능력개발의 지원
2845,"고용정책 기본법[시행2026. 1. 2.] [법률 제21065호,2025. 10. 33., 타법개정]",제21조 기술ㆍ기능 인력의 양성
2846,"고용정책 기본법[시행2026. 1. 2.] [법률 제21065호,2025. 10. 34., 타법개정]",제22조 직업능력평가제도의 확립
2847,"고용정책 기본법[시행2026. 1. 2.] [법률 제21065호,2025. 10. 35., 타법개정]",제23조 제5장 근로자의 고용촉진 및 사업주의 인력확보 지원
2848,"고용정책 기본법[시행2026. 1. 2.] [법률 제21065호,2025. 10. 36., 타법개정]",제23조 구직자와 구인자에 대한 지원
2849,"고용정책 기본법[시행2026. 1. 2.] [법률 제21065호,2025. 10. 37., 타법개정]",제24조 학생 등에 대한 직업지도
2850,"고용정책 기본법[시행2026. 1. 2.] [법률 제21065호,2025. 10. 38., 타법개정]",제25조 청년ㆍ여성ㆍ고령자 등의 고용촉진의 지원
2851,"고용정책 기본법[시행2026. 1. 2.] [법률 제21065호,2025. 10. 39., 타법개정]",제26조 취업취약계층의 고용촉진 지원
2852,"고용정책 기본법[시행2026. 1. 2.] [법률 제21065호,2025. 10. 40., 타법개정]",제27조 일용근로자 등의 고용안정 지원
2853,"고용정책 기본법[시행2026. 1. 2.] [법률 제21065호,2025. 10. 41., 타법개정]",제28조 사회서비스일자리 창출 및 사회적기업 육성
2854,"고용정책 기본법[시행2026. 1. 2.] [법률 제21065호,2025. 10. 42., 타법개정]",제29조 기업의 고용창출 등 지원
2855,"고용정책 기본법[시행2026. 1. 2.] [법률 제21065호,2025. 10. 43., 타법개정]",제30조 중소기업 인력확보지원계획의 수립ㆍ시행
2856,"고용정책 기본법[시행2026. 1. 2.] [법률 제21065호,2025. 10. 44., 타법개정]",제31조 외국인근로자의 도입
2857,"고용정책 기본법[시행2026. 1. 2.] [법률 제21065호,2025. 10. 45., 타법개정]",제32조 제6장 고용조정지원 및 고용안정대책
2858,"고용정책 기본법[시행2026. 1. 2.] [법률 제21065호,2025. 10. 46., 타법개정]",제32조 업종별ㆍ지역별 고용조정의 지원 등
2859,"고용정책 기본법[시행2026. 1. 2.] [법률 제21065호,2025. 10. 47., 타법개정]",제32조의2 고용재난지역의 선포 및 지원 등
2860,"고용정책 기본법[시행2026. 1. 2.] [법률 제21065호,2025. 10. 48., 타법개정]",제33조 대량 고용변동의 신고 등
2861,"고용정책 기본법[시행2026. 1. 2.] [법률 제21065호,2025. 10. 49., 타법개정]",제34조 실업대책사업
2862,"고용정책 기본법[시행2026. 1. 2.] [법률 제21065호,2025. 10. 50., 타법개정]",제35조 실업대책사업의 자금 조성 등
2863,"고용정책 기본법[시행2026. 1. 2.] [법률 제21065호,2025. 10. 51., 타법개정]",제36조 자금의 차입
2864,"고용정책 기본법[시행2026. 1. 2.] [법률 제21065호,2025. 10. 52., 타법개정]",제37조 관계 기관의 협력
2865,"고용정책 기본법[시행2026. 1. 2.] [법률 제21065호,2025. 10. 53., 타법개정]",제38조 제7장 보칙
2866,"고용정책 기본법[시행2026. 1. 2.] [법률 제21065호,2025. 10. 54., 타법개정]",제38조 보고 및 검사
2867,"고용정책 기본법[시행2026. 1. 2.] [법률 제21065호,2025. 10. 55., 타법개정]",제39조 권한의 위임
2868,"고용정책 기본법[시행2026. 1. 2.] [법률 제21065호,2025. 10. 56., 타법개정]",제40조 위탁
2869,"고용정책 기본법[시행2026. 1. 2.] [법률 제21065호,2025. 10. 57., 타법개정]",제41조 벌칙
2870,"고용정책 기본법[시행2026. 1. 2.] [법률 제21065호,2025. 10. 58., 타법개정]",제42조 과태료
2871,"경제사회노동위원회법 시행령[시행2026. 1. 2.] [대통령령 제35947호,2025. 12. 30., 타법개정]",제1조 목적
2872,"경제사회노동위원회법 시행령[시행2026. 1. 2.] [대통령령 제35947호,2025. 12. 31., 타법개정]",제2조 위원의 추천 등
2873,"경제사회노동위원회법 시행령[시행2026. 1. 2.] [대통령령 제35947호,2025. 12. 32., 타법개정]",제3조 의안의 발의 및 상정
2874,"경제사회노동위원회법 시행령[시행2026. 1. 2.] [대통령령 제35947호,2025. 12. 33., 타법개정]",제4조 위원회의 회의
2875,"경제사회노동위원회법 시행령[시행2026. 1. 2.] [대통령령 제35947호,2025. 12. 34., 타법개정]",제5조 운영위원회의 구성
2876,"경제사회노동위원회법 시행령[시행2026. 1. 2.] [대통령령 제35947호,2025. 12. 35., 타법개정]",제6조 운영위원회의 업무
2877,"경제사회노동위원회법 시행령[시행2026. 1. 2.] [대통령령 제35947호,2025. 12. 36., 타법개정]",제7조 운영위원회의 회의
2878,"경제사회노동위원회법 시행령[시행2026. 1. 2.] [대통령령 제35947호,2025. 12. 37., 타법개정]",제8조 의제별ㆍ업종별위원회의 구성
2879,"경제사회노동위원회법 시행령[시행2026. 1. 2.] [대통령령 제35947호,2025. 12. 38., 타법개정]",제9조 의제별ㆍ업종별위원회의 회의
2880,"경제사회노동위원회법 시행령[시행2026. 1. 2.] [대통령령 제35947호,2025. 12. 39., 타법개정]",제10조 의제개발ㆍ조정위원회의 구성 및 운영
2881,"경제사회노동위원회법 시행령[시행2026. 1. 2.] [대통령령 제35947호,2025. 12. 40., 타법개정]",제11조 특별위원회의 구성 및 운영
2882,"경제사회노동위원회법 시행령[시행2026. 1. 2.] [대통령령 제35947호,2025. 12. 41., 타법개정]",제12조 사회 각 계층 관련 위원회의 구성 및 운영
2883,"경제사회노동위원회법 시행령[시행2026. 1. 2.] [대통령령 제35947호,2025. 12. 42., 타법개정]",제13조 사무처의 조직 및 운영
2884,"경제사회노동위원회법 시행령[시행2026. 1. 2.] [대통령령 제35947호,2025. 12. 43., 타법개정]",제14조 전문위원의 수ㆍ자격 등
2885,"경제사회노동위원회법 시행령[시행2026. 1. 2.] [대통령령 제35947호,2025. 12. 44., 타법개정]",제15조 수당 등
2886,"경제사회노동위원회법 시행령[시행2026. 1. 2.] [대통령령 제35947호,2025. 12. 45., 타법개정]",제16조 지역별 사회적 대화의 지원
2887,"경제사회노동위원회법 시행령[시행2026. 1. 2.] [대통령령 제35947호,2025. 12. 46., 타법개정]",제17조 운영세칙
2888,"산업전환에 따른 고용안정 지원 등에 관한 법률[시행2026. 6. 2.] [법률 제21738호,2026. 6. 2., 타법개정]",제1조 제1장 총칙
2889,"산업전환에 따른 고용안정 지원 등에 관한 법률[시행2026. 6. 2.] [법률 제21738호,2026. 6. 3., 타법개정]",제1조 목적
2890,"산업전환에 따른 고용안정 지원 등에 관한 법률[시행2026. 6. 2.] [법률 제21738호,2026. 6. 4., 타법개정]",제2조 정의
2891,"산업전환에 따른 고용안정 지원 등에 관한 법률[시행2026. 6. 2.] [법률 제21738호,2026. 6. 5., 타법개정]",제3조 기본원칙
2892,"산업전환에 따른 고용안정 지원 등에 관한 법률[시행2026. 6. 2.] [법률 제21738호,2026. 6. 6., 타법개정]",제4조 국가 및 지방자치단체의 책무
2893,"산업전환에 따른 고용안정 지원 등에 관한 법률[시행2026. 6. 2.] [법률 제21738호,2026. 6. 7., 타법개정]",제5조 근로자 및 사업주 등의 책무
2894,"산업전환에 따른 고용안정 지원 등에 관한 법률[시행2026. 6. 2.] [법률 제21738호,2026. 6. 8., 타법개정]",제6조 다른 법률과의 관계
2895,"산업전환에 따른 고용안정 지원 등에 관한 법률[시행2026. 6. 2.] [법률 제21738호,2026. 6. 9., 타법개정]",제7조 제2장 산업전환에 따른 근로자의 고용안정 및 일자리 이동 지원
2896,"산업전환에 따른 고용안정 지원 등에 관한 법률[시행2026. 6. 2.] [법률 제21738호,2026. 6. 10., 타법개정]",제7조 산업전환에 따른 고용안정 지원 기본계획의 수립
2897,"산업전환에 따른 고용안정 지원 등에 관한 법률[시행2026. 6. 2.] [법률 제21738호,2026. 6. 11., 타법개정]",제8조 고용영향 사전평가
2898,"산업전환에 따른 고용안정 지원 등에 관한 법률[시행2026. 6. 2.] [법률 제21738호,2026. 6. 12., 타법개정]",제9조 고용안정 지원 대책 수립
2899,"산업전환에 따른 고용안정 지원 등에 관한 법률[시행2026. 6. 2.] [법률 제21738호,2026. 6. 13., 타법개정]",제10조 산업전환에 따른 고용안정 지원 기업 발굴ㆍ컨설팅
2900,"산업전환에 따른 고용안정 지원 등에 관한 법률[시행2026. 6. 2.] [법률 제21738호,2026. 6. 14., 타법개정]",제11조 산업전환에 따른 고용안정 지원
2901,"산업전환에 따른 고용안정 지원 등에 관한 법률[시행2026. 6. 2.] [법률 제21738호,2026. 6. 15., 타법개정]",제12조 지방자치단체의 고용위기 선제대응에 대한 지원
2902,"산업전환에 따른 고용안정 지원 등에 관한 법률[시행2026. 6. 2.] [법률 제21738호,2026. 6. 16., 타법개정]",제13조 산업전환에 따른 고용안정 등 지원체계 구축
2903,"산업전환에 따른 고용안정 지원 등에 관한 법률[시행2026. 6. 2.] [법률 제21738호,2026. 6. 17., 타법개정]",제14조 제3장 보칙
2904,"산업전환에 따른 고용안정 지원 등에 관한 법률[시행2026. 6. 2.] [법률 제21738호,2026. 6. 18., 타법개정]",제14조 재원
2905,"산업전환에 따른 고용안정 지원 등에 관한 법률[시행2026. 6. 2.] [법률 제21738호,2026. 6. 19., 타법개정]",제15조 보고ㆍ검사
2906,"산업전환에 따른 고용안정 지원 등에 관한 법률[시행2026. 6. 2.] [법률 제21738호,2026. 6. 20., 타법개정]",제16조 관계 기관 간의 협조
2907,"산업전환에 따른 고용안정 지원 등에 관한 법률[시행2026. 6. 2.] [법률 제21738호,2026. 6. 21., 타법개정]",제17조 권한의 위임
2908,"필수업무 지정 및 종사자 보호ㆍ지원에 관한 법률[시행2026. 1. 2.] [법률 제21065호,2025. 10. 1., 타법개정]",제1조 목적
2909,"필수업무 지정 및 종사자 보호ㆍ지원에 관한 법률[시행2026. 1. 2.] [법률 제21065호,2025. 10. 2., 타법개정]",제2조 정의
2910,"필수업무 지정 및 종사자 보호ㆍ지원에 관한 법률[시행2026. 1. 2.] [법률 제21065호,2025. 10. 3., 타법개정]",제3조 국가와 지방자치단체의 책무
2911,"필수업무 지정 및 종사자 보호ㆍ지원에 관한 법률[시행2026. 1. 2.] [법률 제21065호,2025. 10. 4., 타법개정]",제4조 국민의 책무
2912,"필수업무 지정 및 종사자 보호ㆍ지원에 관한 법률[시행2026. 1. 2.] [법률 제21065호,2025. 10. 5., 타법개정]",제5조 다른 법률과의 관계
2913,"필수업무 지정 및 종사자 보호ㆍ지원에 관한 법률[시행2026. 1. 2.] [법률 제21065호,2025. 10. 6., 타법개정]",제6조 필수업무 지정 및 종사자 지원위원회의 설치
2914,"필수업무 지정 및 종사자 보호ㆍ지원에 관한 법률[시행2026. 1. 2.] [법률 제21065호,2025. 10. 7., 타법개정]",제7조 위원회의 심의사항
2915,"필수업무 지정 및 종사자 보호ㆍ지원에 관한 법률[시행2026. 1. 2.] [법률 제21065호,2025. 10. 8., 타법개정]",제8조 위원회의 구성 및 운영
2916,"필수업무 지정 및 종사자 보호ㆍ지원에 관한 법률[시행2026. 1. 2.] [법률 제21065호,2025. 10. 9., 타법개정]",제9조 지역위원회
2917,"필수업무 지정 및 종사자 보호ㆍ지원에 관한 법률[시행2026. 1. 2.] [법률 제21065호,2025. 10. 10., 타법개정]",제10조 지역위원회의 구성 및 운영
2918,"필수업무 지정 및 종사자 보호ㆍ지원에 관한 법률[시행2026. 1. 2.] [법률 제21065호,2025. 10. 11., 타법개정]",제11조 필수업무 종사자 지원계획의 수립
2919,"필수업무 지정 및 종사자 보호ㆍ지원에 관한 법률[시행2026. 1. 2.] [법률 제21065호,2025. 10. 12., 타법개정]",제12조 실태조사 및 평가
2920,"필수업무 지정 및 종사자 보호ㆍ지원에 관한 법률[시행2026. 1. 2.] [법률 제21065호,2025. 10. 13., 타법개정]",제13조 행정ㆍ재정적 지원
2921,"필수업무 지정 및 종사자 보호ㆍ지원에 관한 법률[시행2026. 1. 2.] [법률 제21065호,2025. 10. 14., 타법개정]",제14조 포상 등
2922,"필수업무 지정 및 종사자 보호ㆍ지원에 관한 법률[시행2026. 1. 2.] [법률 제21065호,2025. 10. 15., 타법개정]",제15조 관계 기관 등의 협조
2923,"필수업무 지정 및 종사자 보호ㆍ지원에 관한 법률[시행2026. 1. 2.] [법률 제21065호,2025. 10. 16., 타법개정]",제16조 권한의 위임ㆍ위탁
2924,"노동위원회법 시행규칙[시행2015. 7. 21.] [고용노동부령 제135호,2015. 7. 20., 일부개정]",제4조 권리구제업무 대리인 선임 신청 대상자
2925,"노사관계 발전 지원에 관한 법률[시행2016. 1. 27.] [법률 제13905호,2016. 1. 27., 일부개정]",제6조 노사발전재단 운영 지원
2926,"노사관계 발전 지원에 관한 법률[시행2016. 1. 27.] [법률 제13905호,2016. 1. 28., 일부개정]",제4조 근로자와 사용자의 의무
2927,"노사관계 발전 지원에 관한 법률[시행2016. 1. 27.] [법률 제13905호,2016. 1. 29., 일부개정]",제5조 노사관계발전위원회
2928,"노사관계 발전 지원에 관한 법률[시행2016. 1. 27.] [법률 제13905호,2016. 1. 30., 일부개정]",제8조 재단 명칭의 사용 등
2929,"노사관계 발전 지원에 관한 법률[시행2016. 1. 27.] [법률 제13905호,2016. 1. 31., 일부개정]",제10조 권한의 위임ㆍ위탁
2930,"노사관계 발전 지원에 관한 법률[시행2016. 1. 27.] [법률 제13905호,2016. 1. 32., 일부개정]",제2조 국가의 책무
2931,"노사관계 발전 지원에 관한 법률[시행2016. 1. 27.] [법률 제13905호,2016. 1. 33., 일부개정]",제3조 지방자치단체의 책무 등
2932,"노사관계 발전 지원에 관한 법률[시행2016. 1. 27.] [법률 제13905호,2016. 1. 34., 일부개정]",제1조 목적
2933,"노사관계 발전 지원에 관한 법률[시행2016. 1. 27.] [법률 제13905호,2016. 1. 35., 일부개정]",제7조 재단 이사회 등
2934,"노사관계 발전 지원에 관한 법률[시행2016. 1. 27.] [법률 제13905호,2016. 1. 36., 일부개정]",제9조 노사관계발전 사업의 촉진
2935,"산업재해보상보험법[시행2026. 7. 1.] [법률 제21375호,2026. 2. 19., 일부개정]",제1조 제1장 총칙
2936,"산업재해보상보험법[시행2026. 7. 1.] [법률 제21375호,2026. 2. 20., 일부개정]",제1조 목적
2937,"산업재해보상보험법[시행2026. 7. 1.] [법률 제21375호,2026. 2. 21., 일부개정]",제2조 보험의 관장과 보험연도
2938,"산업재해보상보험법[시행2026. 7. 1.] [법률 제21375호,2026. 2. 22., 일부개정]",제3조 국가의 부담 및 지원
2939,"산업재해보상보험법[시행2026. 7. 1.] [법률 제21375호,2026. 2. 23., 일부개정]",제4조 보험료
2940,"산업재해보상보험법[시행2026. 7. 1.] [법률 제21375호,2026. 2. 24., 일부개정]",제5조 정의
2941,"산업재해보상보험법[시행2026. 7. 1.] [법률 제21375호,2026. 2. 25., 일부개정]",제6조 적용 범위
2942,"산업재해보상보험법[시행2026. 7. 1.] [법률 제21375호,2026. 2. 26., 일부개정]",제7조 보험 관계의 성립ㆍ소멸
2943,"산업재해보상보험법[시행2026. 7. 1.] [법률 제21375호,2026. 2. 27., 일부개정]",제8조 산업재해보상보험및예방심의위원회
2944,"산업재해보상보험법[시행2026. 7. 1.] [법률 제21375호,2026. 2. 28., 일부개정]",제9조 보험사업 관련 조사ㆍ연구
2945,"산업재해보상보험법[시행2026. 7. 1.] [법률 제21375호,2026. 2. 29., 일부개정]",제9조의2 산업재해근로자의 날
2946,"산업재해보상보험법[시행2026. 7. 1.] [법률 제21375호,2026. 2. 30., 일부개정]",제10조 제2장 근로복지공단
2947,"산업재해보상보험법[시행2026. 7. 1.] [법률 제21375호,2026. 2. 31., 일부개정]",제10조 근로복지공단의 설립
2948,"산업재해보상보험법[시행2026. 7. 1.] [법률 제21375호,2026. 2. 32., 일부개정]",제11조 공단의 사업
2949,"산업재해보상보험법[시행2026. 7. 1.] [법률 제21375호,2026. 2. 33., 일부개정]",제12조 법인격
2950,"산업재해보상보험법[시행2026. 7. 1.] [법률 제21375호,2026. 2. 34., 일부개정]",제13조 사무소
2951,"산업재해보상보험법[시행2026. 7. 1.] [법률 제21375호,2026. 2. 35., 일부개정]",제14조 정관
2952,"산업재해보상보험법[시행2026. 7. 1.] [법률 제21375호,2026. 2. 36., 일부개정]",제15조 설립등기
2953,"산업재해보상보험법[시행2026. 7. 1.] [법률 제21375호,2026. 2. 37., 일부개정]",제16조 임원
2954,"산업재해보상보험법[시행2026. 7. 1.] [법률 제21375호,2026. 2. 38., 일부개정]",제17조 임원의 임기
2955,"산업재해보상보험법[시행2026. 7. 1.] [법률 제21375호,2026. 2. 39., 일부개정]",제18조 임원의 직무
2956,"산업재해보상보험법[시행2026. 7. 1.] [법률 제21375호,2026. 2. 40., 일부개정]",제19조 임원의 결격사유와 당연퇴직
2957,"산업재해보상보험법[시행2026. 7. 1.] [법률 제21375호,2026. 2. 41., 일부개정]",제20조 임원의 해임
2958,"산업재해보상보험법[시행2026. 7. 1.] [법률 제21375호,2026. 2. 42., 일부개정]",제21조 임직원의 겸직 제한 등
2959,"산업재해보상보험법[시행2026. 7. 1.] [법률 제21375호,2026. 2. 43., 일부개정]",제22조 이사회
2960,"산업재해보상보험법[시행2026. 7. 1.] [법률 제21375호,2026. 2. 44., 일부개정]",제23조 직원의 임면 및 대리인의 선임
2961,"산업재해보상보험법[시행2026. 7. 1.] [법률 제21375호,2026. 2. 45., 일부개정]",제24조 벌칙 적용에서의 공무원 의제
2962,"산업재해보상보험법[시행2026. 7. 1.] [법률 제21375호,2026. 2. 46., 일부개정]",제25조 업무의 지도ㆍ감독
2963,"산업재해보상보험법[시행2026. 7. 1.] [법률 제21375호,2026. 2. 47., 일부개정]",제26조 공단의 회계
2964,"산업재해보상보험법[시행2026. 7. 1.] [법률 제21375호,2026. 2. 48., 일부개정]",제26조의2 공단의 수입
2965,"산업재해보상보험법[시행2026. 7. 1.] [법률 제21375호,2026. 2. 49., 일부개정]",제27조 자금의 차입 등
2966,"산업재해보상보험법[시행2026. 7. 1.] [법률 제21375호,2026. 2. 50., 일부개정]",제28조 잉여금의 처리
2967,"산업재해보상보험법[시행2026. 7. 1.] [법률 제21375호,2026. 2. 51., 일부개정]",제29조 권한 또는 업무의 위임ㆍ위탁
2968,"산업재해보상보험법[시행2026. 7. 1.] [법률 제21375호,2026. 2. 52., 일부개정]",제30조 수수료 등의 징수
2969,"산업재해보상보험법[시행2026. 7. 1.] [법률 제21375호,2026. 2. 53., 일부개정]",제31조 자료 제공의 요청
2970,"산업재해보상보험법[시행2026. 7. 1.] [법률 제21375호,2026. 2. 54., 일부개정]",제31조의2 가족관계등록 전산정보의 공동이용
2971,"산업재해보상보험법[시행2026. 7. 1.] [법률 제21375호,2026. 2. 55., 일부개정]",제32조 출자 등
2972,"산업재해보상보험법[시행2026. 7. 1.] [법률 제21375호,2026. 2. 56., 일부개정]",제33조 
2973,"산업재해보상보험법[시행2026. 7. 1.] [법률 제21375호,2026. 2. 57., 일부개정]",제34조 유사명칭의 사용 금지
2974,"산업재해보상보험법[시행2026. 7. 1.] [법률 제21375호,2026. 2. 58., 일부개정]",제35조 「민법」의 준용
2975,"산업재해보상보험법[시행2026. 7. 1.] [법률 제21375호,2026. 2. 59., 일부개정]",제36조 제3장 보험급여
2976,"산업재해보상보험법[시행2026. 7. 1.] [법률 제21375호,2026. 2. 60., 일부개정]",제36조 보험급여의 종류와 산정 기준 등
2977,"산업재해보상보험법[시행2026. 7. 1.] [법률 제21375호,2026. 2. 61., 일부개정]",제37조 업무상의 재해의 인정 기준
2978,"산업재해보상보험법[시행2026. 7. 1.] [법률 제21375호,2026. 2. 62., 일부개정]",제38조 업무상질병판정위원회
2979,"산업재해보상보험법[시행2026. 7. 1.] [법률 제21375호,2026. 2. 63., 일부개정]",제39조 사망의 추정
2980,"산업재해보상보험법[시행2026. 7. 1.] [법률 제21375호,2026. 2. 64., 일부개정]",제40조 요양급여
2981,"산업재해보상보험법[시행2026. 7. 1.] [법률 제21375호,2026. 2. 65., 일부개정]",제41조 요양급여의 신청
2982,"산업재해보상보험법[시행2026. 7. 1.] [법률 제21375호,2026. 2. 66., 일부개정]",제41조의2 요양급여 범위 여부의 확인 등
2983,"산업재해보상보험법[시행2026. 7. 1.] [법률 제21375호,2026. 2. 67., 일부개정]",제42조 건강보험의 우선 적용
2984,"산업재해보상보험법[시행2026. 7. 1.] [법률 제21375호,2026. 2. 68., 일부개정]",제43조 산재보험 의료기관의 지정 및 지정취소 등
2985,"산업재해보상보험법[시행2026. 7. 1.] [법률 제21375호,2026. 2. 69., 일부개정]",제44조 산재보험 의료기관에 대한 과징금 등
2986,"산업재해보상보험법[시행2026. 7. 1.] [법률 제21375호,2026. 2. 70., 일부개정]",제45조 진료비의 청구 등
2987,"산업재해보상보험법[시행2026. 7. 1.] [법률 제21375호,2026. 2. 71., 일부개정]",제46조 약제비의 청구 등
2988,"산업재해보상보험법[시행2026. 7. 1.] [법률 제21375호,2026. 2. 72., 일부개정]",제47조 진료계획의 제출
2989,"산업재해보상보험법[시행2026. 7. 1.] [법률 제21375호,2026. 2. 73., 일부개정]",제48조 의료기관 변경 요양
2990,"산업재해보상보험법[시행2026. 7. 1.] [법률 제21375호,2026. 2. 74., 일부개정]",제49조 추가상병 요양급여의 신청
2991,"산업재해보상보험법[시행2026. 7. 1.] [법률 제21375호,2026. 2. 75., 일부개정]",제50조 산재보험 의료기관의 평가
2992,"산업재해보상보험법[시행2026. 7. 1.] [법률 제21375호,2026. 2. 76., 일부개정]",제51조 재요양
2993,"산업재해보상보험법[시행2026. 7. 1.] [법률 제21375호,2026. 2. 77., 일부개정]",제52조 휴업급여
2994,"산업재해보상보험법[시행2026. 7. 1.] [법률 제21375호,2026. 2. 78., 일부개정]",제53조 부분휴업급여
2995,"산업재해보상보험법[시행2026. 7. 1.] [법률 제21375호,2026. 2. 79., 일부개정]",제54조 저소득 근로자의 휴업급여
2996,"산업재해보상보험법[시행2026. 7. 1.] [법률 제21375호,2026. 2. 80., 일부개정]",제55조 고령자의 휴업급여
2997,"산업재해보상보험법[시행2026. 7. 1.] [법률 제21375호,2026. 2. 81., 일부개정]",제56조 재요양 기간 중의 휴업급여
2998,"산업재해보상보험법[시행2026. 7. 1.] [법률 제21375호,2026. 2. 82., 일부개정]",제57조 장해급여
2999,"산업재해보상보험법[시행2026. 7. 1.] [법률 제21375호,2026. 2. 83., 일부개정]",제58조 장해보상연금 등의 수급권의 소멸
3000,"산업재해보상보험법[시행2026. 7. 1.] [법률 제21375호,2026. 2. 84., 일부개정]",제59조 장해등급등의 재판정
3001,"산업재해보상보험법[시행2026. 7. 1.] [법률 제21375호,2026. 2. 85., 일부개정]",제60조 재요양에 따른 장해급여
3002,"산업재해보상보험법[시행2026. 7. 1.] [법률 제21375호,2026. 2. 86., 일부개정]",제61조 간병급여
3003,"산업재해보상보험법[시행2026. 7. 1.] [법률 제21375호,2026. 2. 87., 일부개정]",제62조 유족급여
3004,"산업재해보상보험법[시행2026. 7. 1.] [법률 제21375호,2026. 2. 88., 일부개정]",제63조 유족보상연금 수급자격자의 범위
3005,"산업재해보상보험법[시행2026. 7. 1.] [법률 제21375호,2026. 2. 89., 일부개정]",제64조 유족보상연금 수급자격자의 자격 상실과 지급 정지 등
3006,"산업재해보상보험법[시행2026. 7. 1.] [법률 제21375호,2026. 2. 90., 일부개정]",제65조 수급권자인 유족의 순위
3007,"산업재해보상보험법[시행2026. 7. 1.] [법률 제21375호,2026. 2. 91., 일부개정]",제66조 상병보상연금
3008,"산업재해보상보험법[시행2026. 7. 1.] [법률 제21375호,2026. 2. 92., 일부개정]",제67조 저소득 근로자의 상병보상연금
3009,"산업재해보상보험법[시행2026. 7. 1.] [법률 제21375호,2026. 2. 93., 일부개정]",제68조 고령자의 상병보상연금
3010,"산업재해보상보험법[시행2026. 7. 1.] [법률 제21375호,2026. 2. 94., 일부개정]",제69조 재요양 기간 중의 상병보상연금
3011,"산업재해보상보험법[시행2026. 7. 1.] [법률 제21375호,2026. 2. 95., 일부개정]",제70조 연금의 지급기간 및 지급시기
3012,"산업재해보상보험법[시행2026. 7. 1.] [법률 제21375호,2026. 2. 96., 일부개정]",제71조 장례비
3013,"산업재해보상보험법[시행2026. 7. 1.] [법률 제21375호,2026. 2. 97., 일부개정]",제72조 직업재활급여
3014,"산업재해보상보험법[시행2026. 7. 1.] [법률 제21375호,2026. 2. 98., 일부개정]",제73조 직업훈련비용
3015,"산업재해보상보험법[시행2026. 7. 1.] [법률 제21375호,2026. 2. 99., 일부개정]",제74조 직업훈련수당
3016,"산업재해보상보험법[시행2026. 7. 1.] [법률 제21375호,2026. 2. 100., 일부개정]",제75조 직장복귀지원금 등
3017,"산업재해보상보험법[시행2026. 7. 1.] [법률 제21375호,2026. 2. 101., 일부개정]",제75조의2 직장복귀 지원
3018,"산업재해보상보험법[시행2026. 7. 1.] [법률 제21375호,2026. 2. 102., 일부개정]",제76조 보험급여의 일시지급
3019,"산업재해보상보험법[시행2026. 7. 1.] [법률 제21375호,2026. 2. 103., 일부개정]",제77조 합병증 등 예방관리
3020,"산업재해보상보험법[시행2026. 7. 1.] [법률 제21375호,2026. 2. 104., 일부개정]",제78조 장해특별급여
3021,"산업재해보상보험법[시행2026. 7. 1.] [법률 제21375호,2026. 2. 105., 일부개정]",제79조 유족특별급여
3022,"산업재해보상보험법[시행2026. 7. 1.] [법률 제21375호,2026. 2. 106., 일부개정]",제80조 다른 보상이나 배상과의 관계
3023,"산업재해보상보험법[시행2026. 7. 1.] [법률 제21375호,2026. 2. 107., 일부개정]",제81조 미지급의 보험급여
3024,"산업재해보상보험법[시행2026. 7. 1.] [법률 제21375호,2026. 2. 108., 일부개정]",제82조 보험급여의 지급
3025,"산업재해보상보험법[시행2026. 7. 1.] [법률 제21375호,2026. 2. 109., 일부개정]",제83조 보험급여 지급의 제한
3026,"산업재해보상보험법[시행2026. 7. 1.] [법률 제21375호,2026. 2. 110., 일부개정]",제84조 부당이득의 징수
3027,"산업재해보상보험법[시행2026. 7. 1.] [법률 제21375호,2026. 2. 111., 일부개정]",제84조의2 부정수급자 명단 공개 등
3028,"산업재해보상보험법[시행2026. 7. 1.] [법률 제21375호,2026. 2. 112., 일부개정]",제85조 징수금의 징수
3029,"산업재해보상보험법[시행2026. 7. 1.] [법률 제21375호,2026. 2. 113., 일부개정]",제86조 보험급여 등의 충당
3030,"산업재해보상보험법[시행2026. 7. 1.] [법률 제21375호,2026. 2. 114., 일부개정]",제87조 제3자에 대한 구상권
3031,"산업재해보상보험법[시행2026. 7. 1.] [법률 제21375호,2026. 2. 115., 일부개정]",제87조의2 구상금협의조정기구 등
3032,"산업재해보상보험법[시행2026. 7. 1.] [법률 제21375호,2026. 2. 116., 일부개정]",제88조 수급권의 보호
3033,"산업재해보상보험법[시행2026. 7. 1.] [법률 제21375호,2026. 2. 117., 일부개정]",제89조 수급권의 대위
3034,"산업재해보상보험법[시행2026. 7. 1.] [법률 제21375호,2026. 2. 118., 일부개정]",제90조 요양급여 비용의 정산
3035,"산업재해보상보험법[시행2026. 7. 1.] [법률 제21375호,2026. 2. 119., 일부개정]",제90조의2 국민건강보험 요양급여 비용의 정산
3036,"산업재해보상보험법[시행2026. 7. 1.] [법률 제21375호,2026. 2. 120., 일부개정]",제91조 공과금의 면제
3037,"산업재해보상보험법[시행2026. 7. 1.] [법률 제21375호,2026. 2. 121., 일부개정]",제91조의2 제3장의2 진폐에 따른 보험급여의 특례
3038,"산업재해보상보험법[시행2026. 7. 1.] [법률 제21375호,2026. 2. 122., 일부개정]",제91조의2 진폐에 대한 업무상의 재해의 인정기준
3039,"산업재해보상보험법[시행2026. 7. 1.] [법률 제21375호,2026. 2. 123., 일부개정]",제91조의3 진폐보상연금
3040,"산업재해보상보험법[시행2026. 7. 1.] [법률 제21375호,2026. 2. 124., 일부개정]",제91조의4 진폐유족연금
3041,"산업재해보상보험법[시행2026. 7. 1.] [법률 제21375호,2026. 2. 125., 일부개정]",제91조의5 진폐에 대한 요양급여 등의 청구
3042,"산업재해보상보험법[시행2026. 7. 1.] [법률 제21375호,2026. 2. 126., 일부개정]",제91조의6 진폐의 진단
3043,"산업재해보상보험법[시행2026. 7. 1.] [법률 제21375호,2026. 2. 127., 일부개정]",제91조의7 진폐심사회의
3044,"산업재해보상보험법[시행2026. 7. 1.] [법률 제21375호,2026. 2. 128., 일부개정]",제91조의8 진폐판정 및 보험급여의 결정 등
3045,"산업재해보상보험법[시행2026. 7. 1.] [법률 제21375호,2026. 2. 129., 일부개정]",제91조의9 진폐에 따른 요양급여의 지급 절차와 기준 등
3046,"산업재해보상보험법[시행2026. 7. 1.] [법률 제21375호,2026. 2. 130., 일부개정]",제91조의10 진폐에 따른 사망의 인정 등
3047,"산업재해보상보험법[시행2026. 7. 1.] [법률 제21375호,2026. 2. 131., 일부개정]",제91조의11 진폐에 따른 사망원인의 확인 등
3048,"산업재해보상보험법[시행2026. 7. 1.] [법률 제21375호,2026. 2. 132., 일부개정]",제91조의12 제3장의3 건강손상자녀에 대한 보험급여의 특례
3049,"산업재해보상보험법[시행2026. 7. 1.] [법률 제21375호,2026. 2. 133., 일부개정]",제91조의12 건강손상자녀에 대한 업무상의 재해의 인정기준
3050,"산업재해보상보험법[시행2026. 7. 1.] [법률 제21375호,2026. 2. 134., 일부개정]",제91조의13 장해등급의 판정시기
3051,"산업재해보상보험법[시행2026. 7. 1.] [법률 제21375호,2026. 2. 135., 일부개정]",제91조의14 건강손상자녀의 장해급여ㆍ장례비 산정기준
3052,"산업재해보상보험법[시행2026. 7. 1.] [법률 제21375호,2026. 2. 136., 일부개정]",제91조의15 제3장의4 노무제공자에 대한 특례
3053,"산업재해보상보험법[시행2026. 7. 1.] [법률 제21375호,2026. 2. 137., 일부개정]",제91조의15 노무제공자 등의 정의
3054,"산업재해보상보험법[시행2026. 7. 1.] [법률 제21375호,2026. 2. 138., 일부개정]",제91조의16 다른 조문과의 관계
3055,"산업재해보상보험법[시행2026. 7. 1.] [법률 제21375호,2026. 2. 139., 일부개정]",제91조의17 노무제공자에 대한 보험급여의 산정기준 등
3056,"산업재해보상보험법[시행2026. 7. 1.] [법률 제21375호,2026. 2. 140., 일부개정]",제91조의18 노무제공자에 대한 업무상의 재해의 인정기준
3057,"산업재해보상보험법[시행2026. 7. 1.] [법률 제21375호,2026. 2. 141., 일부개정]",제91조의19 노무제공자에 대한 보험급여 산정 특례
3058,"산업재해보상보험법[시행2026. 7. 1.] [법률 제21375호,2026. 2. 142., 일부개정]",제91조의20 노무제공자에 대한 보험급여의 지급
3059,"산업재해보상보험법[시행2026. 7. 1.] [법률 제21375호,2026. 2. 143., 일부개정]",제91조의21 플랫폼 운영자에 대한 자료제공 등의 요청
3060,"산업재해보상보험법[시행2026. 7. 1.] [법률 제21375호,2026. 2. 144., 일부개정]",제92조 제4장 근로복지 사업
3061,"산업재해보상보험법[시행2026. 7. 1.] [법률 제21375호,2026. 2. 145., 일부개정]",제92조 근로복지 사업
3062,"산업재해보상보험법[시행2026. 7. 1.] [법률 제21375호,2026. 2. 146., 일부개정]",제93조 국민건강보험 요양급여 비용의 본인 일부 부담금의 대부
3063,"산업재해보상보험법[시행2026. 7. 1.] [법률 제21375호,2026. 2. 147., 일부개정]",제94조 장해급여자의 고용 촉진
3064,"산업재해보상보험법[시행2026. 7. 1.] [법률 제21375호,2026. 2. 148., 일부개정]",제95조 제5장 산업재해보상보험및예방기금
3065,"산업재해보상보험법[시행2026. 7. 1.] [법률 제21375호,2026. 2. 149., 일부개정]",제95조 산업재해보상보험및예방기금의 설치 및 조성
3066,"산업재해보상보험법[시행2026. 7. 1.] [법률 제21375호,2026. 2. 150., 일부개정]",제96조 기금의 용도
3067,"산업재해보상보험법[시행2026. 7. 1.] [법률 제21375호,2026. 2. 151., 일부개정]",제97조 기금의 관리ㆍ운용
3068,"산업재해보상보험법[시행2026. 7. 1.] [법률 제21375호,2026. 2. 152., 일부개정]",제98조 기금의 운용계획
3069,"산업재해보상보험법[시행2026. 7. 1.] [법률 제21375호,2026. 2. 153., 일부개정]",제99조 책임준비금의 적립
3070,"산업재해보상보험법[시행2026. 7. 1.] [법률 제21375호,2026. 2. 154., 일부개정]",제100조 잉여금과 손실금의 처리
3071,"산업재해보상보험법[시행2026. 7. 1.] [법률 제21375호,2026. 2. 155., 일부개정]",제101조 차입금
3072,"산업재해보상보험법[시행2026. 7. 1.] [법률 제21375호,2026. 2. 156., 일부개정]",제102조 기금의 출납 등
3073,"산업재해보상보험법[시행2026. 7. 1.] [법률 제21375호,2026. 2. 157., 일부개정]",제103조 제6장 심사 청구 및 재심사 청구
3074,"산업재해보상보험법[시행2026. 7. 1.] [법률 제21375호,2026. 2. 158., 일부개정]",제103조 심사 청구의 제기
3075,"산업재해보상보험법[시행2026. 7. 1.] [법률 제21375호,2026. 2. 159., 일부개정]",제104조 산업재해보상보험심사위원회
3076,"산업재해보상보험법[시행2026. 7. 1.] [법률 제21375호,2026. 2. 160., 일부개정]",제105조 심사 청구에 대한 심리ㆍ결정
3077,"산업재해보상보험법[시행2026. 7. 1.] [법률 제21375호,2026. 2. 161., 일부개정]",제106조 재심사 청구의 제기
3078,"산업재해보상보험법[시행2026. 7. 1.] [법률 제21375호,2026. 2. 162., 일부개정]",제107조 산업재해보상보험재심사위원회
3079,"산업재해보상보험법[시행2026. 7. 1.] [법률 제21375호,2026. 2. 163., 일부개정]",제108조 위원의 제척ㆍ기피ㆍ회피
3080,"산업재해보상보험법[시행2026. 7. 1.] [법률 제21375호,2026. 2. 164., 일부개정]",제109조 재심사 청구에 대한 심리와 재결
3081,"산업재해보상보험법[시행2026. 7. 1.] [법률 제21375호,2026. 2. 165., 일부개정]",제110조 심사 청구인 및 재심사 청구인의 지위 승계
3082,"산업재해보상보험법[시행2026. 7. 1.] [법률 제21375호,2026. 2. 166., 일부개정]",제111조 다른 법률과의 관계
3083,"산업재해보상보험법[시행2026. 7. 1.] [법률 제21375호,2026. 2. 167., 일부개정]",제111조의2 제7장 보칙
3084,"산업재해보상보험법[시행2026. 7. 1.] [법률 제21375호,2026. 2. 168., 일부개정]",제111조의2 불이익 처우의 금지
3085,"산업재해보상보험법[시행2026. 7. 1.] [법률 제21375호,2026. 2. 169., 일부개정]",제112조 시효
3086,"산업재해보상보험법[시행2026. 7. 1.] [법률 제21375호,2026. 2. 170., 일부개정]",제113조 시효의 중단
3087,"산업재해보상보험법[시행2026. 7. 1.] [법률 제21375호,2026. 2. 171., 일부개정]",제114조 보고 등
3088,"산업재해보상보험법[시행2026. 7. 1.] [법률 제21375호,2026. 2. 172., 일부개정]",제115조 연금 수급권자등의 출국신고 등
3089,"산업재해보상보험법[시행2026. 7. 1.] [법률 제21375호,2026. 2. 173., 일부개정]",제116조 사업주 등의 조력
3090,"산업재해보상보험법[시행2026. 7. 1.] [법률 제21375호,2026. 2. 174., 일부개정]",제117조 사업장 등에 대한 조사
3091,"산업재해보상보험법[시행2026. 7. 1.] [법률 제21375호,2026. 2. 175., 일부개정]",제118조 산재보험 의료기관에 대한 조사 등
3092,"산업재해보상보험법[시행2026. 7. 1.] [법률 제21375호,2026. 2. 176., 일부개정]",제119조 진찰 요구
3093,"산업재해보상보험법[시행2026. 7. 1.] [법률 제21375호,2026. 2. 177., 일부개정]",제119조의2 포상금의 지급
3094,"산업재해보상보험법[시행2026. 7. 1.] [법률 제21375호,2026. 2. 178., 일부개정]",제120조 보험급여의 일시 중지
3095,"산업재해보상보험법[시행2026. 7. 1.] [법률 제21375호,2026. 2. 179., 일부개정]",제121조 국외의 사업에 대한 특례
3096,"산업재해보상보험법[시행2026. 7. 1.] [법률 제21375호,2026. 2. 180., 일부개정]",제122조 해외파견자에 대한 특례
3097,"산업재해보상보험법[시행2026. 7. 1.] [법률 제21375호,2026. 2. 181., 일부개정]",제123조 현장실습생에 대한 특례
3098,"산업재해보상보험법[시행2026. 7. 1.] [법률 제21375호,2026. 2. 182., 일부개정]",제123조의2 학생연구자에 대한 특례
3099,"산업재해보상보험법[시행2026. 7. 1.] [법률 제21375호,2026. 2. 183., 일부개정]",제124조 중ㆍ소기업 사업주등에 대한 특례
3100,"산업재해보상보험법[시행2026. 7. 1.] [법률 제21375호,2026. 2. 184., 일부개정]",제125조 
3101,"산업재해보상보험법[시행2026. 7. 1.] [법률 제21375호,2026. 2. 185., 일부개정]",제126조 「국민기초생활 보장법」상의 수급자에 대한 특례
3102,"산업재해보상보험법[시행2026. 7. 1.] [법률 제21375호,2026. 2. 186., 일부개정]",제126조의2 벌칙 적용에서 공무원 의제
3103,"산업재해보상보험법[시행2026. 7. 1.] [법률 제21375호,2026. 2. 187., 일부개정]",제127조 제8장 벌칙
3104,"산업재해보상보험법[시행2026. 7. 1.] [법률 제21375호,2026. 2. 188., 일부개정]",제127조 벌칙
3105,"산업재해보상보험법[시행2026. 7. 1.] [법률 제21375호,2026. 2. 189., 일부개정]",제128조 양벌규정
3106,"산업재해보상보험법[시행2026. 7. 1.] [법률 제21375호,2026. 2. 190., 일부개정]",제129조 과태료
3107,"고용노동부 소관 비영리법인의 설립 및 감독에 관한 규칙[시행2017. 4. 19.] [고용노동부령 제185호,2017. 4. 19., 타법개정]",제4조 설립허가
3108,"고용노동부 소관 비영리법인의 설립 및 감독에 관한 규칙[시행2017. 4. 19.] [고용노동부령 제185호,2017. 4. 20., 타법개정]",제1조 목적
3109,"고용노동부 소관 비영리법인의 설립 및 감독에 관한 규칙[시행2017. 4. 19.] [고용노동부령 제185호,2017. 4. 21., 타법개정]",제10조 해산 신고
3110,"고용노동부 소관 비영리법인의 설립 및 감독에 관한 규칙[시행2017. 4. 19.] [고용노동부령 제185호,2017. 4. 22., 타법개정]",제12조 청산종결의 신고
3111,"고용노동부 소관 비영리법인의 설립 및 감독에 관한 규칙[시행2017. 4. 19.] [고용노동부령 제185호,2017. 4. 23., 타법개정]",제3조 설립허가의 신청
3112,"고용노동부 소관 비영리법인의 설립 및 감독에 관한 규칙[시행2017. 4. 19.] [고용노동부령 제185호,2017. 4. 24., 타법개정]",제13조 
3113,"고용노동부 소관 비영리법인의 설립 및 감독에 관한 규칙[시행2017. 4. 19.] [고용노동부령 제185호,2017. 4. 25., 타법개정]",제11조 잔여재산 처분의 허가
3114,"고용노동부 소관 비영리법인의 설립 및 감독에 관한 규칙[시행2017. 4. 19.] [고용노동부령 제185호,2017. 4. 26., 타법개정]",제2조 적용 범위
3115,"고용노동부 소관 비영리법인의 설립 및 감독에 관한 규칙[시행2017. 4. 19.] [고용노동부령 제185호,2017. 4. 27., 타법개정]",제7조 사업실적 및 사업계획 등의 보고
3116,"고용노동부 소관 비영리법인의 설립 및 감독에 관한 규칙[시행2017. 4. 19.] [고용노동부령 제185호,2017. 4. 28., 타법개정]",제6조 정관 변경의 허가 신청
3117,"고용노동부 소관 비영리법인의 설립 및 감독에 관한 규칙[시행2017. 4. 19.] [고용노동부령 제185호,2017. 4. 29., 타법개정]",제8조 법인 사무의 검사·감독
3118,"고용노동부 소관 비영리법인의 설립 및 감독에 관한 규칙[시행2017. 4. 19.] [고용노동부령 제185호,2017. 4. 30., 타법개정]",제5조 설립 관련 보고
3119,"고용노동부 소관 비영리법인의 설립 및 감독에 관한 규칙[시행2017. 4. 19.] [고용노동부령 제185호,2017. 4. 31., 타법개정]",제9조 설립허가의 취소
3120,"구직자 취업촉진 및 생활안정지원에 관한 법률 시행규칙[시행2024. 2. 13.] [고용노동부령 제410호,2024. 2. 13., 일부개정]",제4조 취업지원의 신청방법 및 절차
3121,"구직자 취업촉진 및 생활안정지원에 관한 법률 시행규칙[시행2024. 2. 13.] [고용노동부령 제410호,2024. 2. 14., 일부개정]",제8조 취업지원 프로그램의 구체적인 내용
3122,"구직자 취업촉진 및 생활안정지원에 관한 법률[시행2024. 2. 9.] [법률 제19610호,2023. 8. 8., 일부개정]",제13조 취업지원 프로그램의 제공
3123,"구직자 취업촉진 및 생활안정지원에 관한 법률[시행2024. 2. 9.] [법률 제19610호,2023. 8. 9., 일부개정]",제29조 제5장 취업지원의 종료 및 심사ㆍ재심사 청구
3124,"구직자 취업촉진 및 생활안정지원에 관한 법률 시행령[시행2024. 2. 9.] [대통령령 제34195호,2024. 2. 6., 일부개정]",제9조의2 구직촉진수당의 감액 및 지급 정지 기준
3125,"구직자 취업촉진 및 생활안정지원에 관한 법률 시행규칙[시행2024. 2. 13.] [고용노동부령 제410호,2024. 2. 13., 일부개정]",제17조 부정행위에 따른 구직촉진수당등의 지급 제한 통지
3126,"구직자 취업촉진 및 생활안정지원에 관한 법률[시행2024. 2. 9.] [법률 제19610호,2023. 8. 8., 일부개정]",제1조 목적
3127,"구직자 취업촉진 및 생활안정지원에 관한 법률[시행2024. 2. 9.] [법률 제19610호,2023. 8. 9., 일부개정]",제12조 취업활동계획
3128,"구직자 취업촉진 및 생활안정지원에 관한 법률[시행2024. 2. 9.] [법률 제19610호,2023. 8. 10., 일부개정]",제29조 취업지원 종료 등
3129,"구직자 취업촉진 및 생활안정지원에 관한 법률[시행2024. 2. 9.] [법률 제19610호,2023. 8. 11., 일부개정]",제38조 벌칙
3130,"구직자 취업촉진 및 생활안정지원에 관한 법률 시행령[시행2024. 2. 9.] [대통령령 제34195호,2024. 2. 6., 일부개정]",제11조 구직촉진수당 지급의 제한
3131,"구직자 취업촉진 및 생활안정지원에 관한 법률 시행규칙[시행2024. 2. 13.] [고용노동부령 제410호,2024. 2. 13., 일부개정]",제1조 목적
3132,"구직자 취업촉진 및 생활안정지원에 관한 법률 시행규칙[시행2024. 2. 13.] [고용노동부령 제410호,2024. 2. 14., 일부개정]",제10조 취업지원서비스기간의 연장
3133,"구직자 취업촉진 및 생활안정지원에 관한 법률 시행규칙[시행2024. 2. 13.] [고용노동부령 제410호,2024. 2. 15., 일부개정]",제13조 취업성공수당의 지급기간 및 신청 등
3134,"구직자 취업촉진 및 생활안정지원에 관한 법률[시행2024. 2. 9.] [법률 제19610호,2023. 8. 8., 일부개정]",제9조 신청에 따른 확인ㆍ조사
3135,"구직자 취업촉진 및 생활안정지원에 관한 법률[시행2024. 2. 9.] [법률 제19610호,2023. 8. 9., 일부개정]",제19조 지급수준 결정
3136,"구직자 취업촉진 및 생활안정지원에 관한 법률[시행2024. 2. 9.] [법률 제19610호,2023. 8. 10., 일부개정]",제23조 압류 등의 금지
3137,"구직자 취업촉진 및 생활안정지원에 관한 법률[시행2024. 2. 9.] [법률 제19610호,2023. 8. 11., 일부개정]",제32조 취업지원 전산망의 구축ㆍ운영
3138,"구직자 취업촉진 및 생활안정지원에 관한 법률 시행령[시행2024. 2. 9.] [대통령령 제34195호,2024. 2. 6., 일부개정]",제9조 수급자의 소득 발생 신고
3139,"구직자 취업촉진 및 생활안정지원에 관한 법률 시행규칙[시행2024. 2. 13.] [고용노동부령 제410호,2024. 2. 13., 일부개정]",제7조 수급자격의 인정 철회 통지
3140,"구직자 취업촉진 및 생활안정지원에 관한 법률[시행2024. 2. 9.] [법률 제19610호,2023. 8. 8., 일부개정]",제2조 정의
3141,"구직자 취업촉진 및 생활안정지원에 관한 법률[시행2024. 2. 9.] [법률 제19610호,2023. 8. 9., 일부개정]",제11조 취업지원의 유예
3142,"구직자 취업촉진 및 생활안정지원에 관한 법률[시행2024. 2. 9.] [법률 제19610호,2023. 8. 10., 일부개정]",제21조 소득발생의 신고 및 구직촉진수당의 정지 등
3143,"구직자 취업촉진 및 생활안정지원에 관한 법률[시행2024. 2. 9.] [법률 제19610호,2023. 8. 11., 일부개정]",제31조 제6장 보칙
3144,"구직자 취업촉진 및 생활안정지원에 관한 법률[시행2024. 2. 9.] [법률 제19610호,2023. 8. 12., 일부개정]",제38조 제7장 벌칙
3145,"구직자 취업촉진 및 생활안정지원에 관한 법률 시행령[시행2024. 2. 9.] [대통령령 제34195호,2024. 2. 6., 일부개정]",제7조 취업활동계획의 수립
3146,"구직자 취업촉진 및 생활안정지원에 관한 법률 시행령[시행2024. 2. 9.] [대통령령 제34195호,2024. 2. 7., 일부개정]",제15조 전자문서를 이용한 신청ㆍ통지 등
3147,"구직자 취업촉진 및 생활안정지원에 관한 법률 시행규칙[시행2024. 2. 13.] [고용노동부령 제410호,2024. 2. 13., 일부개정]",제6조 취업지원의 유예 신청ㆍ사유 등
3148,"구직자 취업촉진 및 생활안정지원에 관한 법률 시행규칙[시행2024. 2. 13.] [고용노동부령 제410호,2024. 2. 14., 일부개정]",제18조 반환명령 등 절차
3149,"구직자 취업촉진 및 생활안정지원에 관한 법률[시행2024. 2. 9.] [법률 제19610호,2023. 8. 8., 일부개정]",제8조 취업지원 신청
3150,"구직자 취업촉진 및 생활안정지원에 관한 법률[시행2024. 2. 9.] [법률 제19610호,2023. 8. 9., 일부개정]",제18조 구직촉진수당의 지급
3151,"구직자 취업촉진 및 생활안정지원에 관한 법률[시행2024. 2. 9.] [법률 제19610호,2023. 8. 10., 일부개정]",제24조 소멸시효
3152,"구직자 취업촉진 및 생활안정지원에 관한 법률[시행2024. 2. 9.] [법률 제19610호,2023. 8. 11., 일부개정]",제36조 벌칙 적용에서 공무원 의제
3153,"구직자 취업촉진 및 생활안정지원에 관한 법률 시행규칙[시행2024. 2. 13.] [고용노동부령 제410호,2024. 2. 13., 일부개정]",제9조 구직활동지원 프로그램의 구체적인 내용 등
3154,"구직자 취업촉진 및 생활안정지원에 관한 법률[시행2024. 2. 9.] [법률 제19610호,2023. 8. 8., 일부개정]",제3조 국가와 지방자치단체의 책무
3155,"구직자 취업촉진 및 생활안정지원에 관한 법률[시행2024. 2. 9.] [법률 제19610호,2023. 8. 9., 일부개정]",제14조 구직활동지원 프로그램
3156,"구직자 취업촉진 및 생활안정지원에 관한 법률[시행2024. 2. 9.] [법률 제19610호,2023. 8. 10., 일부개정]",제25조 공과금의 면제
3157,"구직자 취업촉진 및 생활안정지원에 관한 법률[시행2024. 2. 9.] [법률 제19610호,2023. 8. 11., 일부개정]",제34조 관계 기관의 협조 등
3158,"구직자 취업촉진 및 생활안정지원에 관한 법률 시행령[시행2024. 2. 9.] [대통령령 제34195호,2024. 2. 6., 일부개정]",제6조 신청에 따른 확인ㆍ조사를 위한 자료 제출 요청 등
3159,"구직자 취업촉진 및 생활안정지원에 관한 법률 시행령[시행2024. 2. 9.] [대통령령 제34195호,2024. 2. 7., 일부개정]",제14조 고유식별정보의 처리
3160,"구직자 취업촉진 및 생활안정지원에 관한 법률 시행규칙[시행2024. 2. 13.] [고용노동부령 제410호,2024. 2. 13., 일부개정]",제2조 재산의 가액 산정방법
3161,"구직자 취업촉진 및 생활안정지원에 관한 법률 시행규칙[시행2024. 2. 13.] [고용노동부령 제410호,2024. 2. 14., 일부개정]",제15조 구직촉진수당의 지급 제한에 관한 통지
3162,"구직자 취업촉진 및 생활안정지원에 관한 법률 시행규칙[시행2024. 2. 13.] [고용노동부령 제410호,2024. 2. 15., 일부개정]",제20조 취업지원 종료일 등
3163,"구직자 취업촉진 및 생활안정지원에 관한 법률[시행2024. 2. 9.] [법률 제19610호,2023. 8. 8., 일부개정]",제10조 수급자격자의 결정ㆍ통지
3164,"구직자 취업촉진 및 생활안정지원에 관한 법률[시행2024. 2. 9.] [법률 제19610호,2023. 8. 9., 일부개정]",제20조 지급기간 및 지급절차
3165,"구직자 취업촉진 및 생활안정지원에 관한 법률[시행2024. 2. 9.] [법률 제19610호,2023. 8. 10., 일부개정]",제30조 심사 및 재심사
3166,"구직자 취업촉진 및 생활안정지원에 관한 법률[시행2024. 2. 9.] [법률 제19610호,2023. 8. 11., 일부개정]",제39조 양벌규정
3167,"구직자 취업촉진 및 생활안정지원에 관한 법률 시행령[시행2024. 2. 9.] [대통령령 제34195호,2024. 2. 6., 일부개정]",제3조 구직촉진수당의 수급자격
3168,"구직자 취업촉진 및 생활안정지원에 관한 법률 시행규칙[시행2024. 2. 13.] [고용노동부령 제410호,2024. 2. 13., 일부개정]",제12조 취업활동비용의 지원
3169,"구직자 취업촉진 및 생활안정지원에 관한 법률[시행2024. 2. 9.] [법률 제19610호,2023. 8. 8., 일부개정]",제5조 구직자 취업지원 기본계획의 수립ㆍ시행 등
3170,"구직자 취업촉진 및 생활안정지원에 관한 법률[시행2024. 2. 9.] [법률 제19610호,2023. 8. 9., 일부개정]",제6조 취업지원서비스의 수급 요건
3171,"구직자 취업촉진 및 생활안정지원에 관한 법률[시행2024. 2. 9.] [법률 제19610호,2023. 8. 10., 일부개정]",제17조 취업성공수당의 지급
3172,"구직자 취업촉진 및 생활안정지원에 관한 법률[시행2024. 2. 9.] [법률 제19610호,2023. 8. 11., 일부개정]",제27조 부정행위에 따른 구직촉진수당등의 지급 제한
3173,"구직자 취업촉진 및 생활안정지원에 관한 법률[시행2024. 2. 9.] [법률 제19610호,2023. 8. 12., 일부개정]",제33조 전자문서를 이용한 신청ㆍ통지 등
3174,"구직자 취업촉진 및 생활안정지원에 관한 법률[시행2024. 2. 9.] [법률 제19610호,2023. 8. 13., 일부개정]",제35조 권한 등의 위임ㆍ위탁
3175,"구직자 취업촉진 및 생활안정지원에 관한 법률 시행령[시행2024. 2. 9.] [대통령령 제34195호,2024. 2. 6., 일부개정]",제2조 취업지원서비스의 수급자격
3176,"구직자 취업촉진 및 생활안정지원에 관한 법률 시행령[시행2024. 2. 9.] [대통령령 제34195호,2024. 2. 7., 일부개정]",제12조 부정행위에 따른 취업지원 신청의 제한기간
3177,"구직자 취업촉진 및 생활안정지원에 관한 법률 시행령[시행2024. 2. 9.] [대통령령 제34195호,2024. 2. 8., 일부개정]",제16조 권한 등의 위임ㆍ위탁
3178,"구직자 취업촉진 및 생활안정지원에 관한 법률 시행규칙[시행2024. 2. 13.] [고용노동부령 제410호,2024. 2. 13., 일부개정]",제5조 수급자격자의 인정ㆍ불인정 통지
3179,"구직자 취업촉진 및 생활안정지원에 관한 법률 시행규칙[시행2024. 2. 13.] [고용노동부령 제410호,2024. 2. 14., 일부개정]",제16조 구직촉진수당등의 지급방법
3180,"구직자 취업촉진 및 생활안정지원에 관한 법률[시행2024. 2. 9.] [법률 제19610호,2023. 8. 8., 일부개정]",제6조 제2장 취업지원 수급자격의 인정 등
3181,"구직자 취업촉진 및 생활안정지원에 관한 법률[시행2024. 2. 9.] [법률 제19610호,2023. 8. 9., 일부개정]",제16조 취업활동비용의 지원
3182,"구직자 취업촉진 및 생활안정지원에 관한 법률[시행2024. 2. 9.] [법률 제19610호,2023. 8. 10., 일부개정]",제26조 구직촉진수당 지급의 제한
3183,"구직자 취업촉진 및 생활안정지원에 관한 법률 시행령[시행2024. 2. 9.] [대통령령 제34195호,2024. 2. 6., 일부개정]",제4조 구직촉진수당 수급자격의 인정
3184,"구직자 취업촉진 및 생활안정지원에 관한 법률 시행령[시행2024. 2. 9.] [대통령령 제34195호,2024. 2. 6., 일부개정]",제13조 취업지원 재참여
3185,"구직자 취업촉진 및 생활안정지원에 관한 법률 시행규칙[시행2024. 2. 13.] [고용노동부령 제410호,2024. 2. 13., 일부개정]",제14조 구직촉진수당의 지급 신청 및 지급결정 통지
3186,"구직자 취업촉진 및 생활안정지원에 관한 법률[시행2024. 2. 9.] [법률 제19610호,2023. 8. 8., 일부개정]",제1조 제1장 총칙
3187,"구직자 취업촉진 및 생활안정지원에 관한 법률[시행2024. 2. 9.] [법률 제19610호,2023. 8. 9., 일부개정]",제12조 제3장 취업지원서비스 등
3188,"구직자 취업촉진 및 생활안정지원에 관한 법률[시행2024. 2. 9.] [법률 제19610호,2023. 8. 10., 일부개정]",제22조 수급권 보호를 위한 수당수급계좌의 신청 등
3189,"구직자 취업촉진 및 생활안정지원에 관한 법률[시행2024. 2. 9.] [법률 제19610호,2023. 8. 11., 일부개정]",제31조 시범사업의 실시
3190,"구직자 취업촉진 및 생활안정지원에 관한 법률 시행령[시행2024. 2. 9.] [대통령령 제34195호,2024. 2. 6., 일부개정]",제10조 수급권 보호를 위한 구직촉진수당등의 지급방법
3191,"구직자 취업촉진 및 생활안정지원에 관한 법률 시행규칙[시행2024. 2. 13.] [고용노동부령 제410호,2024. 2. 13., 일부개정]",제11조 구인정보의 제공 등의 사후관리 기간
3192,"산업전환에 따른 고용안정 지원 등에 관한 법률 시행령[시행2024. 4. 25.] [대통령령 제34415호,2024. 4. 16., 제정]",제1조 목적
3193,"산업전환에 따른 고용안정 지원 등에 관한 법률 시행령[시행2024. 4. 25.] [대통령령 제34415호,2024. 4. 17., 제정]",제6조 관계 기관 간의 협조
3194,"산업전환에 따른 고용안정 지원 등에 관한 법률 시행령[시행2024. 4. 25.] [대통령령 제34415호,2024. 4. 18., 제정]",제2조 산업전환에 따른 고용안정 지원 기본계획의 수립ㆍ변경
3195,"산업전환에 따른 고용안정 지원 등에 관한 법률 시행령[시행2024. 4. 25.] [대통령령 제34415호,2024. 4. 19., 제정]",제3조 고용영향 사전평가
3196,"산업전환에 따른 고용안정 지원 등에 관한 법률 시행령[시행2024. 4. 25.] [대통령령 제34415호,2024. 4. 20., 제정]",제5조 산업전환에 따른 고용안정 등 지원체계 구축
3197,"산업전환에 따른 고용안정 지원 등에 관한 법률 시행령[시행2024. 4. 25.] [대통령령 제34415호,2024. 4. 21., 제정]",제4조 산업전환에 따른 고용안정 지원
3198,"직업안정법 시행규칙[시행2024. 6. 12.] [고용노동부령 제416호,2024. 6. 12., 타법개정]",제6조 직업적성검사 등의 신청등
3199,"직업안정법 시행규칙[시행2024. 6. 12.] [고용노동부령 제416호,2024. 6. 13., 타법개정]",제20조 
3200,"직업안정법 시행규칙[시행2024. 6. 12.] [고용노동부령 제416호,2024. 6. 14., 타법개정]",제25조 직업소개사업의 폐업신고
3201,"직업안정법 시행규칙[시행2024. 6. 12.] [고용노동부령 제416호,2024. 6. 15., 타법개정]",제40조 근로자공급사업 폐업신고 등
3202,"직업안정법 시행규칙[시행2024. 6. 12.] [고용노동부령 제416호,2024. 6. 16., 타법개정]",제43조 행정처분대장 등
3203,"직업안정법 시행규칙[시행2024. 6. 12.] [고용노동부령 제416호,2024. 6. 17., 타법개정]",제36조 제5장 근로자공급사업
3204,"파견근로자 보호 등에 관한 법률 시행규칙[시행2024. 6. 12.] [고용노동부령 제416호,2024. 6. 12., 타법개정]",제3조 근로자파견사업의 허가신청등
3205,"파견근로자 보호 등에 관한 법률 시행규칙[시행2024. 6. 12.] [고용노동부령 제416호,2024. 6. 12., 타법개정]",제13조 사용사업주에 대한 통지사항
3206,"직업안정법 시행규칙[시행2024. 6. 12.] [고용노동부령 제416호,2024. 6. 12., 타법개정]",제10조 제3장 직업소개사업 및 직업정보제공사업
3207,"직업안정법 시행규칙[시행2024. 6. 12.] [고용노동부령 제416호,2024. 6. 12., 타법개정]",제17조의2 
3208,"직업안정법 시행규칙[시행2024. 6. 12.] [고용노동부령 제416호,2024. 6. 12., 타법개정]",제30조 
3209,"직업안정법 시행규칙[시행2024. 6. 12.] [고용노동부령 제416호,2024. 6. 12., 타법개정]",제41조의4 지도점검
3210,"파견근로자 보호 등에 관한 법률 시행규칙[시행2024. 6. 12.] [고용노동부령 제416호,2024. 6. 12., 타법개정]",제2조 근로자파견사업의 조사ㆍ연구
3211,"파견근로자 보호 등에 관한 법률 시행규칙[시행2024. 6. 12.] [고용노동부령 제416호,2024. 6. 12., 타법개정]",제12조 파견근로자에 대한 고지사항
3212,"직업안정법 시행규칙[시행2024. 6. 12.] [고용노동부령 제416호,2024. 6. 12., 타법개정]",제4조 구인신청서ㆍ구직신청서의 사실조회
3213,"직업안정법 시행규칙[시행2024. 6. 12.] [고용노동부령 제416호,2024. 6. 13., 타법개정]",제8조 직업적성검사 등의 방법
3214,"직업안정법 시행규칙[시행2024. 6. 12.] [고용노동부령 제416호,2024. 6. 14., 타법개정]",제13조 
3215,"직업안정법 시행규칙[시행2024. 6. 12.] [고용노동부령 제416호,2024. 6. 15., 타법개정]",제26조 유료직업소개사업자의 장부 비치
3216,"직업안정법 시행규칙[시행2024. 6. 12.] [고용노동부령 제416호,2024. 6. 16., 타법개정]",제32조 
3217,"직업안정법 시행규칙[시행2024. 6. 12.] [고용노동부령 제416호,2024. 6. 17., 타법개정]",제41조의2 국외 근로자공급계약 및 취업조건의 고지 등
3218,"파견근로자 보호 등에 관한 법률 시행규칙[시행2024. 6. 12.] [고용노동부령 제416호,2024. 6. 12., 타법개정]",제5조 허가의 갱신
3219,"파견근로자 보호 등에 관한 법률 시행규칙[시행2024. 6. 12.] [고용노동부령 제416호,2024. 6. 12., 타법개정]",제17조 사용사업관리대장
3220,"직업안정법 시행규칙[시행2024. 6. 12.] [고용노동부령 제416호,2024. 6. 12., 타법개정]",제2조 구인ㆍ구직 신청의 수리 등
3221,"직업안정법 시행규칙[시행2024. 6. 12.] [고용노동부령 제416호,2024. 6. 12., 타법개정]",제12조 
3222,"직업안정법 시행규칙[시행2024. 6. 12.] [고용노동부령 제416호,2024. 6. 12., 타법개정]",제22조 유료직업소개사업 등록 사항의 변경
3223,"직업안정법 시행규칙[시행2024. 6. 12.] [고용노동부령 제416호,2024. 6. 12., 타법개정]",제36조의2 
3224,"직업안정법 시행규칙[시행2024. 6. 12.] [고용노동부령 제416호,2024. 6. 12., 타법개정]",제44조의2 직업소개사업자 등에 대한 교육훈련의 내용 등
3225,"파견근로자 보호 등에 관한 법률 시행규칙[시행2024. 6. 12.] [고용노동부령 제416호,2024. 6. 12., 타법개정]",제1조 목적
3226,"파견근로자 보호 등에 관한 법률 시행규칙[시행2024. 6. 12.] [고용노동부령 제416호,2024. 6. 12., 타법개정]",제11조 계약서의 작성등
3227,"직업안정법 시행규칙[시행2024. 6. 12.] [고용노동부령 제416호,2024. 6. 12., 타법개정]",제1조의2 민간직업상담원의 배치
3228,"직업안정법 시행규칙[시행2024. 6. 12.] [고용노동부령 제416호,2024. 6. 13., 타법개정]",제10조 무료직업소개사업의 신고
3229,"직업안정법 시행규칙[시행2024. 6. 12.] [고용노동부령 제416호,2024. 6. 14., 타법개정]",제11조 겸업 금지업자 단체의 요건
3230,"직업안정법 시행규칙[시행2024. 6. 12.] [고용노동부령 제416호,2024. 6. 15., 타법개정]",제19조 직업상담원의 자격
3231,"직업안정법 시행규칙[시행2024. 6. 12.] [고용노동부령 제416호,2024. 6. 16., 타법개정]",제36조 근로자공급사업 허가의 신청
3232,"직업안정법 시행규칙[시행2024. 6. 12.] [고용노동부령 제416호,2024. 6. 17., 타법개정]",제41조 국외 공급 근로자의 보호 등
3233,"직업안정법 시행규칙[시행2024. 6. 12.] [고용노동부령 제416호,2024. 6. 18., 타법개정]",제47조 포상금의 지급
3234,"파견근로자 보호 등에 관한 법률 시행규칙[시행2024. 6. 12.] [고용노동부령 제416호,2024. 6. 12., 타법개정]",제8조 파견사업주등의 준수사항
3235,"파견근로자 보호 등에 관한 법률 시행규칙[시행2024. 6. 12.] [고용노동부령 제416호,2024. 6. 13., 타법개정]",제20조 수수료
3236,"직업안정법 시행규칙[시행2024. 6. 12.] [고용노동부령 제416호,2024. 6. 12., 타법개정]",제9조 고용정보의 제공
3237,"직업안정법 시행규칙[시행2024. 6. 12.] [고용노동부령 제416호,2024. 6. 13., 타법개정]",제17조 유료직업소개사업의 등록
3238,"직업안정법 시행규칙[시행2024. 6. 12.] [고용노동부령 제416호,2024. 6. 14., 타법개정]",제31조 직업정보제공사업의 신고 등
3239,"직업안정법 시행규칙[시행2024. 6. 12.] [고용노동부령 제416호,2024. 6. 15., 타법개정]",제41조의3 실연심사위원회
3240,"파견근로자 보호 등에 관한 법률 시행규칙[시행2024. 6. 12.] [고용노동부령 제416호,2024. 6. 12., 타법개정]",제9조 사업보고
3241,"파견근로자 보호 등에 관한 법률 시행규칙[시행2024. 6. 12.] [고용노동부령 제416호,2024. 6. 13., 타법개정]",제21조 
3242,"직업안정법 시행규칙[시행2024. 6. 12.] [고용노동부령 제416호,2024. 6. 12., 타법개정]",제1조의3 고용서비스 우수기관의 인증ㆍ재인증 기준 및 인증방법
3243,"직업안정법 시행규칙[시행2024. 6. 12.] [고용노동부령 제416호,2024. 6. 13., 타법개정]",제10조의2 무료직업소개사업의 변경신고
3244,"직업안정법 시행규칙[시행2024. 6. 12.] [고용노동부령 제416호,2024. 6. 14., 타법개정]",제18조의2 유료직업소개사업자 및 종사자의 준수사항
3245,"직업안정법 시행규칙[시행2024. 6. 12.] [고용노동부령 제416호,2024. 6. 15., 타법개정]",제27조 
3246,"직업안정법 시행규칙[시행2024. 6. 12.] [고용노동부령 제416호,2024. 6. 16., 타법개정]",제39조 근로자공급사업 연장허가의 신청
3247,"직업안정법 시행규칙[시행2024. 6. 12.] [고용노동부령 제416호,2024. 6. 17., 타법개정]",제48조 규제의 재검토
3248,"파견근로자 보호 등에 관한 법률 시행규칙[시행2024. 6. 12.] [고용노동부령 제416호,2024. 6. 12., 타법개정]",제6조 폐지신고
3249,"파견근로자 보호 등에 관한 법률 시행규칙[시행2024. 6. 12.] [고용노동부령 제416호,2024. 6. 13., 타법개정]",제15조 파견사업관리대장
3250,"직업안정법 시행규칙[시행2024. 6. 12.] [고용노동부령 제416호,2024. 6. 12., 타법개정]",제7조 직업적성검사 등의 기준
3251,"직업안정법 시행규칙[시행2024. 6. 12.] [고용노동부령 제416호,2024. 6. 13., 타법개정]",제16조 
3252,"직업안정법 시행규칙[시행2024. 6. 12.] [고용노동부령 제416호,2024. 6. 14., 타법개정]",제24조 
3253,"직업안정법 시행규칙[시행2024. 6. 12.] [고용노동부령 제416호,2024. 6. 15., 타법개정]",제33조 제4장 근로자의 모집
3254,"직업안정법 시행규칙[시행2024. 6. 12.] [고용노동부령 제416호,2024. 6. 16., 타법개정]",제41조의5 폐업신고서의 제출
3255,"파견근로자 보호 등에 관한 법률 시행규칙[시행2024. 6. 12.] [고용노동부령 제416호,2024. 6. 12., 타법개정]",제3조의2 개명에 따른 변경 신청
3256,"파견근로자 보호 등에 관한 법률 시행규칙[시행2024. 6. 12.] [고용노동부령 제416호,2024. 6. 13., 타법개정]",제14조 파견사업관리책임자의 선임ㆍ임무
3257,"직업안정법 시행규칙[시행2024. 6. 12.] [고용노동부령 제416호,2024. 6. 12., 타법개정]",제5조 알선
3258,"직업안정법 시행규칙[시행2024. 6. 12.] [고용노동부령 제416호,2024. 6. 13., 타법개정]",제15조 
3259,"직업안정법 시행규칙[시행2024. 6. 12.] [고용노동부령 제416호,2024. 6. 14., 타법개정]",제23조 
3260,"직업안정법 시행규칙[시행2024. 6. 12.] [고용노동부령 제416호,2024. 6. 15., 타법개정]",제28조 직업소개사업의 현황 통보
3261,"직업안정법 시행규칙[시행2024. 6. 12.] [고용노동부령 제416호,2024. 6. 16., 타법개정]",제38조 근로자공급사업 허가 사항의 변경
3262,"직업안정법 시행규칙[시행2024. 6. 12.] [고용노동부령 제416호,2024. 6. 17., 타법개정]",제44조 증표
3263,"파견근로자 보호 등에 관한 법률 시행규칙[시행2024. 6. 12.] [고용노동부령 제416호,2024. 6. 12., 타법개정]",제4조 허가사항의 변경
3264,"파견근로자 보호 등에 관한 법률 시행규칙[시행2024. 6. 12.] [고용노동부령 제416호,2024. 6. 13., 타법개정]",제18조 파견사업주가 실시해야 하는 건강진단
3265,"직업안정법 시행규칙[시행2024. 6. 12.] [고용노동부령 제416호,2024. 6. 12., 타법개정]",제2조 제2장 직업안정기관의 직업소개 및 직업지도등
3266,"직업안정법 시행규칙[시행2024. 6. 12.] [고용노동부령 제416호,2024. 6. 13., 타법개정]",제18조 유료직업소개사업의 시설기준
3267,"직업안정법 시행규칙[시행2024. 6. 12.] [고용노동부령 제416호,2024. 6. 14., 타법개정]",제29조 지도단속 및 통보
3268,"직업안정법 시행규칙[시행2024. 6. 12.] [고용노동부령 제416호,2024. 6. 15., 타법개정]",제37조 
3269,"직업안정법 시행규칙[시행2024. 6. 12.] [고용노동부령 제416호,2024. 6. 16., 타법개정]",제46조 사업자협회의 설립인가 신청 및 정관 기재 사항
3270,"파견근로자 보호 등에 관한 법률 시행규칙[시행2024. 6. 12.] [고용노동부령 제416호,2024. 6. 12., 타법개정]",제10조 증표
3271,"직업안정법 시행규칙[시행2024. 6. 12.] [고용노동부령 제416호,2024. 6. 12., 타법개정]",제1조 제1장 총칙
3272,"직업안정법 시행규칙[시행2024. 6. 12.] [고용노동부령 제416호,2024. 6. 13., 타법개정]",제14조 
3273,"직업안정법 시행규칙[시행2024. 6. 12.] [고용노동부령 제416호,2024. 6. 14., 타법개정]",제21조 
3274,"직업안정법 시행규칙[시행2024. 6. 12.] [고용노동부령 제416호,2024. 6. 15., 타법개정]",제33조 
3275,"직업안정법 시행규칙[시행2024. 6. 12.] [고용노동부령 제416호,2024. 6. 16., 타법개정]",제41조의5 제6장 보칙
3276,"직업안정법 시행규칙[시행2024. 6. 12.] [고용노동부령 제416호,2024. 6. 17., 타법개정]",제35조 재외공관장의 협조
3277,"파견근로자 보호 등에 관한 법률 시행규칙[시행2024. 6. 12.] [고용노동부령 제416호,2024. 6. 12., 타법개정]",제7조 허가취소 또는 영업정지의 기준
3278,"파견근로자 보호 등에 관한 법률 시행규칙[시행2024. 6. 12.] [고용노동부령 제416호,2024. 6. 13., 타법개정]",제19조 보고명령
3279,"직업안정법 시행규칙[시행2024. 6. 12.] [고용노동부령 제416호,2024. 6. 12., 타법개정]",제1조 목적
3280,"직업안정법 시행규칙[시행2024. 6. 12.] [고용노동부령 제416호,2024. 6. 13., 타법개정]",제3조 구인ㆍ구직 신청의 유효기간 등
3281,"직업안정법 시행규칙[시행2024. 6. 12.] [고용노동부령 제416호,2024. 6. 14., 타법개정]",제13조의2 
3282,"직업안정법 시행규칙[시행2024. 6. 12.] [고용노동부령 제416호,2024. 6. 15., 타법개정]",제34조 국외 취업자 모집신고서 등
3283,"직업안정법 시행규칙[시행2024. 6. 12.] [고용노동부령 제416호,2024. 6. 16., 타법개정]",제42조 사업의 정지 또는 등록ㆍ허가의 취소기준
3284,"직업안정법 시행규칙[시행2024. 6. 12.] [고용노동부령 제416호,2024. 6. 17., 타법개정]",제45조 수수료
3285,"파견근로자 보호 등에 관한 법률 시행규칙[시행2024. 6. 12.] [고용노동부령 제416호,2024. 6. 12., 타법개정]",제16조 사용사업관리책임자의 선임ㆍ임무
3286,"숙련기술장려법 시행규칙[시행2024. 7. 30.] [고용노동부령 제422호,2024. 7. 30., 일부개정]",제9조 숙련기술전수자 증서
3287,"숙련기술장려법 시행규칙[시행2024. 7. 30.] [고용노동부령 제422호,2024. 7. 31., 일부개정]",제8조 숙련기술전수자 선정신청서 등
3288,"숙련기술장려법 시행규칙[시행2024. 7. 30.] [고용노동부령 제422호,2024. 7. 32., 일부개정]",제10조 전수지원금의 지급 신청
3289,"숙련기술장려법 시행규칙[시행2024. 7. 30.] [고용노동부령 제422호,2024. 7. 33., 일부개정]",제17조 
3290,"숙련기술장려법 시행규칙[시행2024. 7. 30.] [고용노동부령 제422호,2024. 7. 34., 일부개정]",제2조 적립금의 운용사업
3291,"숙련기술장려법 시행규칙[시행2024. 7. 30.] [고용노동부령 제422호,2024. 7. 35., 일부개정]",제13조 계속종사장려금 지급신청서 등
3292,"숙련기술장려법 시행규칙[시행2024. 7. 30.] [고용노동부령 제422호,2024. 7. 36., 일부개정]",제11조 전수지원금 지급 개인별 대장
3293,"숙련기술장려법 시행규칙[시행2024. 7. 30.] [고용노동부령 제422호,2024. 7. 37., 일부개정]",제3조 제2장 숙련기술 장려를 위한 지원
3294,"숙련기술장려법 시행규칙[시행2024. 7. 30.] [고용노동부령 제422호,2024. 7. 38., 일부개정]",제6조 대한민국명장 증서
3295,"숙련기술장려법 시행규칙[시행2024. 7. 30.] [고용노동부령 제422호,2024. 7. 39., 일부개정]",제11조의3 이달의 기능한국인 증서
3296,"숙련기술장려법 시행규칙[시행2024. 7. 30.] [고용노동부령 제422호,2024. 7. 40., 일부개정]",제11조의2 이달의 기능한국인의 선정 신청
3297,"숙련기술장려법 시행규칙[시행2024. 7. 30.] [고용노동부령 제422호,2024. 7. 41., 일부개정]",제15조 참가원서
3298,"숙련기술장려법 시행규칙[시행2024. 7. 30.] [고용노동부령 제422호,2024. 7. 42., 일부개정]",제5조 대한민국명장의 선정 신청
3299,"숙련기술장려법 시행규칙[시행2024. 7. 30.] [고용노동부령 제422호,2024. 7. 43., 일부개정]",제12조 계속종사장려금 지급 개인별 대장
3300,"숙련기술장려법 시행규칙[시행2024. 7. 30.] [고용노동부령 제422호,2024. 7. 44., 일부개정]",제14조 지원금 등의 지급중단 및 반환의 통지
3301,"숙련기술장려법 시행규칙[시행2024. 7. 30.] [고용노동부령 제422호,2024. 7. 45., 일부개정]",제1조 목적
3302,"숙련기술장려법 시행규칙[시행2024. 7. 30.] [고용노동부령 제422호,2024. 7. 46., 일부개정]",제4조 우수 숙련기술자 증서
3303,"숙련기술장려법 시행규칙[시행2024. 7. 30.] [고용노동부령 제422호,2024. 7. 47., 일부개정]",제15조 제3장 기능경기대회 개최 등
3304,"숙련기술장려법 시행규칙[시행2024. 7. 30.] [고용노동부령 제422호,2024. 7. 48., 일부개정]",제3조 우수 숙련기술자의 선정 신청
3305,"숙련기술장려법 시행규칙[시행2024. 7. 30.] [고용노동부령 제422호,2024. 7. 49., 일부개정]",제13조의2 숙련기술 장려 활동 평가의 신청
3306,"숙련기술장려법 시행규칙[시행2024. 7. 30.] [고용노동부령 제422호,2024. 7. 50., 일부개정]",제1조 제1장 총칙
3307,"숙련기술장려법 시행규칙[시행2024. 7. 30.] [고용노동부령 제422호,2024. 7. 51., 일부개정]",제7조 대한민국명장패
3308,"숙련기술장려법 시행규칙[시행2024. 7. 30.] [고용노동부령 제422호,2024. 7. 52., 일부개정]",제16조 선발기준
3309,"숙련기술장려법 시행규칙[시행2024. 7. 30.] [고용노동부령 제422호,2024. 7. 53., 일부개정]",제18조 
3310,"건설근로자의 고용개선 등에 관한 법률 시행규칙[시행2024. 8. 28.] [고용노동부령 제424호,2024. 8. 28., 일부개정]",제6조 경력증명서의 발급
3311,"건설근로자의 고용개선 등에 관한 법률 시행규칙[시행2024. 8. 28.] [고용노동부령 제424호,2024. 8. 29., 일부개정]",제26조 피공제자의 유족에 대한 고지의무
3312,"건설근로자의 고용개선 등에 관한 법률 시행규칙[시행2024. 8. 28.] [고용노동부령 제424호,2024. 8. 30., 일부개정]",제10조 퇴직공제 가입신청서 기재사항의 변경
3313,"건설근로자의 고용개선 등에 관한 법률 시행규칙[시행2024. 8. 28.] [고용노동부령 제424호,2024. 8. 31., 일부개정]",제22조 신고의 경합 시 포상금의 지급방법
3314,"건설근로자의 고용개선 등에 관한 법률 시행규칙[시행2024. 8. 28.] [고용노동부령 제424호,2024. 8. 32., 일부개정]",제11조 퇴직공제 관계의 성립신고
3315,"건설근로자의 고용개선 등에 관한 법률 시행규칙[시행2024. 8. 28.] [고용노동부령 제424호,2024. 8. 33., 일부개정]",제23조 신고포상금의 지급 제한
3316,"건설근로자의 고용개선 등에 관한 법률 시행규칙[시행2024. 8. 28.] [고용노동부령 제424호,2024. 8. 34., 일부개정]",제4조 고용 관련 편의시설의 설치 또는 이용 조치에 관한 기준
3317,"건설근로자의 고용개선 등에 관한 법률 시행규칙[시행2024. 8. 28.] [고용노동부령 제424호,2024. 8. 35., 일부개정]",제15조 공제부금 납부 및 피공제자의 근로일수의 신고 등
3318,"건설근로자의 고용개선 등에 관한 법률 시행규칙[시행2024. 8. 28.] [고용노동부령 제424호,2024. 8. 36., 일부개정]",제27조 업무대행의 승인 신청
3319,"건설근로자의 고용개선 등에 관한 법률 시행규칙[시행2024. 8. 28.] [고용노동부령 제424호,2024. 8. 37., 일부개정]",제12조 퇴직공제 관계 성립신고서 기재사항의 변경
3320,"건설근로자의 고용개선 등에 관한 법률 시행규칙[시행2024. 8. 28.] [고용노동부령 제424호,2024. 8. 38., 일부개정]",제25조 근로자에 대한 고지의무
3321,"건설근로자의 고용개선 등에 관한 법률 시행규칙[시행2024. 8. 28.] [고용노동부령 제424호,2024. 8. 39., 일부개정]",제9조 퇴직공제의 가입 신청
3322,"건설근로자의 고용개선 등에 관한 법률 시행규칙[시행2024. 8. 28.] [고용노동부령 제424호,2024. 8. 40., 일부개정]",제21조 신고포상금의 지급기준
3323,"건설근로자의 고용개선 등에 관한 법률 시행규칙[시행2024. 8. 28.] [고용노동부령 제424호,2024. 8. 41., 일부개정]",제5조 임금비용의 구분지급 및 확인 절차
3324,"건설근로자의 고용개선 등에 관한 법률 시행규칙[시행2024. 8. 28.] [고용노동부령 제424호,2024. 8. 42., 일부개정]",제16조 피공제자의 근로일수 직접 신고
3325,"건설근로자의 고용개선 등에 관한 법률 시행규칙[시행2024. 8. 28.] [고용노동부령 제424호,2024. 8. 43., 일부개정]",제13조 퇴직공제 가입자증의 발급
3326,"건설근로자의 고용개선 등에 관한 법률 시행규칙[시행2024. 8. 28.] [고용노동부령 제424호,2024. 8. 44., 일부개정]",제17조 공제부금의 납부 특례
3327,"건설근로자의 고용개선 등에 관한 법률 시행규칙[시행2024. 8. 28.] [고용노동부령 제424호,2024. 8. 45., 일부개정]",제1조 목적
3328,"건설근로자의 고용개선 등에 관한 법률 시행규칙[시행2024. 8. 28.] [고용노동부령 제424호,2024. 8. 46., 일부개정]",제8조 하수급인에 대한 사업주 인정의 승인
3329,"건설근로자의 고용개선 등에 관한 법률 시행규칙[시행2024. 8. 28.] [고용노동부령 제424호,2024. 8. 47., 일부개정]",제20조 신고포상금의 지급 대상 등
3330,"건설근로자의 고용개선 등에 관한 법률 시행규칙[시행2024. 8. 28.] [고용노동부령 제424호,2024. 8. 48., 일부개정]",제3조 고용에 관한 서류의 발급
3331,"건설근로자의 고용개선 등에 관한 법률 시행규칙[시행2024. 8. 28.] [고용노동부령 제424호,2024. 8. 49., 일부개정]",제14조 피공제자가 될 수 없는 자
3332,"건설근로자의 고용개선 등에 관한 법률 시행규칙[시행2024. 8. 28.] [고용노동부령 제424호,2024. 8. 50., 일부개정]",제2조 고용관리 책임자
3333,"건설근로자의 고용개선 등에 관한 법률 시행규칙[시행2024. 8. 28.] [고용노동부령 제424호,2024. 8. 51., 일부개정]",제7조 공제회의 업무처리 규정
3334,"건설근로자의 고용개선 등에 관한 법률 시행규칙[시행2024. 8. 28.] [고용노동부령 제424호,2024. 8. 52., 일부개정]",제19조 퇴직공제금의 지급청구 등
3335,"건설근로자의 고용개선 등에 관한 법률 시행규칙[시행2024. 8. 28.] [고용노동부령 제424호,2024. 8. 53., 일부개정]",제18조 퇴직공제금의 산정
3336,"건설근로자의 고용개선 등에 관한 법률 시행규칙[시행2024. 8. 28.] [고용노동부령 제424호,2024. 8. 54., 일부개정]",제24조 퇴직공제의 탈퇴 사유
3337,"한국고용노동교육원법 시행령[시행2020. 10. 1.] [대통령령 제31028호,2020. 9. 22., 제정]",제1조 목적
3338,"한국고용노동교육원법 시행령[시행2020. 10. 1.] [대통령령 제31028호,2020. 9. 23., 제정]",제2조 출연금의 지급
3339,"한국고용노동교육원법 시행령[시행2020. 10. 1.] [대통령령 제31028호,2020. 9. 24., 제정]",제5조 과태료의 부과기준
3340,"한국고용노동교육원법 시행령[시행2020. 10. 1.] [대통령령 제31028호,2020. 9. 25., 제정]",제4조 결산서의 제출
3341,"한국고용노동교육원법 시행령[시행2020. 10. 1.] [대통령령 제31028호,2020. 9. 26., 제정]",제3조 사업계획서 및 예산서의 제출
3342,"근로감독관증 규칙[시행2016. 6. 16.] [고용노동부령 제158호,2016. 6. 16., 타법개정]",제1조 목적
3343,"근로감독관증 규칙[시행2016. 6. 16.] [고용노동부령 제158호,2016. 6. 17., 타법개정]",제4조 근로감독관증의 반납
3344,"근로감독관증 규칙[시행2016. 6. 16.] [고용노동부령 제158호,2016. 6. 18., 타법개정]","제2조 근로감독관증의 규격, 양식 등"
3345,"근로감독관증 규칙[시행2016. 6. 16.] [고용노동부령 제158호,2016. 6. 19., 타법개정]",제3조 근로감독관증의 발급 및 재발급
3346,"채용절차의 공정화에 관한 법률 시행규칙[시행2014. 12. 31.] [고용노동부령 제119호,2014. 12. 31., 제정]",제3조 채용서류의 반환청구 방법
3347,"채용절차의 공정화에 관한 법률 시행규칙[시행2014. 12. 31.] [고용노동부령 제119호,2014. 12. 32., 제정]",제1조 목적
3348,"채용절차의 공정화에 관한 법률 시행규칙[시행2014. 12. 31.] [고용노동부령 제119호,2014. 12. 33., 제정]",제2조 채용심사비용의 승인
3349,"산업현장 일학습병행 지원에 관한 법률[시행2022. 2. 18.] [법률 제18425호,2021. 8. 17., 타법개정]",제3조 정의
3350,"산업현장 일학습병행 지원에 관한 법률[시행2022. 2. 18.] [법률 제18425호,2021. 8. 18., 타법개정]",제10조 일학습병행 직종 및 교육훈련기준에 대한 조사ㆍ연구
3351,"산업현장 일학습병행 지원에 관한 법률[시행2022. 2. 18.] [법률 제18425호,2021. 8. 19., 타법개정]",제21조 학습근로계약의 체결
3352,"산업현장 일학습병행 지원에 관한 법률[시행2022. 2. 18.] [법률 제18425호,2021. 8. 20., 타법개정]",제32조 일학습병행자격증의 대여 등 금지
3353,"산업현장 일학습병행 지원에 관한 법률[시행2022. 2. 18.] [법률 제18425호,2021. 8. 21., 타법개정]",제4조 국가 등의 책무
3354,"산업현장 일학습병행 지원에 관한 법률[시행2022. 2. 18.] [법률 제18425호,2021. 8. 22., 타법개정]",제14조 학습기업의 지정 취소 등
3355,"산업현장 일학습병행 지원에 관한 법률[시행2022. 2. 18.] [법률 제18425호,2021. 8. 23., 타법개정]",제26조 학습근로자의 준수사항
3356,"산업현장 일학습병행 지원에 관한 법률[시행2022. 2. 18.] [법률 제18425호,2021. 8. 24., 타법개정]",제37조 수수료
3357,"산업현장 일학습병행 지원에 관한 법률[시행2022. 2. 18.] [법률 제18425호,2021. 8. 25., 타법개정]",제9조 학습기업과 구직자의 연계체계 구축
3358,"산업현장 일학습병행 지원에 관한 법률[시행2022. 2. 18.] [법률 제18425호,2021. 8. 26., 타법개정]",제20조 기업현장교사의 육성
3359,"산업현장 일학습병행 지원에 관한 법률[시행2022. 2. 18.] [법률 제18425호,2021. 8. 27., 타법개정]",제31조 일학습병행자격 취득 및 자격증 발급
3360,"산업현장 일학습병행 지원에 관한 법률[시행2022. 2. 18.] [법률 제18425호,2021. 8. 28., 타법개정]",제42조 과태료
3361,"산업현장 일학습병행 지원에 관한 법률[시행2022. 2. 18.] [법률 제18425호,2021. 8. 29., 타법개정]",제6조 일학습병행 추진계획의 수립
3362,"산업현장 일학습병행 지원에 관한 법률[시행2022. 2. 18.] [법률 제18425호,2021. 8. 30., 타법개정]",제17조 사업장 외 교육훈련의 장소
3363,"산업현장 일학습병행 지원에 관한 법률[시행2022. 2. 18.] [법률 제18425호,2021. 8. 31., 타법개정]",제25조 학습기업 사업주의 준수사항
3364,"산업현장 일학습병행 지원에 관한 법률[시행2022. 2. 18.] [법률 제18425호,2021. 8. 32., 타법개정]",제29조 제5장 평가 및 자격
3365,"산업현장 일학습병행 지원에 관한 법률[시행2022. 2. 18.] [법률 제18425호,2021. 8. 33., 타법개정]",제35조 서류의 보존
3366,"산업현장 일학습병행 지원에 관한 법률[시행2022. 2. 18.] [법률 제18425호,2021. 8. 34., 타법개정]",제7조 일학습병행에 관한 중요 사항의 심의
3367,"산업현장 일학습병행 지원에 관한 법률[시행2022. 2. 18.] [법률 제18425호,2021. 8. 35., 타법개정]",제18조 일학습병행 공동훈련센터의 지정 취소 등
3368,"산업현장 일학습병행 지원에 관한 법률[시행2022. 2. 18.] [법률 제18425호,2021. 8. 36., 타법개정]",제29조 이수증명서 발급 등
3369,"산업현장 일학습병행 지원에 관한 법률[시행2022. 2. 18.] [법률 제18425호,2021. 8. 37., 타법개정]",제34조 지원
3370,"산업현장 일학습병행 지원에 관한 법률[시행2022. 2. 18.] [법률 제18425호,2021. 8. 38., 타법개정]",제40조 제7장 벌칙
3371,"산업현장 일학습병행 지원에 관한 법률[시행2022. 2. 18.] [법률 제18425호,2021. 8. 39., 타법개정]",제6조 제2장 일학습병행 추진 체계
3372,"산업현장 일학습병행 지원에 관한 법률[시행2022. 2. 18.] [법률 제18425호,2021. 8. 40., 타법개정]",제16조 일학습병행 공동훈련센터의 지정
3373,"산업현장 일학습병행 지원에 관한 법률[시행2022. 2. 18.] [법률 제18425호,2021. 8. 41., 타법개정]",제27조 학습근로시간 및 휴식
3374,"산업현장 일학습병행 지원에 관한 법률[시행2022. 2. 18.] [법률 제18425호,2021. 8. 42., 타법개정]",제38조 청문
3375,"산업현장 일학습병행 지원에 관한 법률[시행2022. 2. 18.] [법률 제18425호,2021. 8. 43., 타법개정]",제1조 목적
3376,"산업현장 일학습병행 지원에 관한 법률[시행2022. 2. 18.] [법률 제18425호,2021. 8. 44., 타법개정]",제11조 일학습병행 직종 및 교육훈련기준
3377,"산업현장 일학습병행 지원에 관한 법률[시행2022. 2. 18.] [법률 제18425호,2021. 8. 45., 타법개정]",제23조 학습근로계약의 해지 제한
3378,"산업현장 일학습병행 지원에 관한 법률[시행2022. 2. 18.] [법률 제18425호,2021. 8. 46., 타법개정]",제34조 제6장 보칙
3379,"산업현장 일학습병행 지원에 관한 법률[시행2022. 2. 18.] [법률 제18425호,2021. 8. 47., 타법개정]",제5조 다른 법률과의 관계
3380,"산업현장 일학습병행 지원에 관한 법률[시행2022. 2. 18.] [법률 제18425호,2021. 8. 48., 타법개정]",제8조 일학습병행의 지역별 협력
3381,"산업현장 일학습병행 지원에 관한 법률[시행2022. 2. 18.] [법률 제18425호,2021. 8. 49., 타법개정]",제25조 제4장 학습기업 및 학습근로자의 의무
3382,"산업현장 일학습병행 지원에 관한 법률[시행2022. 2. 18.] [법률 제18425호,2021. 8. 50., 타법개정]",제36조 지도ㆍ점검 등
3383,"산업현장 일학습병행 지원에 관한 법률[시행2022. 2. 18.] [법률 제18425호,2021. 8. 51., 타법개정]",제11조 제3장 일학습병행 및 교육훈련의 실시
3384,"산업현장 일학습병행 지원에 관한 법률[시행2022. 2. 18.] [법률 제18425호,2021. 8. 52., 타법개정]",제22조 학습근로계약의 종료
3385,"산업현장 일학습병행 지원에 관한 법률[시행2022. 2. 18.] [법률 제18425호,2021. 8. 53., 타법개정]",제33조 일학습병행자격의 취소 등
3386,"산업현장 일학습병행 지원에 관한 법률[시행2022. 2. 18.] [법률 제18425호,2021. 8. 54., 타법개정]",제15조 일학습병행과정 개발 및 인정 등
3387,"산업현장 일학습병행 지원에 관한 법률[시행2022. 2. 18.] [법률 제18425호,2021. 8. 55., 타법개정]",제28조 차별적 처우의 금지
3388,"산업현장 일학습병행 지원에 관한 법률[시행2022. 2. 18.] [법률 제18425호,2021. 8. 56., 타법개정]",제39조 권한 등의 위임ㆍ위탁
3389,"산업현장 일학습병행 지원에 관한 법률[시행2022. 2. 18.] [법률 제18425호,2021. 8. 57., 타법개정]",제1조 제1장 총칙
3390,"산업현장 일학습병행 지원에 관한 법률[시행2022. 2. 18.] [법률 제18425호,2021. 8. 58., 타법개정]",제12조 시범사업
3391,"산업현장 일학습병행 지원에 관한 법률[시행2022. 2. 18.] [법률 제18425호,2021. 8. 59., 타법개정]",제24조 학습근로자의 계속고용
3392,"산업현장 일학습병행 지원에 관한 법률[시행2022. 2. 18.] [법률 제18425호,2021. 8. 60., 타법개정]",제40조 벌칙
3393,"산업현장 일학습병행 지원에 관한 법률[시행2022. 2. 18.] [법률 제18425호,2021. 8. 61., 타법개정]",제2조 기본이념
3394,"산업현장 일학습병행 지원에 관한 법률[시행2022. 2. 18.] [법률 제18425호,2021. 8. 62., 타법개정]",제13조 학습기업의 지정
3395,"산업현장 일학습병행 지원에 관한 법률[시행2022. 2. 18.] [법률 제18425호,2021. 8. 63., 타법개정]",제19조 기업현장교사의 지정ㆍ운영
3396,"산업현장 일학습병행 지원에 관한 법률[시행2022. 2. 18.] [법률 제18425호,2021. 8. 64., 타법개정]",제30조 학습근로자에 대한 평가
3397,"산업현장 일학습병행 지원에 관한 법률[시행2022. 2. 18.] [법률 제18425호,2021. 8. 65., 타법개정]",제41조 양벌규정
3398,"노동위원회법[시행2022. 5. 19.] [법률 제18179호,2021. 5. 18., 일부개정]",제1조 목적
3399,"노동위원회법[시행2022. 5. 19.] [법률 제18179호,2021. 5. 19., 일부개정]",제11조의2 위원의 행위규범
3400,"노동위원회법[시행2022. 5. 19.] [법률 제18179호,2021. 5. 20., 일부개정]",제18조 보고 및 의견 청취
3401,"노동위원회법[시행2022. 5. 19.] [법률 제18179호,2021. 5. 21., 일부개정]",제28조 제5장 보칙
3402,"노동위원회법[시행2022. 5. 19.] [법률 제18179호,2021. 5. 22., 일부개정]",제29조 벌칙 적용에서 공무원 의제
3403,"최저임금법 시행령[시행2019. 1. 1.] [대통령령 제29469호,2018. 12. 31., 일부개정]",제2조 
3404,"최저임금법 시행령[시행2019. 1. 1.] [대통령령 제29469호,2018. 12. 32., 일부개정]",제10조 이의 제기를 할 수 있는 노ㆍ사 대표자의 범위
3405,"최저임금법 시행령[시행2019. 1. 1.] [대통령령 제29469호,2018. 12. 33., 일부개정]",제21조의2 권한의 위임
3406,"최저임금법 시행령[시행2019. 1. 1.] [대통령령 제29469호,2018. 12. 34., 일부개정]",제4조 도급제 등의 경우 최저임금액 결정의 특례
3407,"최저임금법 시행령[시행2019. 1. 1.] [대통령령 제29469호,2018. 12. 35., 일부개정]",제14조 상임위원의 임용 자격 등
3408,"최저임금법 시행령[시행2019. 1. 1.] [대통령령 제29469호,2018. 12. 36., 일부개정]",제18조 위원의 수당 등
3409,"최저임금법 시행령[시행2019. 1. 1.] [대통령령 제29469호,2018. 12. 37., 일부개정]",제5조의2 월 환산액의 산정
3410,"최저임금법 시행령[시행2019. 1. 1.] [대통령령 제29469호,2018. 12. 38., 일부개정]",제8조 최저임금안의 고시
3411,"최저임금법 시행령[시행2019. 1. 1.] [대통령령 제29469호,2018. 12. 39., 일부개정]",제5조의3 일반택시운송사업 운전 근로자의 최저임금에 산입되는 임금의 범위
3412,"최저임금법 시행령[시행2019. 1. 1.] [대통령령 제29469호,2018. 12. 40., 일부개정]",제7조 최저임금위원회에의 심의 요청
3413,"최저임금법 시행령[시행2019. 1. 1.] [대통령령 제29469호,2018. 12. 41., 일부개정]",제1조 목적
3414,"최저임금법 시행령[시행2019. 1. 1.] [대통령령 제29469호,2018. 12. 42., 일부개정]",제12조 위원회 위원의 위촉 또는 임명 등
3415,"최저임금법 시행령[시행2019. 1. 1.] [대통령령 제29469호,2018. 12. 43., 일부개정]",제21조 증표
3416,"최저임금법 시행령[시행2019. 1. 1.] [대통령령 제29469호,2018. 12. 44., 일부개정]",제3조 수습 중에 있는 근로자에 대한 최저임금액
3417,"최저임금법 시행령[시행2019. 1. 1.] [대통령령 제29469호,2018. 12. 45., 일부개정]",제13조 공익위원의 위촉기준
3418,"최저임금법 시행령[시행2019. 1. 1.] [대통령령 제29469호,2018. 12. 46., 일부개정]",제19조 실태조사
3419,"최저임금법 시행령[시행2019. 1. 1.] [대통령령 제29469호,2018. 12. 47., 일부개정]",제6조 최저임금 적용 제외의 인가 기준
3420,"최저임금법 시행령[시행2019. 1. 1.] [대통령령 제29469호,2018. 12. 48., 일부개정]",제11조 주지 의무
3421,"최저임금법 시행령[시행2019. 1. 1.] [대통령령 제29469호,2018. 12. 49., 일부개정]",제21조의3 고유식별정보의 처리
3422,"최저임금법 시행령[시행2019. 1. 1.] [대통령령 제29469호,2018. 12. 50., 일부개정]",제16조 실비변상
3423,"최저임금법 시행령[시행2019. 1. 1.] [대통령령 제29469호,2018. 12. 51., 일부개정]",제9조 최저임금안에 대한 이의 제기
3424,"최저임금법 시행령[시행2019. 1. 1.] [대통령령 제29469호,2018. 12. 52., 일부개정]",제22조 과태료의 부과기준
3425,"최저임금법 시행령[시행2019. 1. 1.] [대통령령 제29469호,2018. 12. 53., 일부개정]",제5조 최저임금의 적용을 위한 임금의 환산
3426,"최저임금법 시행령[시행2019. 1. 1.] [대통령령 제29469호,2018. 12. 54., 일부개정]",제15조 특별위원의 위촉 등
3427,"최저임금법 시행령[시행2019. 1. 1.] [대통령령 제29469호,2018. 12. 55., 일부개정]",제17조 전문위원회의 구성
3428,"최저임금법 시행령[시행2019. 1. 1.] [대통령령 제29469호,2018. 12. 56., 일부개정]",제12조의2 위원회 위원의 해촉
3429,"최저임금법 시행령[시행2019. 1. 1.] [대통령령 제29469호,2018. 12. 57., 일부개정]",제20조 근로감독관의 사무 집행
3430,"채용절차의 공정화에 관한 법률 시행령[시행2019. 7. 17.] [대통령령 제29963호,2019. 7. 9., 일부개정]",제6조 권한의 위임
3431,"채용절차의 공정화에 관한 법률 시행령[시행2019. 7. 17.] [대통령령 제29963호,2019. 7. 10., 일부개정]",제1조 목적
3432,"채용절차의 공정화에 관한 법률 시행령[시행2019. 7. 17.] [대통령령 제29963호,2019. 7. 11., 일부개정]",제2조 채용서류의 반환 이행기간 등
3433,"채용절차의 공정화에 관한 법률 시행령[시행2019. 7. 17.] [대통령령 제29963호,2019. 7. 12., 일부개정]",제5조 채용서류 반환의 비용부담
3434,"채용절차의 공정화에 관한 법률 시행령[시행2019. 7. 17.] [대통령령 제29963호,2019. 7. 13., 일부개정]",제4조 채용서류의 반환 청구기간
3435,"채용절차의 공정화에 관한 법률 시행령[시행2019. 7. 17.] [대통령령 제29963호,2019. 7. 14., 일부개정]",제3조 채용서류의 보관기간
3436,"채용절차의 공정화에 관한 법률 시행령[시행2019. 7. 17.] [대통령령 제29963호,2019. 7. 15., 일부개정]",제7조 과태료의 부과기준
3437,"사회적기업 육성법 시행규칙[시행2019. 12. 20.] [고용노동부령 제269호,2019. 12. 20., 일부개정]",제7조 
3438,"사회적기업 육성법 시행규칙[시행2019. 12. 20.] [고용노동부령 제269호,2019. 12. 21., 일부개정]",제13조 재정 지원 대상의 선정 요건
3439,"사회적기업 육성법 시행규칙[시행2019. 12. 20.] [고용노동부령 제269호,2019. 12. 22., 일부개정]",제1조 목적
3440,"사회적기업 육성법 시행규칙[시행2019. 12. 20.] [고용노동부령 제269호,2019. 12. 23., 일부개정]",제14조 재정지원 계획의 공고
3441,"사회적기업 육성법 시행규칙[시행2019. 12. 20.] [고용노동부령 제269호,2019. 12. 24., 일부개정]",제5조 
3442,"사회적기업 육성법 시행규칙[시행2019. 12. 20.] [고용노동부령 제269호,2019. 12. 25., 일부개정]",제16조 사업보고서 기재 사항
3443,"사회적기업 육성법 시행규칙[시행2019. 12. 20.] [고용노동부령 제269호,2019. 12. 26., 일부개정]",제8조 
3444,"사회적기업 육성법 시행규칙[시행2019. 12. 20.] [고용노동부령 제269호,2019. 12. 27., 일부개정]",제15조 재정 지원의 신청 등
3445,"사회적기업 육성법 시행규칙[시행2019. 12. 20.] [고용노동부령 제269호,2019. 12. 28., 일부개정]",제9조 인증 신청
3446,"사회적기업 육성법 시행규칙[시행2019. 12. 20.] [고용노동부령 제269호,2019. 12. 29., 일부개정]",제6조 
3447,"사회적기업 육성법 시행규칙[시행2019. 12. 20.] [고용노동부령 제269호,2019. 12. 30., 일부개정]",제17조 인증취소의 세부 절차
3448,"사회적기업 육성법 시행규칙[시행2019. 12. 20.] [고용노동부령 제269호,2019. 12. 31., 일부개정]",제2조 
3449,"사회적기업 육성법 시행규칙[시행2019. 12. 20.] [고용노동부령 제269호,2019. 12. 32., 일부개정]",제16조의2 사업보고서의 공표방법
3450,"사회적기업 육성법 시행규칙[시행2019. 12. 20.] [고용노동부령 제269호,2019. 12. 33., 일부개정]",제11조 인증서의 재발급
3451,"사회적기업 육성법 시행규칙[시행2019. 12. 20.] [고용노동부령 제269호,2019. 12. 34., 일부개정]",제3조 
3452,"사회적기업 육성법 시행규칙[시행2019. 12. 20.] [고용노동부령 제269호,2019. 12. 35., 일부개정]",제10조 인증서의 발급
3453,"사회적기업 육성법 시행규칙[시행2019. 12. 20.] [고용노동부령 제269호,2019. 12. 36., 일부개정]",제4조 
3454,"사회적기업 육성법 시행규칙[시행2019. 12. 20.] [고용노동부령 제269호,2019. 12. 37., 일부개정]",제18조 규제의 재검토
3455,"사회적기업 육성법 시행규칙[시행2019. 12. 20.] [고용노동부령 제269호,2019. 12. 38., 일부개정]",제12조 인증의 신청 및 신청기간 등의 공고
3456,"공인노무사법 시행령[시행2024. 9. 26.] [대통령령 제34921호,2024. 9. 26., 타법개정]",제9조 시험수당의 지급
3457,"공인노무사법 시행령[시행2024. 9. 26.] [대통령령 제34921호,2024. 9. 27., 타법개정]",제16조 연수교육
3458,"공인노무사법 시행령[시행2024. 9. 26.] [대통령령 제34921호,2024. 9. 28., 타법개정]",제20조의2 보증보험 가입
3459,"공인노무사법 시행령[시행2024. 9. 26.] [대통령령 제34921호,2024. 9. 29., 타법개정]",제24조 
3460,"공인노무사법 시행령[시행2024. 9. 26.] [대통령령 제34921호,2024. 9. 30., 타법개정]",제5조 수험절차
3461,"공인노무사법 시행령[시행2024. 9. 26.] [대통령령 제34921호,2024. 9. 31., 타법개정]",제14조의4 위원의 지명철회 및 해촉
3462,"공인노무사법 시행령[시행2024. 9. 26.] [대통령령 제34921호,2024. 9. 32., 타법개정]",제19조의7 준용규정
3463,"공인노무사법 시행령[시행2024. 9. 26.] [대통령령 제34921호,2024. 9. 33., 타법개정]",제20조의10 
3464,"공인노무사법 시행령[시행2024. 9. 26.] [대통령령 제34921호,2024. 9. 34., 타법개정]",제3조 노무관리진단의 시행
3465,"공인노무사법 시행령[시행2024. 9. 26.] [대통령령 제34921호,2024. 9. 35., 타법개정]",제7조 시험의 일부면제
3466,"공인노무사법 시행령[시행2024. 9. 26.] [대통령령 제34921호,2024. 9. 36., 타법개정]",제14조의7 소위원회
3467,"공인노무사법 시행령[시행2024. 9. 26.] [대통령령 제34921호,2024. 9. 37., 타법개정]",제19조의9 
3468,"공인노무사법 시행령[시행2024. 9. 26.] [대통령령 제34921호,2024. 9. 38., 타법개정]",제22조 사업계획 및 예산
3469,"공인노무사법 시행령[시행2024. 9. 26.] [대통령령 제34921호,2024. 9. 39., 타법개정]",제1조 목적
3470,"공인노무사법 시행령[시행2024. 9. 26.] [대통령령 제34921호,2024. 9. 40., 타법개정]",제12조 합격자 결정 및 공고
3471,"공인노무사법 시행령[시행2024. 9. 26.] [대통령령 제34921호,2024. 9. 41., 타법개정]",제19조 
3472,"공인노무사법 시행령[시행2024. 9. 26.] [대통령령 제34921호,2024. 9. 42., 타법개정]",제20조의3 보증보험금의 지급 등
3473,"공인노무사법 시행령[시행2024. 9. 26.] [대통령령 제34921호,2024. 9. 43., 타법개정]",제27조 과태료의 부과
3474,"공인노무사법 시행령[시행2024. 9. 26.] [대통령령 제34921호,2024. 9. 44., 타법개정]",제11조 응시원서 및 수수료
3475,"공인노무사법 시행령[시행2024. 9. 26.] [대통령령 제34921호,2024. 9. 45., 타법개정]",제18조 지정교육기관 기준 등
3476,"공인노무사법 시행령[시행2024. 9. 26.] [대통령령 제34921호,2024. 9. 46., 타법개정]",제19조의8 
3477,"공인노무사법 시행령[시행2024. 9. 26.] [대통령령 제34921호,2024. 9. 47., 타법개정]",제20조의11 징계의결의 통보 등
3478,"공인노무사법 시행령[시행2024. 9. 26.] [대통령령 제34921호,2024. 9. 48., 타법개정]",제23조 
3479,"공인노무사법 시행령[시행2024. 9. 26.] [대통령령 제34921호,2024. 9. 49., 타법개정]",제14조 자격증의 발급
3480,"공인노무사법 시행령[시행2024. 9. 26.] [대통령령 제34921호,2024. 9. 50., 타법개정]",제19조의4 정관의 기재사항
3481,"공인노무사법 시행령[시행2024. 9. 26.] [대통령령 제34921호,2024. 9. 51., 타법개정]",제20조의6 
3482,"공인노무사법 시행령[시행2024. 9. 26.] [대통령령 제34921호,2024. 9. 52., 타법개정]",제28조 권한의 위임
3483,"공인노무사법 시행령[시행2024. 9. 26.] [대통령령 제34921호,2024. 9. 53., 타법개정]",제2조 노동 및 사회보험 관계 법령의 범위
3484,"공인노무사법 시행령[시행2024. 9. 26.] [대통령령 제34921호,2024. 9. 54., 타법개정]",제7조의2 공무원의 범위
3485,"공인노무사법 시행령[시행2024. 9. 26.] [대통령령 제34921호,2024. 9. 55., 타법개정]",제15조 직무개시 등록절차
3486,"공인노무사법 시행령[시행2024. 9. 26.] [대통령령 제34921호,2024. 9. 56., 타법개정]",제20조 
3487,"공인노무사법 시행령[시행2024. 9. 26.] [대통령령 제34921호,2024. 9. 57., 타법개정]",제21조 회칙
3488,"공인노무사법 시행령[시행2024. 9. 26.] [대통령령 제34921호,2024. 9. 58., 타법개정]",제4조 시험방법
3489,"공인노무사법 시행령[시행2024. 9. 26.] [대통령령 제34921호,2024. 9. 59., 타법개정]",제14조의3 자격심의ㆍ징계위원회 위원의 제척ㆍ기피ㆍ회피
3490,"공인노무사법 시행령[시행2024. 9. 26.] [대통령령 제34921호,2024. 9. 60., 타법개정]",제20조의5 
3491,"공인노무사법 시행령[시행2024. 9. 26.] [대통령령 제34921호,2024. 9. 61., 타법개정]",제30조 
3492,"공인노무사법 시행령[시행2024. 9. 26.] [대통령령 제34921호,2024. 9. 62., 타법개정]",제8조 시험위원회
3493,"공인노무사법 시행령[시행2024. 9. 26.] [대통령령 제34921호,2024. 9. 63., 타법개정]",제13조 
3494,"공인노무사법 시행령[시행2024. 9. 26.] [대통령령 제34921호,2024. 9. 64., 타법개정]",제14조의6 자격심의ㆍ징계위원회의 운영
3495,"공인노무사법 시행령[시행2024. 9. 26.] [대통령령 제34921호,2024. 9. 65., 타법개정]",제19조의2 노무법인의 설립인가 신청
3496,"공인노무사법 시행령[시행2024. 9. 26.] [대통령령 제34921호,2024. 9. 66., 타법개정]",제20조의4 
3497,"공인노무사법 시행령[시행2024. 9. 26.] [대통령령 제34921호,2024. 9. 67., 타법개정]",제29조 민감정보 및 고유식별정보의 처리
3498,"공인노무사법 시행령[시행2024. 9. 26.] [대통령령 제34921호,2024. 9. 68., 타법개정]",제2조의2 
3499,"공인노무사법 시행령[시행2024. 9. 26.] [대통령령 제34921호,2024. 9. 69., 타법개정]",제14조의2 자격심의ㆍ징계위원회 위원의 임기
3500,"공인노무사법 시행령[시행2024. 9. 26.] [대통령령 제34921호,2024. 9. 70., 타법개정]",제19조의5 노무법인의 설립등기
3501,"공인노무사법 시행령[시행2024. 9. 26.] [대통령령 제34921호,2024. 9. 71., 타법개정]",제20조의7 징계의결의 요구
3502,"공인노무사법 시행령[시행2024. 9. 26.] [대통령령 제34921호,2024. 9. 72., 타법개정]",제10조 시험의 실시 및 공고
3503,"공인노무사법 시행령[시행2024. 9. 26.] [대통령령 제34921호,2024. 9. 73., 타법개정]",제17조 보수교육
3504,"공인노무사법 시행령[시행2024. 9. 26.] [대통령령 제34921호,2024. 9. 74., 타법개정]",제20조의9 
3505,"공인노무사법 시행령[시행2024. 9. 26.] [대통령령 제34921호,2024. 9. 75., 타법개정]",제25조 
3506,"공인노무사법 시행령[시행2024. 9. 26.] [대통령령 제34921호,2024. 9. 76., 타법개정]",제6조 시험과목 등
3507,"공인노무사법 시행령[시행2024. 9. 26.] [대통령령 제34921호,2024. 9. 77., 타법개정]",제14조의5 위원장의 직무
3508,"공인노무사법 시행령[시행2024. 9. 26.] [대통령령 제34921호,2024. 9. 78., 타법개정]",제19조의3 노무법인의 정관 변경인가 신청
3509,"공인노무사법 시행령[시행2024. 9. 26.] [대통령령 제34921호,2024. 9. 79., 타법개정]",제19조의6 분사무소 설치 등의 등기
3510,"공인노무사법 시행령[시행2024. 9. 26.] [대통령령 제34921호,2024. 9. 80., 타법개정]",제20조의8 징계의결기한
3511,"공인노무사법 시행령[시행2024. 9. 26.] [대통령령 제34921호,2024. 9. 81., 타법개정]",제26조 업무 위탁
3512,"가사근로자의 고용개선 등에 관한 법률 시행령[시행2024. 12. 31.] [대통령령 제35172호,2024. 12. 31., 타법개정]",제4조 근로계약 체결 시 명시해야 할 근로조건
3513,"가사근로자의 고용개선 등에 관한 법률 시행령[시행2024. 12. 31.] [대통령령 제35172호,2024. 12. 32., 타법개정]",제7조 유급휴일 및 연차 유급휴가
3514,"가사근로자의 고용개선 등에 관한 법률 시행령[시행2024. 12. 31.] [대통령령 제35172호,2024. 12. 33., 타법개정]",제10조 업무의 위탁
3515,"가사근로자의 고용개선 등에 관한 법률 시행령[시행2024. 12. 31.] [대통령령 제35172호,2024. 12. 34., 타법개정]",제12조 과태료의 부과기준
3516,"가사근로자의 고용개선 등에 관한 법률 시행령[시행2024. 12. 31.] [대통령령 제35172호,2024. 12. 35., 타법개정]",제9조 권한의 위임
3517,"가사근로자의 고용개선 등에 관한 법률 시행령[시행2024. 12. 31.] [대통령령 제35172호,2024. 12. 36., 타법개정]",제2조 가사서비스 제공기관의 인증 요건
3518,"가사근로자의 고용개선 등에 관한 법률 시행령[시행2024. 12. 31.] [대통령령 제35172호,2024. 12. 37., 타법개정]",제1조 목적
3519,"가사근로자의 고용개선 등에 관한 법률 시행령[시행2024. 12. 31.] [대통령령 제35172호,2024. 12. 38., 타법개정]",제5조 가사근로자의 요구에 따른 서면 교부
3520,"가사근로자의 고용개선 등에 관한 법률 시행령[시행2024. 12. 31.] [대통령령 제35172호,2024. 12. 39., 타법개정]",제6조 경영상 불가피한 경우
3521,"가사근로자의 고용개선 등에 관한 법률 시행령[시행2024. 12. 31.] [대통령령 제35172호,2024. 12. 40., 타법개정]",제11조 민감정보 및 고유식별정보의 처리
3522,"가사근로자의 고용개선 등에 관한 법률 시행령[시행2024. 12. 31.] [대통령령 제35172호,2024. 12. 41., 타법개정]",제3조 범죄경력조회
3523,"가사근로자의 고용개선 등에 관한 법률 시행령[시행2024. 12. 31.] [대통령령 제35172호,2024. 12. 42., 타법개정]",제8조 고용보험료 등의 지원
3524,"고용상 연령차별금지 및 고령자고용촉진에 관한 법률 시행령[시행2025. 1. 1.] [대통령령 제35100호,2024. 12. 24., 타법개정]",제1조 제1장 총칙
3525,"고용상 연령차별금지 및 고령자고용촉진에 관한 법률 시행령[시행2025. 1. 1.] [대통령령 제35100호,2024. 12. 24., 타법개정]",제7조 고령자인재은행의 지정기준 등
3526,"고용상 연령차별금지 및 고령자고용촉진에 관한 법률 시행령[시행2025. 1. 1.] [대통령령 제35100호,2024. 12. 24., 타법개정]",제14조의5 재취업지원서비스 실시의 위탁
3527,"한국산업안전보건공단법 시행령[시행2025. 1. 31.] [대통령령 제35228호,2025. 1. 21., 타법개정]",제16조 업무의 감독
3528,"고용상 연령차별금지 및 고령자고용촉진에 관한 법률 시행령[시행2025. 1. 1.] [대통령령 제35100호,2024. 12. 24., 타법개정]",제5조 제3장 정부의 고령자 취업지원
3529,"고용상 연령차별금지 및 고령자고용촉진에 관한 법률 시행령[시행2025. 1. 1.] [대통령령 제35100호,2024. 12. 24., 타법개정]",제14조의4 재취업지원서비스의 내용 및 방법
3530,"한국산업안전보건공단법 시행령[시행2025. 1. 31.] [대통령령 제35228호,2025. 1. 21., 타법개정]",제4조 이전등기
3531,"한국산업안전보건공단법 시행령[시행2025. 1. 31.] [대통령령 제35228호,2025. 1. 21., 타법개정]",제9조 정부 외의 자로부터의 출연금 등
3532,"고용상 연령차별금지 및 고령자고용촉진에 관한 법률 시행령[시행2025. 1. 1.] [대통령령 제35100호,2024. 12. 24., 타법개정]",제5조 고령자에 대한 직업능력개발훈련 등
3533,"고용상 연령차별금지 및 고령자고용촉진에 관한 법률 시행령[시행2025. 1. 1.] [대통령령 제35100호,2024. 12. 25., 타법개정]",제13조 우선고용직종에 대한 고용현황 제출
3534,"한국산업안전보건공단법 시행령[시행2025. 1. 31.] [대통령령 제35228호,2025. 1. 21., 타법개정]",제12조 자금차입 등의 승인신청
3535,"고용상 연령차별금지 및 고령자고용촉진에 관한 법률 시행령[시행2025. 1. 1.] [대통령령 제35100호,2024. 12. 24., 타법개정]",제6조 직업능력개발훈련시설 등에 대한 평가 우대
3536,"고용상 연령차별금지 및 고령자고용촉진에 관한 법률 시행령[시행2025. 1. 1.] [대통령령 제35100호,2024. 12. 25., 타법개정]",제12조 우선고용직종의 고용
3537,"고용상 연령차별금지 및 고령자고용촉진에 관한 법률 시행령[시행2025. 1. 1.] [대통령령 제35100호,2024. 12. 26., 타법개정]",제16조 과태료의 부과기준
3538,"한국산업안전보건공단법 시행령[시행2025. 1. 31.] [대통령령 제35228호,2025. 1. 21., 타법개정]",제8조 정부 등의 출연금
3539,"고용상 연령차별금지 및 고령자고용촉진에 관한 법률 시행령[시행2025. 1. 1.] [대통령령 제35100호,2024. 12. 24., 타법개정]",제4조 시정명령의 신청방법 등
3540,"고용상 연령차별금지 및 고령자고용촉진에 관한 법률 시행령[시행2025. 1. 1.] [대통령령 제35100호,2024. 12. 25., 타법개정]",제11조 고용 지원금의 지급기준 등
3541,"고용상 연령차별금지 및 고령자고용촉진에 관한 법률 시행령[시행2025. 1. 1.] [대통령령 제35100호,2024. 12. 26., 타법개정]",제15조의3 규제의 재검토
3542,"한국산업안전보건공단법 시행령[시행2025. 1. 31.] [대통령령 제35228호,2025. 1. 21., 타법개정]",제2조 설립등기
3543,"한국산업안전보건공단법 시행령[시행2025. 1. 31.] [대통령령 제35228호,2025. 1. 22., 타법개정]",제11조 중요한 재산의 처분 등
3544,"고용상 연령차별금지 및 고령자고용촉진에 관한 법률 시행령[시행2025. 1. 1.] [대통령령 제35100호,2024. 12. 24., 타법개정]",제1조 목적
3545,"고용상 연령차별금지 및 고령자고용촉진에 관한 법률 시행령[시행2025. 1. 1.] [대통령령 제35100호,2024. 12. 25., 타법개정]",제14조 정년제도 운영현황 제출의무 사업주
3546,"한국산업안전보건공단법 시행령[시행2025. 1. 31.] [대통령령 제35228호,2025. 1. 21., 타법개정]",제5조 변경등기
3547,"한국산업안전보건공단법 시행령[시행2025. 1. 31.] [대통령령 제35228호,2025. 1. 22., 타법개정]",제17조 산업안전보건협의회의 조직 및 운영
3548,"고용상 연령차별금지 및 고령자고용촉진에 관한 법률 시행령[시행2025. 1. 1.] [대통령령 제35100호,2024. 12. 24., 타법개정]",제4조 제2장 고용상 연령차별금지
3549,"고용상 연령차별금지 및 고령자고용촉진에 관한 법률 시행령[시행2025. 1. 1.] [대통령령 제35100호,2024. 12. 25., 타법개정]",제10조 기준고용률이 적용되는 사업주
3550,"고용상 연령차별금지 및 고령자고용촉진에 관한 법률 시행령[시행2025. 1. 1.] [대통령령 제35100호,2024. 12. 26., 타법개정]",제15조 제6장 보칙
3551,"한국산업안전보건공단법 시행령[시행2025. 1. 31.] [대통령령 제35228호,2025. 1. 21., 타법개정]",제10조 
3552,"고용상 연령차별금지 및 고령자고용촉진에 관한 법률 시행령[시행2025. 1. 1.] [대통령령 제35100호,2024. 12. 24., 타법개정]",제2조 고령자 및 준고령자의 정의
3553,"고용상 연령차별금지 및 고령자고용촉진에 관한 법률 시행령[시행2025. 1. 1.] [대통령령 제35100호,2024. 12. 24., 타법개정]",제9조 중견전문인력 고용지원센터의 지정기준 등
3554,"고용상 연령차별금지 및 고령자고용촉진에 관한 법률 시행령[시행2025. 1. 1.] [대통령령 제35100호,2024. 12. 24., 타법개정]",제15조 권한의 위임
3555,"한국산업안전보건공단법 시행령[시행2025. 1. 31.] [대통령령 제35228호,2025. 1. 21., 타법개정]",제1조 목적
3556,"한국산업안전보건공단법 시행령[시행2025. 1. 31.] [대통령령 제35228호,2025. 1. 21., 타법개정]",제14조 
3557,"고용상 연령차별금지 및 고령자고용촉진에 관한 법률 시행령[시행2025. 1. 1.] [대통령령 제35100호,2024. 12. 24., 타법개정]",제8조 중견전문인력고용지원센터의 사업범위
3558,"고용상 연령차별금지 및 고령자고용촉진에 관한 법률 시행령[시행2025. 1. 1.] [대통령령 제35100호,2024. 12. 25., 타법개정]",제14조 제5장 정년
3559,"한국산업안전보건공단법 시행령[시행2025. 1. 31.] [대통령령 제35228호,2025. 1. 21., 타법개정]",제3조 분사무소의 설치등기
3560,"한국산업안전보건공단법 시행령[시행2025. 1. 31.] [대통령령 제35228호,2025. 1. 22., 타법개정]",제15조 
3561,"고용상 연령차별금지 및 고령자고용촉진에 관한 법률 시행령[시행2025. 1. 1.] [대통령령 제35100호,2024. 12. 24., 타법개정]",제14조의3 재취업지원서비스의 제공 대상
3562,"한국산업안전보건공단법 시행령[시행2025. 1. 31.] [대통령령 제35228호,2025. 1. 21., 타법개정]",제7조 등기기간의 계산
3563,"한국산업안전보건공단법 시행령[시행2025. 1. 31.] [대통령령 제35228호,2025. 1. 22., 타법개정]",제19조 과태료의 부과기준
3564,"고용상 연령차별금지 및 고령자고용촉진에 관한 법률 시행령[시행2025. 1. 1.] [대통령령 제35100호,2024. 12. 24., 타법개정]",제10조 제4장 고령자의 고용촉진 및 고용안정
3565,"고용상 연령차별금지 및 고령자고용촉진에 관한 법률 시행령[시행2025. 1. 1.] [대통령령 제35100호,2024. 12. 25., 타법개정]",제15조의2 고유식별정보의 처리
3566,"한국산업안전보건공단법 시행령[시행2025. 1. 31.] [대통령령 제35228호,2025. 1. 21., 타법개정]",제13조 
3567,"고용상 연령차별금지 및 고령자고용촉진에 관한 법률 시행령[시행2025. 1. 1.] [대통령령 제35100호,2024. 12. 24., 타법개정]",제3조 고령자 기준고용률
3568,"고용상 연령차별금지 및 고령자고용촉진에 관한 법률 시행령[시행2025. 1. 1.] [대통령령 제35100호,2024. 12. 25., 타법개정]",제14조의2 재취업지원서비스의 제공의무 사업주
3569,"한국산업안전보건공단법 시행령[시행2025. 1. 31.] [대통령령 제35228호,2025. 1. 21., 타법개정]",제6조 등기신청서의 첨부서류
3570,"한국산업안전보건공단법 시행령[시행2025. 1. 31.] [대통령령 제35228호,2025. 1. 22., 타법개정]",제18조 협의회의 기능
3571,"외국인근로자의 고용 등에 관한 법률 시행규칙[시행2025. 6. 2.] [고용노동부령 제442호,2025. 6. 2., 일부개정]",제4조 
3572,"외국인근로자의 고용 등에 관한 법률 시행규칙[시행2025. 6. 2.] [고용노동부령 제442호,2025. 6. 3., 일부개정]",제5조의2 내국인 구인노력 기간
3573,"외국인근로자의 고용 등에 관한 법률 시행규칙[시행2025. 6. 2.] [고용노동부령 제442호,2025. 6. 4., 일부개정]",제11조의5 외국인 취업교육기관의 지정취소 등
3574,"외국인근로자의 고용 등에 관한 법률 시행규칙[시행2025. 6. 2.] [고용노동부령 제442호,2025. 6. 5., 일부개정]",제15조 고용 제한의 통지
3575,"파견근로자 보호 등에 관한 법률 시행령[시행2025. 6. 21.] [대통령령 제35597호,2025. 6. 20., 타법개정]",제2조의2 고용의무의 예외
3576,"외국인근로자의 고용 등에 관한 법률 시행규칙[시행2025. 6. 2.] [고용노동부령 제442호,2025. 6. 2., 일부개정]",제10조 외국인 취업교육 이수기한
3577,"외국인근로자의 고용 등에 관한 법률 시행규칙[시행2025. 6. 2.] [고용노동부령 제442호,2025. 6. 3., 일부개정]",제14조 고용변동 등의 신고
3578,"파견근로자 보호 등에 관한 법률 시행령[시행2025. 6. 21.] [대통령령 제35597호,2025. 6. 20., 타법개정]",제1조 목적
3579,"외국인근로자의 고용 등에 관한 법률 시행규칙[시행2025. 6. 2.] [고용노동부령 제442호,2025. 6. 2., 일부개정]",제6조 고용허가서의 재발급
3580,"외국인근로자의 고용 등에 관한 법률 시행규칙[시행2025. 6. 2.] [고용노동부령 제442호,2025. 6. 3., 일부개정]",제12조의2 특례고용가능확인서의 발급
3581,"외국인근로자의 고용 등에 관한 법률 시행규칙[시행2025. 6. 2.] [고용노동부령 제442호,2025. 6. 4., 일부개정]",제18조의2 대행기관의 지정 및 운영
3582,"파견근로자 보호 등에 관한 법률 시행령[시행2025. 6. 21.] [대통령령 제35597호,2025. 6. 20., 타법개정]",제7조 과태료의 부과기준
3583,"외국인근로자의 고용 등에 관한 법률 시행규칙[시행2025. 6. 2.] [고용노동부령 제442호,2025. 6. 2., 일부개정]",제1조 목적
3584,"외국인근로자의 고용 등에 관한 법률 시행규칙[시행2025. 6. 2.] [고용노동부령 제442호,2025. 6. 3., 일부개정]",제11조 외국인 취업교육의 시간ㆍ내용 등
3585,"외국인근로자의 고용 등에 관한 법률 시행규칙[시행2025. 6. 2.] [고용노동부령 제442호,2025. 6. 4., 일부개정]",제14조 제3장 외국인근로자의 고용 관리
3586,"외국인근로자의 고용 등에 관한 법률 시행규칙[시행2025. 6. 2.] [고용노동부령 제442호,2025. 6. 5., 일부개정]",제18조의3 대행기관의 지정취소 등
3587,"건설근로자의 고용개선 등에 관한 법률[시행2027. 1. 8.] [법률 제21852호,2026. 7. 7., 일부개정]",제1조 제1장 총칙
3588,"건설근로자의 고용개선 등에 관한 법률[시행2027. 1. 8.] [법률 제21852호,2026. 7. 8., 일부개정]",제1조 목적
3589,"건설근로자의 고용개선 등에 관한 법률[시행2027. 1. 8.] [법률 제21852호,2026. 7. 9., 일부개정]",제2조 정의
3590,"건설근로자의 고용개선 등에 관한 법률[시행2027. 1. 8.] [법률 제21852호,2026. 7. 10., 일부개정]",제3조 건설근로자 고용개선 기본계획의 수립ㆍ시행
3591,"건설근로자의 고용개선 등에 관한 법률[시행2027. 1. 8.] [법률 제21852호,2026. 7. 11., 일부개정]",제4조 권고
3592,"건설근로자의 고용개선 등에 관한 법률[시행2027. 1. 8.] [법률 제21852호,2026. 7. 12., 일부개정]",제5조 제2장 건설근로자의 고용개선
3593,"건설근로자의 고용개선 등에 관한 법률[시행2027. 1. 8.] [법률 제21852호,2026. 7. 13., 일부개정]",제5조 고용관리 책임자
3594,"건설근로자의 고용개선 등에 관한 법률[시행2027. 1. 8.] [법률 제21852호,2026. 7. 14., 일부개정]",제6조 고용에 관한 서류의 발급
3595,"건설근로자의 고용개선 등에 관한 법률[시행2027. 1. 8.] [법률 제21852호,2026. 7. 15., 일부개정]",제7조 건설근로자의 고용개선 등
3596,"건설근로자의 고용개선 등에 관한 법률[시행2027. 1. 8.] [법률 제21852호,2026. 7. 16., 일부개정]",제7조의2 고용 관련 편의시설의 설치 등
3597,"건설근로자의 고용개선 등에 관한 법률[시행2027. 1. 8.] [법률 제21852호,2026. 7. 17., 일부개정]",제7조의3 임금비용의 구분지급 및 확인
3598,"건설근로자의 고용개선 등에 관한 법률[시행2027. 1. 8.] [법률 제21852호,2026. 7. 18., 일부개정]",제7조의4 건설근로자의 기능등급별 구분 등
3599,"건설근로자의 고용개선 등에 관한 법률[시행2027. 1. 8.] [법률 제21852호,2026. 7. 19., 일부개정]",제7조의5 기능등급확인증의 발급
3600,"건설근로자의 고용개선 등에 관한 법률[시행2027. 1. 8.] [법률 제21852호,2026. 7. 20., 일부개정]",제8조 제3장 공제사업
3601,"건설근로자의 고용개선 등에 관한 법률[시행2027. 1. 8.] [법률 제21852호,2026. 7. 21., 일부개정]",제8조 공제사업의 실시
3602,"건설근로자의 고용개선 등에 관한 법률[시행2027. 1. 8.] [법률 제21852호,2026. 7. 22., 일부개정]",제9조 건설근로자공제회의 설립 등
3603,"건설근로자의 고용개선 등에 관한 법률[시행2027. 1. 8.] [법률 제21852호,2026. 7. 23., 일부개정]",제9조의2 공제회의 사업
3604,"건설근로자의 고용개선 등에 관한 법률[시행2027. 1. 8.] [법률 제21852호,2026. 7. 24., 일부개정]",제9조의3 경력증명서의 발급
3605,"건설근로자의 고용개선 등에 관한 법률[시행2027. 1. 8.] [법률 제21852호,2026. 7. 25., 일부개정]",제9조의4 이사회
3606,"건설근로자의 고용개선 등에 관한 법률[시행2027. 1. 8.] [법률 제21852호,2026. 7. 26., 일부개정]",제9조의5 사업계획과 예산ㆍ결산
3607,"건설근로자의 고용개선 등에 관한 법률[시행2027. 1. 8.] [법률 제21852호,2026. 7. 27., 일부개정]",제10조 퇴직공제의 가입
3608,"건설근로자의 고용개선 등에 관한 법률[시행2027. 1. 8.] [법률 제21852호,2026. 7. 28., 일부개정]",제10조의2 
3609,"건설근로자의 고용개선 등에 관한 법률[시행2027. 1. 8.] [법률 제21852호,2026. 7. 29., 일부개정]",제10조의3 소요 비용의 원가계산
3610,"건설근로자의 고용개선 등에 관한 법률[시행2027. 1. 8.] [법률 제21852호,2026. 7. 30., 일부개정]",제10조의4 퇴직공제 관계의 신고
3611,"건설근로자의 고용개선 등에 관한 법률[시행2027. 1. 8.] [법률 제21852호,2026. 7. 31., 일부개정]",제11조 피공제자의 범위
3612,"건설근로자의 고용개선 등에 관한 법률[시행2027. 1. 8.] [법률 제21852호,2026. 7. 32., 일부개정]",제12조 
3613,"건설근로자의 고용개선 등에 관한 법률[시행2027. 1. 8.] [법률 제21852호,2026. 7. 33., 일부개정]",제13조 피공제자의 근로일수 신고 및 공제부금의 납부
3614,"건설근로자의 고용개선 등에 관한 법률[시행2027. 1. 8.] [법률 제21852호,2026. 7. 34., 일부개정]",제13조의2 공제부금의 납부 특례
3615,"건설근로자의 고용개선 등에 관한 법률[시행2027. 1. 8.] [법률 제21852호,2026. 7. 35., 일부개정]",제14조 퇴직공제금의 지급
3616,"건설근로자의 고용개선 등에 관한 법률[시행2027. 1. 8.] [법률 제21852호,2026. 7. 36., 일부개정]",제15조 퇴직의 증명 등
3617,"건설근로자의 고용개선 등에 관한 법률[시행2027. 1. 8.] [법률 제21852호,2026. 7. 37., 일부개정]",제16조 반환요구 등
3618,"건설근로자의 고용개선 등에 관한 법률[시행2027. 1. 8.] [법률 제21852호,2026. 7. 38., 일부개정]",제16조의2 신고포상금의 지급
3619,"건설근로자의 고용개선 등에 관한 법률[시행2027. 1. 8.] [법률 제21852호,2026. 7. 39., 일부개정]",제17조 
3620,"건설근로자의 고용개선 등에 관한 법률[시행2027. 1. 8.] [법률 제21852호,2026. 7. 40., 일부개정]",제18조 퇴직공제의 탈퇴
3621,"건설근로자의 고용개선 등에 관한 법률[시행2027. 1. 8.] [법률 제21852호,2026. 7. 41., 일부개정]",제19조 근로자에 대한 고지
3622,"건설근로자의 고용개선 등에 관한 법률[시행2027. 1. 8.] [법률 제21852호,2026. 7. 42., 일부개정]",제19조의2 피공제자 사망 시 퇴직공제금의 고지
3623,"건설근로자의 고용개선 등에 관한 법률[시행2027. 1. 8.] [법률 제21852호,2026. 7. 43., 일부개정]",제20조 수급권의 보호
3624,"건설근로자의 고용개선 등에 관한 법률[시행2027. 1. 8.] [법률 제21852호,2026. 7. 44., 일부개정]",제21조 시효
3625,"건설근로자의 고용개선 등에 관한 법률[시행2027. 1. 8.] [법률 제21852호,2026. 7. 45., 일부개정]",제22조 제4장 보칙
3626,"건설근로자의 고용개선 등에 관한 법률[시행2027. 1. 8.] [법률 제21852호,2026. 7. 46., 일부개정]",제22조 우대
3627,"건설근로자의 고용개선 등에 관한 법률[시행2027. 1. 8.] [법률 제21852호,2026. 7. 47., 일부개정]",제22조의2 준비금의 적립
3628,"건설근로자의 고용개선 등에 관한 법률[시행2027. 1. 8.] [법률 제21852호,2026. 7. 48., 일부개정]",제23조 지도감독 등
3629,"건설근로자의 고용개선 등에 관한 법률[시행2027. 1. 8.] [법률 제21852호,2026. 7. 49., 일부개정]",제23조의2 관계기관에 대한 협조요청
3630,"건설근로자의 고용개선 등에 관한 법률[시행2027. 1. 8.] [법률 제21852호,2026. 7. 50., 일부개정]",제24조 제5장 벌칙
3631,"건설근로자의 고용개선 등에 관한 법률[시행2027. 1. 8.] [법률 제21852호,2026. 7. 51., 일부개정]",제24조 벌칙
3632,"건설근로자의 고용개선 등에 관한 법률[시행2027. 1. 8.] [법률 제21852호,2026. 7. 52., 일부개정]",제25조 양벌규정
3633,"건설근로자의 고용개선 등에 관한 법률[시행2027. 1. 8.] [법률 제21852호,2026. 7. 53., 일부개정]",제26조 과태료
3634,"건설근로자의 고용개선 등에 관한 법률[시행2022. 2. 18.] [법률 제18425호,2021. 8. 17., 타법개정]",제1조 제1장 총칙
3635,"건설근로자의 고용개선 등에 관한 법률[시행2022. 2. 18.] [법률 제18425호,2021. 8. 18., 타법개정]",제1조 목적
3636,"건설근로자의 고용개선 등에 관한 법률[시행2022. 2. 18.] [법률 제18425호,2021. 8. 19., 타법개정]",제2조 정의
3637,"건설근로자의 고용개선 등에 관한 법률[시행2022. 2. 18.] [법률 제18425호,2021. 8. 20., 타법개정]",제3조 건설근로자 고용개선 기본계획의 수립ㆍ시행
3638,"건설근로자의 고용개선 등에 관한 법률[시행2022. 2. 18.] [법률 제18425호,2021. 8. 21., 타법개정]",제4조 권고
3639,"건설근로자의 고용개선 등에 관한 법률[시행2022. 2. 18.] [법률 제18425호,2021. 8. 22., 타법개정]",제5조 제2장 건설근로자의 고용개선
3640,"건설근로자의 고용개선 등에 관한 법률[시행2022. 2. 18.] [법률 제18425호,2021. 8. 23., 타법개정]",제5조 고용관리 책임자
3641,"건설근로자의 고용개선 등에 관한 법률[시행2022. 2. 18.] [법률 제18425호,2021. 8. 24., 타법개정]",제6조 고용에 관한 서류의 발급
3642,"건설근로자의 고용개선 등에 관한 법률[시행2022. 2. 18.] [법률 제18425호,2021. 8. 25., 타법개정]",제7조 건설근로자의 고용개선 등
3643,"건설근로자의 고용개선 등에 관한 법률[시행2022. 2. 18.] [법률 제18425호,2021. 8. 26., 타법개정]",제7조의2 고용 관련 편의시설의 설치 등
3644,"건설근로자의 고용개선 등에 관한 법률[시행2022. 2. 18.] [법률 제18425호,2021. 8. 27., 타법개정]",제7조의3 임금비용의 구분지급 및 확인
3645,"건설근로자의 고용개선 등에 관한 법률[시행2022. 2. 18.] [법률 제18425호,2021. 8. 28., 타법개정]",제7조의4 건설근로자의 기능등급별 구분 등
3646,"건설근로자의 고용개선 등에 관한 법률[시행2022. 2. 18.] [법률 제18425호,2021. 8. 29., 타법개정]",제7조의5 기능등급확인증의 발급
3647,"건설근로자의 고용개선 등에 관한 법률[시행2022. 2. 18.] [법률 제18425호,2021. 8. 30., 타법개정]",제8조 제3장 공제사업
3648,"건설근로자의 고용개선 등에 관한 법률[시행2022. 2. 18.] [법률 제18425호,2021. 8. 31., 타법개정]",제8조 공제사업의 실시
3649,"건설근로자의 고용개선 등에 관한 법률[시행2022. 2. 18.] [법률 제18425호,2021. 8. 32., 타법개정]",제9조 건설근로자공제회의 설립 등
3650,"건설근로자의 고용개선 등에 관한 법률[시행2022. 2. 18.] [법률 제18425호,2021. 8. 33., 타법개정]",제9조의2 공제회의 사업
3651,"건설근로자의 고용개선 등에 관한 법률[시행2022. 2. 18.] [법률 제18425호,2021. 8. 34., 타법개정]",제9조의3 경력증명서의 발급
3652,"건설근로자의 고용개선 등에 관한 법률[시행2022. 2. 18.] [법률 제18425호,2021. 8. 35., 타법개정]",제9조의4 이사회
3653,"건설근로자의 고용개선 등에 관한 법률[시행2022. 2. 18.] [법률 제18425호,2021. 8. 36., 타법개정]",제9조의5 사업계획과 예산ㆍ결산
3654,"건설근로자의 고용개선 등에 관한 법률[시행2022. 2. 18.] [법률 제18425호,2021. 8. 37., 타법개정]",제10조 퇴직공제의 가입
3655,"건설근로자의 고용개선 등에 관한 법률[시행2022. 2. 18.] [법률 제18425호,2021. 8. 38., 타법개정]",제10조의2 
3656,"건설근로자의 고용개선 등에 관한 법률[시행2022. 2. 18.] [법률 제18425호,2021. 8. 39., 타법개정]",제10조의3 소요 비용의 원가계산
3657,"건설근로자의 고용개선 등에 관한 법률[시행2022. 2. 18.] [법률 제18425호,2021. 8. 40., 타법개정]",제10조의4 퇴직공제 관계의 신고
3658,"건설근로자의 고용개선 등에 관한 법률[시행2022. 2. 18.] [법률 제18425호,2021. 8. 41., 타법개정]",제11조 피공제자의 범위
3659,"건설근로자의 고용개선 등에 관한 법률[시행2022. 2. 18.] [법률 제18425호,2021. 8. 42., 타법개정]",제12조 
3660,"건설근로자의 고용개선 등에 관한 법률[시행2022. 2. 18.] [법률 제18425호,2021. 8. 43., 타법개정]",제13조 피공제자의 근로일수 신고 및 공제부금의 납부
3661,"건설근로자의 고용개선 등에 관한 법률[시행2022. 2. 18.] [법률 제18425호,2021. 8. 44., 타법개정]",제13조의2 공제부금의 납부 특례
3662,"건설근로자의 고용개선 등에 관한 법률[시행2022. 2. 18.] [법률 제18425호,2021. 8. 45., 타법개정]",제14조 퇴직공제금의 지급
3663,"건설근로자의 고용개선 등에 관한 법률[시행2022. 2. 18.] [법률 제18425호,2021. 8. 46., 타법개정]",제15조 퇴직의 증명 등
3664,"건설근로자의 고용개선 등에 관한 법률[시행2022. 2. 18.] [법률 제18425호,2021. 8. 47., 타법개정]",제16조 반환요구 등
3665,"건설근로자의 고용개선 등에 관한 법률[시행2022. 2. 18.] [법률 제18425호,2021. 8. 48., 타법개정]",제16조의2 신고포상금의 지급
3666,"건설근로자의 고용개선 등에 관한 법률[시행2022. 2. 18.] [법률 제18425호,2021. 8. 49., 타법개정]",제17조 
3667,"건설근로자의 고용개선 등에 관한 법률[시행2022. 2. 18.] [법률 제18425호,2021. 8. 50., 타법개정]",제18조 퇴직공제의 탈퇴
3668,"건설근로자의 고용개선 등에 관한 법률[시행2022. 2. 18.] [법률 제18425호,2021. 8. 51., 타법개정]",제19조 근로자에 대한 고지
3669,"건설근로자의 고용개선 등에 관한 법률[시행2022. 2. 18.] [법률 제18425호,2021. 8. 52., 타법개정]",제19조의2 피공제자 사망 시 퇴직공제금의 고지
3670,"건설근로자의 고용개선 등에 관한 법률[시행2022. 2. 18.] [법률 제18425호,2021. 8. 53., 타법개정]",제20조 수급권의 보호
3671,"건설근로자의 고용개선 등에 관한 법률[시행2022. 2. 18.] [법률 제18425호,2021. 8. 54., 타법개정]",제21조 시효
3672,"건설근로자의 고용개선 등에 관한 법률[시행2022. 2. 18.] [법률 제18425호,2021. 8. 55., 타법개정]",제22조 제4장 보칙
3673,"건설근로자의 고용개선 등에 관한 법률[시행2022. 2. 18.] [법률 제18425호,2021. 8. 56., 타법개정]",제22조 우대
3674,"건설근로자의 고용개선 등에 관한 법률[시행2022. 2. 18.] [법률 제18425호,2021. 8. 57., 타법개정]",제22조의2 준비금의 적립
3675,"건설근로자의 고용개선 등에 관한 법률[시행2022. 2. 18.] [법률 제18425호,2021. 8. 58., 타법개정]",제23조 지도감독 등
3676,"건설근로자의 고용개선 등에 관한 법률[시행2022. 2. 18.] [법률 제18425호,2021. 8. 59., 타법개정]",제23조의2 관계기관에 대한 협조요청
3677,"건설근로자의 고용개선 등에 관한 법률[시행2022. 2. 18.] [법률 제18425호,2021. 8. 60., 타법개정]",제24조 제5장 벌칙
3678,"건설근로자의 고용개선 등에 관한 법률[시행2022. 2. 18.] [법률 제18425호,2021. 8. 61., 타법개정]",제24조 벌칙
3679,"건설근로자의 고용개선 등에 관한 법률[시행2022. 2. 18.] [법률 제18425호,2021. 8. 62., 타법개정]",제25조 양벌규정
3680,"건설근로자의 고용개선 등에 관한 법률[시행2022. 2. 18.] [법률 제18425호,2021. 8. 63., 타법개정]",제26조 과태료
3681,"근로감독관규정[시행2010. 10. 27.] [대통령령 제22465호,2010. 10. 27., 전부개정]",제2조 당연직 근로감독관
3682,"근로감독관규정[시행2010. 10. 27.] [대통령령 제22465호,2010. 10. 28., 전부개정]",제5조 사법경찰리 지명의 추천 등
3683,"근로감독관규정[시행2010. 10. 27.] [대통령령 제22465호,2010. 10. 29., 전부개정]",제1조 목적
3684,"근로감독관규정[시행2010. 10. 27.] [대통령령 제22465호,2010. 10. 30., 전부개정]",제3조 임명직 근로감독관
3685,"근로감독관규정[시행2010. 10. 27.] [대통령령 제22465호,2010. 10. 31., 전부개정]",제6조 활동비 지급
3686,"근로감독관규정[시행2010. 10. 27.] [대통령령 제22465호,2010. 10. 32., 전부개정]",제7조 증표
3687,"근로감독관규정[시행2010. 10. 27.] [대통령령 제22465호,2010. 10. 33., 전부개정]",제4조 근로감독관 임명의 해제
3688,"노동위원회법[시행2022. 5. 19.] [법률 제18179호,2021. 5. 18., 일부개정]",제6조 노동위원회의 구성 등
3689,"노동위원회법[시행2022. 5. 19.] [법률 제18179호,2021. 5. 19., 일부개정]",제15조의2 단독심판 등
3690,"노동위원회법[시행2022. 5. 19.] [법률 제18179호,2021. 5. 20., 일부개정]",제22조 제4장 권한
3691,"노동위원회법[시행2022. 5. 19.] [법률 제18179호,2021. 5. 21., 일부개정]",제28조 비밀엄수 의무 등
3692,"노동위원회법[시행2022. 5. 19.] [법률 제18179호,2021. 5. 22., 일부개정]",제2조 노동위원회의 구분ㆍ소속 등
3693,"노동위원회법[시행2022. 5. 19.] [법률 제18179호,2021. 5. 23., 일부개정]",제11조 상임위원
3694,"노동위원회법[시행2022. 5. 19.] [법률 제18179호,2021. 5. 24., 일부개정]",제16조의3 화해의 권고 등
3695,"노동위원회법[시행2022. 5. 19.] [법률 제18179호,2021. 5. 25., 일부개정]",제23조 위원회의 조사권 등
3696,"노동위원회법[시행2022. 5. 19.] [법률 제18179호,2021. 5. 26., 일부개정]",제33조 과태료
3697,"노동위원회법[시행2022. 5. 19.] [법률 제18179호,2021. 5. 27., 일부개정]",제5조 특별노동위원회의 조직 등
3698,"노동위원회법[시행2022. 5. 19.] [법률 제18179호,2021. 5. 28., 일부개정]",제7조 위원의 임기 등
3699,"노동위원회법[시행2022. 5. 19.] [법률 제18179호,2021. 5. 29., 일부개정]",제14조 사무처와 사무국
3700,"노동위원회법[시행2022. 5. 19.] [법률 제18179호,2021. 5. 30., 일부개정]",제17조의3 공시송달
3701,"노동위원회법[시행2022. 5. 19.] [법률 제18179호,2021. 5. 31., 일부개정]",제26조 중앙노동위원회의 재심권
3702,"노동위원회법[시행2022. 5. 19.] [법률 제18179호,2021. 5. 32., 일부개정]",제15조 회의의 구성 등
3703,"노동위원회법[시행2022. 5. 19.] [법률 제18179호,2021. 5. 33., 일부개정]",제22조 협조 요청 등
3704,"노동위원회법[시행2022. 5. 19.] [법률 제18179호,2021. 5. 34., 일부개정]",제1조 제1장 총칙
3705,"노동위원회법[시행2022. 5. 19.] [법률 제18179호,2021. 5. 35., 일부개정]",제12조 결격사유
3706,"노동위원회법[시행2022. 5. 19.] [법률 제18179호,2021. 5. 36., 일부개정]",제16조 회의의 소집
3707,"노동위원회법[시행2022. 5. 19.] [법률 제18179호,2021. 5. 37., 일부개정]",제21조 위원의 제척ㆍ기피ㆍ회피 등
3708,"노동위원회법[시행2022. 5. 19.] [법률 제18179호,2021. 5. 38., 일부개정]",제31조 벌칙
3709,"노동위원회법[시행2022. 5. 19.] [법률 제18179호,2021. 5. 39., 일부개정]",제4조 노동위원회의 지위 등
3710,"노동위원회법[시행2022. 5. 19.] [법률 제18179호,2021. 5. 40., 일부개정]",제8조 공익위원의 자격기준 등
3711,"노동위원회법[시행2022. 5. 19.] [법률 제18179호,2021. 5. 41., 일부개정]",제13조 위원의 신분보장
3712,"노동위원회법[시행2022. 5. 19.] [법률 제18179호,2021. 5. 42., 일부개정]",제15조의3 「행정심판법」 등의 준용
3713,"노동위원회법[시행2022. 5. 19.] [법률 제18179호,2021. 5. 43., 일부개정]",제2조의2 노동위원회의 소관 사무
3714,"노동위원회법[시행2022. 5. 19.] [법률 제18179호,2021. 5. 44., 일부개정]",제10조 위원장의 직무
3715,"노동위원회법[시행2022. 5. 19.] [법률 제18179호,2021. 5. 45., 일부개정]",제17조의2 의결 결과의 송달 등
3716,"노동위원회법[시행2022. 5. 19.] [법률 제18179호,2021. 5. 46., 일부개정]",제27조 중앙노동위원회의 처분에 대한 소송
3717,"노동위원회법[시행2022. 5. 19.] [법률 제18179호,2021. 5. 47., 일부개정]",제6조 제2장 조직
3718,"노동위원회법[시행2022. 5. 19.] [법률 제18179호,2021. 5. 48., 일부개정]",제15조 제3장 회의
3719,"노동위원회법[시행2022. 5. 19.] [법률 제18179호,2021. 5. 49., 일부개정]",제19조 회의의 공개
3720,"노동위원회법[시행2022. 5. 19.] [법률 제18179호,2021. 5. 50., 일부개정]",제30조 제6장 벌칙
3721,"노동위원회법[시행2022. 5. 19.] [법률 제18179호,2021. 5. 51., 일부개정]",제3조 노동위원회의 관장
3722,"노동위원회법[시행2022. 5. 19.] [법률 제18179호,2021. 5. 52., 일부개정]",제9조 위원장
3723,"노동위원회법[시행2022. 5. 19.] [법률 제18179호,2021. 5. 53., 일부개정]",제16조의2 주심위원
3724,"노동위원회법[시행2022. 5. 19.] [법률 제18179호,2021. 5. 54., 일부개정]",제24조 중앙노동위원회의 지시권 등
3725,"노동위원회법[시행2022. 5. 19.] [법률 제18179호,2021. 5. 55., 일부개정]",제32조 양벌규정
3726,"노동위원회법[시행2022. 5. 19.] [법률 제18179호,2021. 5. 56., 일부개정]",제3조의2 사건의 이송
3727,"노동위원회법[시행2022. 5. 19.] [법률 제18179호,2021. 5. 57., 일부개정]",제14조의3 조사관
3728,"노동위원회법[시행2022. 5. 19.] [법률 제18179호,2021. 5. 58., 일부개정]",제20조 회의의 질서유지
3729,"노동위원회법[시행2022. 5. 19.] [법률 제18179호,2021. 5. 59., 일부개정]",제30조 벌칙
3730,"노동위원회법[시행2022. 5. 19.] [법률 제18179호,2021. 5. 60., 일부개정]",제6조의2 사회취약계층에 대한 권리구제 대리
3731,"노동위원회법[시행2022. 5. 19.] [법률 제18179호,2021. 5. 61., 일부개정]",제14조의2 중앙노동위원회 사무처장
3732,"노동위원회법[시행2022. 5. 19.] [법률 제18179호,2021. 5. 62., 일부개정]",제17조 의결
3733,"노동위원회법[시행2022. 5. 19.] [법률 제18179호,2021. 5. 63., 일부개정]",제25조 중앙노동위원회의 규칙제정권
3734,"국가기술자격법[시행2022. 6. 10.] [법률 제18925호,2022. 6. 10., 일부개정]",제8조 국가기술자격의 조사ㆍ연구
3735,"국가기술자격법[시행2022. 6. 10.] [법률 제18925호,2022. 6. 11., 일부개정]",제15조의3 국가기술자격증 대여 및 대여 알선 조사
3736,"국가기술자격법[시행2022. 6. 10.] [법률 제18925호,2022. 6. 12., 일부개정]",제24조의4 지정교육ㆍ훈련과정 운영 기관에 대한 조사 등
3737,"고용상 연령차별금지 및 고령자고용촉진에 관한 법률[시행2022. 6. 10.] [법률 제18921호,2022. 6. 10., 일부개정]",제4조의6 진정과 권고의 통보
3738,"고용상 연령차별금지 및 고령자고용촉진에 관한 법률[시행2022. 6. 10.] [법률 제18921호,2022. 6. 11., 일부개정]",제11조의2 중견전문인력 고용지원센터의 지정
3739,"고용상 연령차별금지 및 고령자고용촉진에 관한 법률[시행2022. 6. 10.] [법률 제18921호,2022. 6. 12., 일부개정]",제19조 정년
3740,"고용상 연령차별금지 및 고령자고용촉진에 관한 법률[시행2022. 6. 10.] [법률 제18921호,2022. 6. 13., 일부개정]",제24조 과태료
3741,"한국고용노동교육원법[시행2022. 6. 10.] [법률 제18930호,2022. 6. 10., 일부개정]",제3조 설립
3742,"한국고용노동교육원법[시행2022. 6. 10.] [법률 제18930호,2022. 6. 11., 일부개정]",제17조 사업계획서 및 예산서의 승인 등
3743,"한국고용노동교육원법[시행2022. 6. 10.] [법률 제18930호,2022. 6. 12., 일부개정]",제21조 유사명칭의 사용 금지
3744,"국가기술자격법[시행2022. 6. 10.] [법률 제18925호,2022. 6. 10., 일부개정]",제3조 국가 등의 책무
3745,"국가기술자격법[시행2022. 6. 10.] [법률 제18925호,2022. 6. 11., 일부개정]",제14조 국가기술자격 취득자에 대한 우대
3746,"국가기술자격법[시행2022. 6. 10.] [법률 제18925호,2022. 6. 12., 일부개정]",제24조 수탁기관에 대한 평가
3747,"국가기술자격법[시행2022. 6. 10.] [법률 제18925호,2022. 6. 13., 일부개정]",제26조 벌칙
3748,"고용상 연령차별금지 및 고령자고용촉진에 관한 법률[시행2022. 6. 10.] [법률 제18921호,2022. 6. 10., 일부개정]",제4조의8 시정명령 이행상황의 제출요구 등
3749,"고용상 연령차별금지 및 고령자고용촉진에 관한 법률[시행2022. 6. 10.] [법률 제18921호,2022. 6. 11., 일부개정]",제11조의4 고령자 고용촉진을 위한 사업
3750,"고용상 연령차별금지 및 고령자고용촉진에 관한 법률[시행2022. 6. 10.] [법률 제18921호,2022. 6. 12., 일부개정]",제20조 정년제도 운영현황의 제출 등
3751,"한국고용노동교육원법[시행2022. 6. 10.] [법률 제18930호,2022. 6. 10., 일부개정]",제6조 사업
3752,"한국고용노동교육원법[시행2022. 6. 10.] [법률 제18930호,2022. 6. 11., 일부개정]",제19조 직원의 파견 요청 등
3753,"가사근로자의 고용개선 등에 관한 법률 시행규칙[시행2022. 6. 16.] [고용노동부령 제354호,2022. 6. 9., 제정]",제8조 실태조사의 방법 및 대상
3754,"국가기술자격법[시행2022. 6. 10.] [법률 제18925호,2022. 6. 10., 일부개정]",제11조의2 지정교육ㆍ훈련과정 이수자의 자격취득제한
3755,"국가기술자격법[시행2022. 6. 10.] [법률 제18925호,2022. 6. 11., 일부개정]",제21조 국가기술자격의 국가 간 상호 인정
3756,"국가기술자격법[시행2022. 6. 10.] [법률 제18925호,2022. 6. 12., 일부개정]",제26조의2 과태료
3757,"국가기술자격법[시행2022. 6. 10.] [법률 제18925호,2022. 6. 13., 일부개정]",제24조의5 지정교육ㆍ훈련과정 지정의 취소 등
3758,"고용상 연령차별금지 및 고령자고용촉진에 관한 법률[시행2022. 6. 10.] [법률 제18921호,2022. 6. 10., 일부개정]",제2조 정의
3759,"고용상 연령차별금지 및 고령자고용촉진에 관한 법률[시행2022. 6. 10.] [법률 제18921호,2022. 6. 11., 일부개정]",제5조 제2장 정부의 고령자 취업지원
3760,"고용상 연령차별금지 및 고령자고용촉진에 관한 법률[시행2022. 6. 10.] [법률 제18921호,2022. 6. 12., 일부개정]",제13조 사업주의 고령자 고용현황의 제출 등
3761,"고용상 연령차별금지 및 고령자고용촉진에 관한 법률[시행2022. 6. 10.] [법률 제18921호,2022. 6. 13., 일부개정]",제21조의3 퇴직예정자 등에 대한 재취업지원서비스 지원
3762,"고용상 연령차별금지 및 고령자고용촉진에 관한 법률[시행2022. 6. 10.] [법률 제18921호,2022. 6. 14., 일부개정]",제23조의3 벌칙
3763,"한국고용노동교육원법[시행2022. 6. 10.] [법률 제18930호,2022. 6. 10., 일부개정]",제12조 이사회
3764,"한국고용노동교육원법[시행2022. 6. 10.] [법률 제18930호,2022. 6. 10., 일부개정]",제16조 사업연도
3765,"가사근로자의 고용개선 등에 관한 법률 시행규칙[시행2022. 6. 16.] [고용노동부령 제354호,2022. 6. 9., 제정]",제6조 이용계약서 포함사항
3766,"국가기술자격법[시행2022. 6. 10.] [법률 제18925호,2022. 6. 10., 일부개정]",제8조의2 국가기술자격의 운영분야
3767,"국가기술자격법[시행2022. 6. 10.] [법률 제18925호,2022. 6. 10., 일부개정]",제16조 국가기술자격의 취소 등
3768,"국가기술자격법[시행2022. 6. 10.] [법률 제18925호,2022. 6. 10., 일부개정]",제25조 벌칙 적용 시의 공무원 의제
3769,"고용상 연령차별금지 및 고령자고용촉진에 관한 법률[시행2022. 6. 10.] [법률 제18921호,2022. 6. 10., 일부개정]",제1조 목적
3770,"고용상 연령차별금지 및 고령자고용촉진에 관한 법률[시행2022. 6. 10.] [법률 제18921호,2022. 6. 11., 일부개정]",제4조의9 해고나 그 밖의 불리한 처우의 금지
3771,"고용상 연령차별금지 및 고령자고용촉진에 관한 법률[시행2022. 6. 10.] [법률 제18921호,2022. 6. 12., 일부개정]",제12조 사업주의 고령자 고용 노력의무
3772,"고용상 연령차별금지 및 고령자고용촉진에 관한 법률[시행2022. 6. 10.] [법률 제18921호,2022. 6. 13., 일부개정]",제21조 정년퇴직자의 재고용
3773,"한국고용노동교육원법[시행2022. 6. 10.] [법률 제18930호,2022. 6. 10., 일부개정]",제9조 임원의 결격사유
3774,"한국고용노동교육원법[시행2022. 6. 10.] [법률 제18930호,2022. 6. 10., 일부개정]",제22조 「민법」의 준용
3775,"가사근로자의 고용개선 등에 관한 법률 시행규칙[시행2022. 6. 16.] [고용노동부령 제354호,2022. 6. 9., 제정]",제1조 목적
3776,"국가기술자격법[시행2022. 6. 10.] [법률 제18925호,2022. 6. 10., 일부개정]",제10조 국가기술자격의 취득 등
3777,"국가기술자격법[시행2022. 6. 10.] [법률 제18925호,2022. 6. 11., 일부개정]",제17조 청문
3778,"국가기술자격법[시행2022. 6. 10.] [법률 제18925호,2022. 6. 12., 일부개정]",제1조 목적
3779,"고용상 연령차별금지 및 고령자고용촉진에 관한 법률[시행2022. 6. 10.] [법률 제18921호,2022. 6. 10., 일부개정]",제3조 정부의 책무
3780,"고용상 연령차별금지 및 고령자고용촉진에 관한 법률[시행2022. 6. 10.] [법률 제18921호,2022. 6. 11., 일부개정]",제5조 구인ㆍ구직 정보수집
3781,"고용상 연령차별금지 및 고령자고용촉진에 관한 법률[시행2022. 6. 10.] [법률 제18921호,2022. 6. 12., 일부개정]",제1조 제1장 총칙
3782,"고용상 연령차별금지 및 고령자고용촉진에 관한 법률[시행2022. 6. 10.] [법률 제18921호,2022. 6. 13., 일부개정]",제21조의2 정년퇴직자의 재고용 지원
3783,"한국고용노동교육원법[시행2022. 6. 10.] [법률 제18930호,2022. 6. 10., 일부개정]",제8조 임원의 직무
3784,"국가기술자격법[시행2022. 6. 10.] [법률 제18925호,2022. 6. 10., 일부개정]",제4조 사업주 등의 협조
3785,"국가기술자격법[시행2022. 6. 10.] [법률 제18925호,2022. 6. 11., 일부개정]",제7조 국가기술자격 정보체계의 구축 등
3786,"국가기술자격법[시행2022. 6. 10.] [법률 제18925호,2022. 6. 12., 일부개정]",제13조 국가기술자격증
3787,"국가기술자격법[시행2022. 6. 10.] [법률 제18925호,2022. 6. 13., 일부개정]",제23조 권한의 위임ㆍ위탁
3788,"고용상 연령차별금지 및 고령자고용촉진에 관한 법률[시행2022. 6. 10.] [법률 제18921호,2022. 6. 10., 일부개정]",제4조의7 시정명령
3789,"고용상 연령차별금지 및 고령자고용촉진에 관한 법률[시행2022. 6. 10.] [법률 제18921호,2022. 6. 11., 일부개정]",제11조의3 고령자인재은행 및 중견전문인력 고용지원센터의 지정취소 등
3790,"고용상 연령차별금지 및 고령자고용촉진에 관한 법률[시행2022. 6. 10.] [법률 제18921호,2022. 6. 12., 일부개정]",제14조 고령자 고용촉진을 위한 세제지원 등
3791,"고용상 연령차별금지 및 고령자고용촉진에 관한 법률[시행2022. 6. 10.] [법률 제18921호,2022. 6. 13., 일부개정]",제19조의2 정년연장에 따른 임금체계 개편 등
3792,"한국고용노동교육원법[시행2022. 6. 10.] [법률 제18930호,2022. 6. 10., 일부개정]",제1조 목적
3793,"한국고용노동교육원법[시행2022. 6. 10.] [법률 제18930호,2022. 6. 10., 일부개정]",제15조 국유재산의 무상대부 등
3794,"가사근로자의 고용개선 등에 관한 법률 시행규칙[시행2022. 6. 16.] [고용노동부령 제354호,2022. 6. 9., 제정]",제7조 범죄경력조회 관련 서식
3795,"국가기술자격법[시행2022. 6. 10.] [법률 제18925호,2022. 6. 10., 일부개정]",제6조 국가기술자격 정책심의위원회
3796,"국가기술자격법[시행2022. 6. 10.] [법률 제18925호,2022. 6. 10., 일부개정]",제15조의2 국가기술자격 취득자의 교육훈련
3797,"국가기술자격법[시행2022. 6. 10.] [법률 제18925호,2022. 6. 10., 일부개정]",제24조의3 국가기술자격 검정 시설 등의 확보
3798,"고용상 연령차별금지 및 고령자고용촉진에 관한 법률[시행2022. 6. 10.] [법률 제18921호,2022. 6. 10., 일부개정]",제4조의4 제1장의2 고용상 연령차별금지
3799,"고용상 연령차별금지 및 고령자고용촉진에 관한 법률[시행2022. 6. 10.] [법률 제18921호,2022. 6. 10., 일부개정]",제9조 고령자의 취업알선 기능 강화
3800,"고용상 연령차별금지 및 고령자고용촉진에 관한 법률[시행2022. 6. 10.] [법률 제18921호,2022. 6. 10., 일부개정]",제18조 내용 공표 및 취업알선 중단
3801,"고용상 연령차별금지 및 고령자고용촉진에 관한 법률[시행2022. 6. 10.] [법률 제18921호,2022. 6. 10., 일부개정]",제23조의2 권한의 위임
3802,"한국고용노동교육원법[시행2022. 6. 10.] [법률 제18930호,2022. 6. 10., 일부개정]",제5조 정관
3803,"한국고용노동교육원법[시행2022. 6. 10.] [법률 제18930호,2022. 6. 10., 일부개정]",제10조 임직원의 겸직제한
3804,"한국고용노동교육원법[시행2022. 6. 10.] [법률 제18930호,2022. 6. 10., 일부개정]",제23조 벌칙 적용에서 공무원 의제
3805,"가사근로자의 고용개선 등에 관한 법률 시행규칙[시행2022. 6. 16.] [고용노동부령 제354호,2022. 6. 9., 제정]",제3조 인증사항의 변경
3806,"국가기술자격법[시행2022. 6. 10.] [법률 제18925호,2022. 6. 10., 일부개정]",제10조의3 과정이수 및 평가를 통한 국가기술자격 취득종목의 관리
3807,"국가기술자격법[시행2022. 6. 10.] [법률 제18925호,2022. 6. 10., 일부개정]",제20조 민간기술자격의 공인 협의
3808,"고용상 연령차별금지 및 고령자고용촉진에 관한 법률[시행2022. 6. 10.] [법률 제18921호,2022. 6. 10., 일부개정]",제4조의4 모집ㆍ채용 등에서의 연령차별 금지
3809,"고용상 연령차별금지 및 고령자고용촉진에 관한 법률[시행2022. 6. 10.] [법률 제18921호,2022. 6. 10., 일부개정]",제10조 고령자 고용정보센터의 운영
3810,"고용상 연령차별금지 및 고령자고용촉진에 관한 법률[시행2022. 6. 10.] [법률 제18921호,2022. 6. 10., 일부개정]",제19조 제4장 정년
3811,"고용상 연령차별금지 및 고령자고용촉진에 관한 법률[시행2022. 6. 10.] [법률 제18921호,2022. 6. 10., 일부개정]",제23조의4 양벌규정
3812,"한국고용노동교육원법[시행2022. 6. 10.] [법률 제18930호,2022. 6. 10., 일부개정]",제2조 법인격
3813,"한국고용노동교육원법[시행2022. 6. 10.] [법률 제18930호,2022. 6. 10., 일부개정]",제13조 운영재원
3814,"가사근로자의 고용개선 등에 관한 법률 시행규칙[시행2022. 6. 16.] [고용노동부령 제354호,2022. 6. 9., 제정]",제4조 가사서비스 제공기관의 공개사항
3815,"국가기술자격법[시행2022. 6. 10.] [법률 제18925호,2022. 6. 10., 일부개정]",제10조의2 과정이수 및 평가를 통한 국가기술자격 취득종목의 선정
3816,"국가기술자격법[시행2022. 6. 10.] [법률 제18925호,2022. 6. 10., 일부개정]",제19조 유사 자격 등의 검정의 금지
3817,"국가기술자격법[시행2022. 6. 10.] [법률 제18925호,2022. 6. 10., 일부개정]",제25조의3 검정 방해행위 금지
3818,"고용상 연령차별금지 및 고령자고용촉진에 관한 법률[시행2022. 6. 10.] [법률 제18921호,2022. 6. 10., 일부개정]",제4조의3 고령자 고용촉진 기본계획의 수립
3819,"고용상 연령차별금지 및 고령자고용촉진에 관한 법률[시행2022. 6. 10.] [법률 제18921호,2022. 6. 10., 일부개정]",제8조 사업주의 고령자 교육ㆍ훈련 및 작업환경 개선에 대한 지원
3820,"고용상 연령차별금지 및 고령자고용촉진에 관한 법률[시행2022. 6. 10.] [법률 제18921호,2022. 6. 10., 일부개정]",제16조 우선고용직종의 고용
3821,"고용상 연령차별금지 및 고령자고용촉진에 관한 법률[시행2022. 6. 10.] [법률 제18921호,2022. 6. 10., 일부개정]",제23조 제5장 보칙
3822,"한국고용노동교육원법[시행2022. 6. 10.] [법률 제18930호,2022. 6. 10., 일부개정]",제7조 임원의 구성 등
3823,"한국고용노동교육원법[시행2022. 6. 10.] [법률 제18930호,2022. 6. 10., 일부개정]",제20조 비밀 유지
3824,"국가기술자격법[시행2022. 6. 10.] [법률 제18925호,2022. 6. 10., 일부개정]",제5조 국가기술자격제도발전기본계획의 수립
3825,"국가기술자격법[시행2022. 6. 10.] [법률 제18925호,2022. 6. 10., 일부개정]",제15조 국가기술자격 취득자의 의무 등
3826,"국가기술자격법[시행2022. 6. 10.] [법률 제18925호,2022. 6. 10., 일부개정]",제24조의2 수탁기관에 대한 위탁 취소 등
3827,"국가기술자격법[시행2022. 6. 10.] [법률 제18925호,2022. 6. 10., 일부개정]",제25조의4 서류의 보존
3828,"고용상 연령차별금지 및 고령자고용촉진에 관한 법률[시행2022. 6. 10.] [법률 제18921호,2022. 6. 10., 일부개정]",제4조의5 차별금지의 예외
3829,"고용상 연령차별금지 및 고령자고용촉진에 관한 법률[시행2022. 6. 10.] [법률 제18921호,2022. 6. 10., 일부개정]",제11조 고령자인재은행의 지정
3830,"고용상 연령차별금지 및 고령자고용촉진에 관한 법률[시행2022. 6. 10.] [법률 제18921호,2022. 6. 10., 일부개정]",제17조 고용 확대의 요청 등
3831,"고용상 연령차별금지 및 고령자고용촉진에 관한 법률[시행2022. 6. 10.] [법률 제18921호,2022. 6. 10., 일부개정]",제23조 보고와 검사
3832,"한국고용노동교육원법[시행2022. 6. 10.] [법률 제18930호,2022. 6. 10., 일부개정]",제11조 직원의 임면
3833,"한국고용노동교육원법[시행2022. 6. 10.] [법률 제18930호,2022. 6. 10., 일부개정]",제24조 벌칙
3834,"가사근로자의 고용개선 등에 관한 법률 시행규칙[시행2022. 6. 16.] [고용노동부령 제354호,2022. 6. 9., 제정]",제2조 인증 신청 등
3835,"가사근로자의 고용개선 등에 관한 법률 시행규칙[시행2022. 6. 16.] [고용노동부령 제354호,2022. 6. 9., 제정]",제5조 휴업 등의 신고
3836,"국가기술자격법[시행2022. 6. 10.] [법률 제18925호,2022. 6. 10., 일부개정]",제9조 국가기술자격의 등급
3837,"국가기술자격법[시행2022. 6. 10.] [법률 제18925호,2022. 6. 11., 일부개정]",제11조 응시의 제한
3838,"국가기술자격법[시행2022. 6. 10.] [법률 제18925호,2022. 6. 12., 일부개정]",제15조의4 포상금의 지급
3839,"국가기술자격법[시행2022. 6. 10.] [법률 제18925호,2022. 6. 13., 일부개정]",제18조 명칭의 사용금지
3840,"국가기술자격법[시행2022. 6. 10.] [법률 제18925호,2022. 6. 14., 일부개정]",제25조의2 비밀 엄수의 의무
3841,"고용상 연령차별금지 및 고령자고용촉진에 관한 법률[시행2022. 6. 10.] [법률 제18921호,2022. 6. 10., 일부개정]",제4조의2 
3842,"고용상 연령차별금지 및 고령자고용촉진에 관한 법률[시행2022. 6. 10.] [법률 제18921호,2022. 6. 11., 일부개정]",제7조 사업주에 대한 고용지도
3843,"고용상 연령차별금지 및 고령자고용촉진에 관한 법률[시행2022. 6. 10.] [법률 제18921호,2022. 6. 12., 일부개정]",제15조 우선고용직종의 선정 등
3844,"고용상 연령차별금지 및 고령자고용촉진에 관한 법률[시행2022. 6. 10.] [법률 제18921호,2022. 6. 13., 일부개정]",제22조 정년 연장에 대한 지원
3845,"한국고용노동교육원법[시행2022. 6. 10.] [법률 제18930호,2022. 6. 10., 일부개정]",제4조 사무소
3846,"한국고용노동교육원법[시행2022. 6. 10.] [법률 제18930호,2022. 6. 10., 일부개정]",제18조 업무의 지도ㆍ감독 등
3847,"국가기술자격법[시행2022. 6. 10.] [법률 제18925호,2022. 6. 10., 일부개정]",제2조 정의
3848,"국가기술자격법[시행2022. 6. 10.] [법률 제18925호,2022. 6. 11., 일부개정]",제12조 국가기술자격 검정 과목의 면제
3849,"국가기술자격법[시행2022. 6. 10.] [법률 제18925호,2022. 6. 12., 일부개정]",제22조 수수료
3850,"국가기술자격법[시행2022. 6. 10.] [법률 제18925호,2022. 6. 13., 일부개정]",제27조 양벌규정
3851,"고용상 연령차별금지 및 고령자고용촉진에 관한 법률[시행2022. 6. 10.] [법률 제18921호,2022. 6. 10., 일부개정]",제4조 사업주의 책무
3852,"고용상 연령차별금지 및 고령자고용촉진에 관한 법률[시행2022. 6. 10.] [법률 제18921호,2022. 6. 11., 일부개정]",제6조 고령자에 대한 직업능력 개발훈련
3853,"고용상 연령차별금지 및 고령자고용촉진에 관한 법률[시행2022. 6. 10.] [법률 제18921호,2022. 6. 12., 일부개정]",제12조 제3장 고령자의 고용촉진 및 고용안정
3854,"한국고용노동교육원법[시행2022. 6. 10.] [법률 제18930호,2022. 6. 10., 일부개정]",제14조 출연금
3855,"한국고용노동교육원법[시행2022. 6. 10.] [법률 제18930호,2022. 6. 11., 일부개정]",제25조 과태료
3856,"근로자퇴직급여 보장법 시행규칙[시행2022. 7. 12.] [고용노동부령 제359호,2022. 7. 12., 일부개정]",제1조 목적
3857,"근로자퇴직급여 보장법 시행규칙[시행2022. 7. 12.] [고용노동부령 제359호,2022. 7. 13., 일부개정]",제8조의4 사용자에 대한 사전지정운용방법 제시방법 등
3858,"근로자퇴직급여 보장법 시행규칙[시행2022. 7. 12.] [고용노동부령 제359호,2022. 7. 14., 일부개정]",제2조 퇴직연금규약의 신고 등
3859,"근로자퇴직급여 보장법 시행규칙[시행2022. 7. 12.] [고용노동부령 제359호,2022. 7. 15., 일부개정]",제8조의2 위원의 제척ㆍ기피ㆍ회피
3860,"근로자퇴직급여 보장법 시행규칙[시행2022. 7. 12.] [고용노동부령 제359호,2022. 7. 16., 일부개정]",제11조 전문기관에 두는 강사의 자격기준
3861,"근로자퇴직급여 보장법 시행규칙[시행2022. 7. 12.] [고용노동부령 제359호,2022. 7. 17., 일부개정]",제5조 기준책임준비금의 산정방식
3862,"근로자퇴직급여 보장법 시행규칙[시행2022. 7. 12.] [고용노동부령 제359호,2022. 7. 18., 일부개정]",제7조 운용현황의 통지
3863,"근로자퇴직급여 보장법 시행규칙[시행2022. 7. 12.] [고용노동부령 제359호,2022. 7. 19., 일부개정]",제13조 퇴직연금제도의 폐지신고
3864,"근로자퇴직급여 보장법 시행규칙[시행2022. 7. 12.] [고용노동부령 제359호,2022. 7. 20., 일부개정]",제6조의2 지원금의 환수
3865,"근로자퇴직급여 보장법 시행규칙[시행2022. 7. 12.] [고용노동부령 제359호,2022. 7. 21., 일부개정]",제14조 규제의 재검토
3866,"근로자퇴직급여 보장법 시행규칙[시행2022. 7. 12.] [고용노동부령 제359호,2022. 7. 22., 일부개정]",제4조의2 확정급여형퇴직연금제도의 최소적립금 산출
3867,"근로자퇴직급여 보장법 시행규칙[시행2022. 7. 12.] [고용노동부령 제359호,2022. 7. 23., 일부개정]",제10조 위험자산의 범위 및 운용기준
3868,"근로자퇴직급여 보장법 시행규칙[시행2022. 7. 12.] [고용노동부령 제359호,2022. 7. 24., 일부개정]",제4조 
3869,"근로자퇴직급여 보장법 시행규칙[시행2022. 7. 12.] [고용노동부령 제359호,2022. 7. 25., 일부개정]",제9조 퇴직연금사업자 등록취소 등의 기준
3870,"근로자퇴직급여 보장법 시행규칙[시행2022. 7. 12.] [고용노동부령 제359호,2022. 7. 26., 일부개정]",제3조 확정급여형퇴직연금규약의 부담금 산정 및 납입
3871,"근로자퇴직급여 보장법 시행규칙[시행2022. 7. 12.] [고용노동부령 제359호,2022. 7. 27., 일부개정]",제6조 적립금의 산정
3872,"근로자퇴직급여 보장법 시행규칙[시행2022. 7. 12.] [고용노동부령 제359호,2022. 7. 28., 일부개정]",제8조 심의위원회의 구성 등
3873,"근로자퇴직급여 보장법 시행규칙[시행2022. 7. 12.] [고용노동부령 제359호,2022. 7. 29., 일부개정]",제12조 취급실적의 제출
3874,"근로자퇴직급여 보장법 시행규칙[시행2022. 7. 12.] [고용노동부령 제359호,2022. 7. 30., 일부개정]",제8조의3 위원의 해촉
3875,"공인노무사법[시행2022. 12. 11.] [법률 제18923호,2022. 6. 10., 일부개정]",제7조의8 노무법인의 업무집행방법
3876,"공인노무사법[시행2022. 12. 11.] [법률 제18923호,2022. 6. 11., 일부개정]",제14조 비밀 엄수
3877,"공인노무사법[시행2022. 12. 11.] [법률 제18923호,2022. 6. 12., 일부개정]",제24조의2 공인노무사회에의 가입 및 공익활동
3878,"근로자참여 및 협력증진에 관한 법률[시행2022. 12. 11.] [법률 제18927호,2022. 6. 10., 일부개정]",제1조 목적
3879,"근로자참여 및 협력증진에 관한 법률[시행2022. 12. 11.] [법률 제18927호,2022. 6. 11., 일부개정]",제13조의2 
3880,"근로자참여 및 협력증진에 관한 법률[시행2022. 12. 11.] [법률 제18927호,2022. 6. 12., 일부개정]",제23조 의결 사항의 공지
3881,"근로자참여 및 협력증진에 관한 법률[시행2022. 12. 11.] [법률 제18927호,2022. 6. 13., 일부개정]",제26조 고충처리위원
3882,"근로자참여 및 협력증진에 관한 법률 시행령[시행2022. 12. 11.] [대통령령 제32983호,2022. 11. 8., 일부개정]",제8조 고충처리위원의 신분 및 처우
3883,"근로자참여 및 협력증진에 관한 법률 시행령[시행2022. 12. 11.] [대통령령 제32983호,2022. 11. 9., 일부개정]",제11조 과태료의 부과기준
3884,"공인노무사법 시행규칙[시행2022. 12. 30.] [고용노동부령 제375호,2022. 12. 30., 타법개정]",제3조의3 
3885,"공인노무사법 시행규칙[시행2022. 12. 30.] [고용노동부령 제375호,2022. 12. 31., 타법개정]",제10조의2 노무법인 설립인가 신청
3886,"공인노무사법 시행규칙[시행2022. 12. 30.] [고용노동부령 제375호,2022. 12. 32., 타법개정]",제12조의5 
3887,"공인노무사법 시행규칙[시행2022. 12. 30.] [고용노동부령 제375호,2022. 12. 33., 타법개정]",제13조의2 
3888,"공인노무사법[시행2022. 12. 11.] [법률 제18923호,2022. 6. 10., 일부개정]",제3조의2 공인노무사 자격시험
3889,"공인노무사법[시행2022. 12. 11.] [법률 제18923호,2022. 6. 11., 일부개정]",제6조 사무소의 설치 제한
3890,"공인노무사법[시행2022. 12. 11.] [법률 제18923호,2022. 6. 12., 일부개정]",제8조 사무소 명칭 등
3891,"공인노무사법[시행2022. 12. 11.] [법률 제18923호,2022. 6. 13., 일부개정]",제19조 등록의 취소 등
3892,"공인노무사법[시행2022. 12. 11.] [법률 제18923호,2022. 6. 14., 일부개정]",제27조 업무의 제한 등
3893,"공인노무사법[시행2022. 12. 11.] [법률 제18923호,2022. 6. 15., 일부개정]",제30조 과태료
3894,"근로자참여 및 협력증진에 관한 법률[시행2022. 12. 11.] [법률 제18927호,2022. 6. 10., 일부개정]",제9조 위원의 신분
3895,"근로자참여 및 협력증진에 관한 법률[시행2022. 12. 11.] [법률 제18927호,2022. 6. 11., 일부개정]",제1조 제1장 총칙
3896,"근로자참여 및 협력증진에 관한 법률[시행2022. 12. 11.] [법률 제18927호,2022. 6. 12., 일부개정]",제29조 권한의 위임
3897,"근로자참여 및 협력증진에 관한 법률 시행령[시행2022. 12. 11.] [대통령령 제32983호,2022. 11. 8., 일부개정]",제7조 고충처리의 절차
3898,"고용노동부 소관 비상대비에 관한 법률 시행규칙[시행2022. 12. 16.] [고용노동부령 제372호,2022. 12. 16., 일부개정]",제1조 목적
3899,"공인노무사법 시행규칙[시행2022. 12. 30.] [고용노동부령 제375호,2022. 12. 30., 타법개정]",제4조의2 성적의 세부산출방법
3900,"공인노무사법 시행규칙[시행2022. 12. 30.] [고용노동부령 제375호,2022. 12. 31., 타법개정]",제12조의4 
3901,"공인노무사법 시행규칙[시행2022. 12. 30.] [고용노동부령 제375호,2022. 12. 32., 타법개정]",제13조의3 증표
3902,"공인노무사법[시행2022. 12. 11.] [법률 제18923호,2022. 6. 10., 일부개정]",제2조 직무의 범위
3903,"공인노무사법[시행2022. 12. 11.] [법률 제18923호,2022. 6. 11., 일부개정]",제7조 합동사무소
3904,"공인노무사법[시행2022. 12. 11.] [법률 제18923호,2022. 6. 12., 일부개정]",제9조 폐업
3905,"공인노무사법[시행2022. 12. 11.] [법률 제18923호,2022. 6. 13., 일부개정]",제17조 장부의 비치 등
3906,"공인노무사법[시행2022. 12. 11.] [법률 제18923호,2022. 6. 14., 일부개정]",제26조 업무 위탁
3907,"근로자참여 및 협력증진에 관한 법률[시행2022. 12. 11.] [법률 제18927호,2022. 6. 10., 일부개정]",제10조 사용자의 의무
3908,"근로자참여 및 협력증진에 관한 법률[시행2022. 12. 11.] [법률 제18927호,2022. 6. 11., 일부개정]",제19조 회의록 비치
3909,"근로자참여 및 협력증진에 관한 법률 시행령[시행2022. 12. 11.] [대통령령 제32983호,2022. 11. 8., 일부개정]",제9조 대장 비치
3910,"고용노동부 소관 비상대비에 관한 법률 시행규칙[시행2022. 12. 16.] [고용노동부령 제372호,2022. 12. 16., 일부개정]",제4조 중점관리대상업체 지정 및 임무고지서의 발급 등
3911,"공인노무사법 시행규칙[시행2022. 12. 30.] [고용노동부령 제375호,2022. 12. 30., 타법개정]",제4조의3 점수 조정에 따른 합격최저점수의 결정방법
3912,"공인노무사법 시행규칙[시행2022. 12. 30.] [고용노동부령 제375호,2022. 12. 31., 타법개정]",제12조의3 보증보험금의 지급
3913,"공인노무사법[시행2022. 12. 11.] [법률 제18923호,2022. 6. 10., 일부개정]",제4조 결격사유
3914,"공인노무사법[시행2022. 12. 11.] [법률 제18923호,2022. 6. 11., 일부개정]",제7조의7 노무법인의 사무소
3915,"공인노무사법[시행2022. 12. 11.] [법률 제18923호,2022. 6. 12., 일부개정]",제15조 
3916,"공인노무사법[시행2022. 12. 11.] [법률 제18923호,2022. 6. 13., 일부개정]",제24조의3 등록심사위원회
3917,"근로자참여 및 협력증진에 관한 법률[시행2022. 12. 11.] [법률 제18927호,2022. 6. 10., 일부개정]",제3조 정의
3918,"근로자참여 및 협력증진에 관한 법률[시행2022. 12. 11.] [법률 제18927호,2022. 6. 11., 일부개정]",제7조 의장과 간사
3919,"근로자참여 및 협력증진에 관한 법률[시행2022. 12. 11.] [법률 제18927호,2022. 6. 12., 일부개정]",제13조 회의 소집
3920,"근로자참여 및 협력증진에 관한 법률[시행2022. 12. 11.] [법률 제18927호,2022. 6. 13., 일부개정]",제18조 협의회규정
3921,"근로자참여 및 협력증진에 관한 법률[시행2022. 12. 11.] [법률 제18927호,2022. 6. 14., 일부개정]",제29조 제6장 보칙
3922,"근로자참여 및 협력증진에 관한 법률[시행2022. 12. 11.] [법률 제18927호,2022. 6. 15., 일부개정]",제30조 제7장 벌칙
3923,"근로자참여 및 협력증진에 관한 법률 시행령[시행2022. 12. 11.] [대통령령 제32983호,2022. 11. 8., 일부개정]",제6조 회의록 작성
3924,"공인노무사법 시행규칙[시행2022. 12. 30.] [고용노동부령 제375호,2022. 12. 30., 타법개정]",제7조의3 보수교육의 면제
3925,"공인노무사법 시행규칙[시행2022. 12. 30.] [고용노동부령 제375호,2022. 12. 31., 타법개정]",제11조 폐업신고
3926,"공인노무사법 시행규칙[시행2022. 12. 30.] [고용노동부령 제375호,2022. 12. 32., 타법개정]",제14조 
3927,"공인노무사법[시행2022. 12. 11.] [법률 제18923호,2022. 6. 10., 일부개정]",제7조의2 노무법인
3928,"공인노무사법[시행2022. 12. 11.] [법률 제18923호,2022. 6. 11., 일부개정]",제10조 
3929,"공인노무사법[시행2022. 12. 11.] [법률 제18923호,2022. 6. 12., 일부개정]",제20조 징계
3930,"공인노무사법[시행2022. 12. 11.] [법률 제18923호,2022. 6. 13., 일부개정]",제27조의3 규제의 재검토
3931,"근로자참여 및 협력증진에 관한 법률[시행2022. 12. 11.] [법률 제18927호,2022. 6. 10., 일부개정]",제4조 노사협의회의 설치
3932,"근로자참여 및 협력증진에 관한 법률[시행2022. 12. 11.] [법률 제18927호,2022. 6. 11., 일부개정]",제6조 제2장 협의회의 구성
3933,"근로자참여 및 협력증진에 관한 법률[시행2022. 12. 11.] [법률 제18927호,2022. 6. 12., 일부개정]",제15조 정족수
3934,"근로자참여 및 협력증진에 관한 법률[시행2022. 12. 11.] [법률 제18927호,2022. 6. 13., 일부개정]",제26조 제5장 고충처리
3935,"근로자참여 및 협력증진에 관한 법률 시행령[시행2022. 12. 11.] [대통령령 제32983호,2022. 11. 8., 일부개정]",제10조 권한의 위임
3936,"공인노무사법 시행규칙[시행2022. 12. 30.] [고용노동부령 제375호,2022. 12. 30., 타법개정]",제5조 자격증의 발급 신청 등
3937,"공인노무사법 시행규칙[시행2022. 12. 30.] [고용노동부령 제375호,2022. 12. 31., 타법개정]",제10조의3 노무법인의 설립인가 등
3938,"공인노무사법 시행규칙[시행2022. 12. 30.] [고용노동부령 제375호,2022. 12. 32., 타법개정]",제13조의5 
3939,"공인노무사법[시행2022. 12. 11.] [법률 제18923호,2022. 6. 10., 일부개정]",제7조의4 노무법인의 설립 절차 등
3940,"공인노무사법[시행2022. 12. 11.] [법률 제18923호,2022. 6. 11., 일부개정]",제12조의3 관계 장부 등의 열람 신청
3941,"공인노무사법[시행2022. 12. 11.] [법률 제18923호,2022. 6. 12., 일부개정]",제20조의3 자격대여행위 등의 금지
3942,"공인노무사법[시행2022. 12. 11.] [법률 제18923호,2022. 6. 13., 일부개정]",제27조의4 벌칙 적용에서 공무원 의제
3943,"근로자참여 및 협력증진에 관한 법률[시행2022. 12. 11.] [법률 제18927호,2022. 6. 10., 일부개정]",제11조 시정명령
3944,"근로자참여 및 협력증진에 관한 법률[시행2022. 12. 11.] [법률 제18927호,2022. 6. 11., 일부개정]",제20조 제4장 협의회의 임무
3945,"근로자참여 및 협력증진에 관한 법률[시행2022. 12. 11.] [법률 제18927호,2022. 6. 12., 일부개정]",제30조 벌칙
3946,"근로자참여 및 협력증진에 관한 법률 시행령[시행2022. 12. 11.] [대통령령 제32983호,2022. 11. 8., 일부개정]",제1조 목적
3947,"공인노무사법 시행규칙[시행2022. 12. 30.] [고용노동부령 제375호,2022. 12. 30., 타법개정]",제6조의2 등록증 재발급 신청
3948,"공인노무사법 시행규칙[시행2022. 12. 30.] [고용노동부령 제375호,2022. 12. 31., 타법개정]",제10조의5 노무법인 해산신고
3949,"공인노무사법 시행규칙[시행2022. 12. 30.] [고용노동부령 제375호,2022. 12. 32., 타법개정]",제15조 대장의 기록
3950,"공인노무사법[시행2022. 12. 11.] [법률 제18923호,2022. 6. 10., 일부개정]",제3조 자격
3951,"공인노무사법[시행2022. 12. 11.] [법률 제18923호,2022. 6. 11., 일부개정]",제7조의10 준용규정
3952,"공인노무사법[시행2022. 12. 11.] [법률 제18923호,2022. 6. 12., 일부개정]",제18조 감독상의 명령 등
3953,"공인노무사법[시행2022. 12. 11.] [법률 제18923호,2022. 6. 13., 일부개정]",제26조의2 취약계층의 지원 등
3954,"근로자참여 및 협력증진에 관한 법률[시행2022. 12. 11.] [법률 제18927호,2022. 6. 10., 일부개정]",제5조 노동조합과의 관계
3955,"근로자참여 및 협력증진에 관한 법률[시행2022. 12. 11.] [법률 제18927호,2022. 6. 11., 일부개정]",제17조 비밀 유지
3956,"근로자참여 및 협력증진에 관한 법률[시행2022. 12. 11.] [법률 제18927호,2022. 6. 12., 일부개정]",제28조 고충의 처리
3957,"근로자참여 및 협력증진에 관한 법률[시행2022. 12. 11.] [법률 제18927호,2022. 6. 13., 일부개정]",제31조 벌칙
3958,"근로자참여 및 협력증진에 관한 법률 시행령[시행2022. 12. 11.] [대통령령 제32983호,2022. 11. 8., 일부개정]",제4조 보궐위원
3959,"공인노무사법 시행규칙[시행2022. 12. 30.] [고용노동부령 제375호,2022. 12. 30., 타법개정]",제4조 합격자 명부 작성
3960,"공인노무사법 시행규칙[시행2022. 12. 30.] [고용노동부령 제375호,2022. 12. 31., 타법개정]",제13조 장부 등의 비치
3961,"공인노무사법[시행2022. 12. 11.] [법률 제18923호,2022. 6. 10., 일부개정]",제5조 등록
3962,"공인노무사법[시행2022. 12. 11.] [법률 제18923호,2022. 6. 11., 일부개정]",제7조의6 노무법인 인가 취소 등
3963,"공인노무사법[시행2022. 12. 11.] [법률 제18923호,2022. 6. 12., 일부개정]",제12조 품위유지와 성실의무 등
3964,"공인노무사법[시행2022. 12. 11.] [법률 제18923호,2022. 6. 13., 일부개정]",제13조 금지 행위
3965,"공인노무사법[시행2022. 12. 11.] [법률 제18923호,2022. 6. 14., 일부개정]",제20조의2 
3966,"공인노무사법[시행2022. 12. 11.] [법률 제18923호,2022. 6. 15., 일부개정]",제23조 
3967,"공인노무사법[시행2022. 12. 11.] [법률 제18923호,2022. 6. 16., 일부개정]",제27조의2 공인노무사 업무의 소개ㆍ알선 등 제한
3968,"공인노무사법[시행2022. 12. 11.] [법률 제18923호,2022. 6. 17., 일부개정]",제28조 벌칙
3969,"근로자참여 및 협력증진에 관한 법률[시행2022. 12. 11.] [법률 제18927호,2022. 6. 10., 일부개정]",제16조 회의의 공개
3970,"근로자참여 및 협력증진에 관한 법률[시행2022. 12. 11.] [법률 제18927호,2022. 6. 11., 일부개정]",제24조 의결 사항의 이행
3971,"근로자참여 및 협력증진에 관한 법률 시행령[시행2022. 12. 11.] [대통령령 제32983호,2022. 11. 8., 일부개정]",제5조 협의회규정
3972,"공인노무사법 시행규칙[시행2022. 12. 30.] [고용노동부령 제375호,2022. 12. 30., 타법개정]",제1조 목적
3973,"공인노무사법 시행규칙[시행2022. 12. 30.] [고용노동부령 제375호,2022. 12. 31., 타법개정]",제7조 연수교육
3974,"공인노무사법 시행규칙[시행2022. 12. 30.] [고용노동부령 제375호,2022. 12. 32., 타법개정]",제8조 
3975,"공인노무사법 시행규칙[시행2022. 12. 30.] [고용노동부령 제375호,2022. 12. 33., 타법개정]",제12조 기명하거나 날인하는 경우의 표기사항
3976,"공인노무사법 시행규칙[시행2022. 12. 30.] [고용노동부령 제375호,2022. 12. 34., 타법개정]",제17조 
3977,"공인노무사법[시행2022. 12. 11.] [법률 제18923호,2022. 6. 10., 일부개정]",제3조의5 시험부정행위자에 대한 조치
3978,"공인노무사법[시행2022. 12. 11.] [법률 제18923호,2022. 6. 11., 일부개정]",제1조 목적
3979,"공인노무사법[시행2022. 12. 11.] [법률 제18923호,2022. 6. 12., 일부개정]",제21조 
3980,"공인노무사법[시행2022. 12. 11.] [법률 제18923호,2022. 6. 13., 일부개정]",제29조 양벌규정
3981,"근로자참여 및 협력증진에 관한 법률[시행2022. 12. 11.] [법률 제18927호,2022. 6. 10., 일부개정]",제2조 신의성실의 의무
3982,"근로자참여 및 협력증진에 관한 법률[시행2022. 12. 11.] [법률 제18927호,2022. 6. 11., 일부개정]",제8조 위원의 임기
3983,"근로자참여 및 협력증진에 관한 법률[시행2022. 12. 11.] [법률 제18927호,2022. 6. 12., 일부개정]",제21조 의결 사항
3984,"근로자참여 및 협력증진에 관한 법률[시행2022. 12. 11.] [법률 제18927호,2022. 6. 13., 일부개정]",제27조 고충처리위원의 구성 및 임기
3985,"근로자참여 및 협력증진에 관한 법률[시행2022. 12. 11.] [법률 제18927호,2022. 6. 14., 일부개정]",제33조 과태료
3986,"공인노무사법 시행규칙[시행2022. 12. 30.] [고용노동부령 제375호,2022. 12. 30., 타법개정]",제7조의2 보수교육의 절차ㆍ방법
3987,"공인노무사법 시행규칙[시행2022. 12. 30.] [고용노동부령 제375호,2022. 12. 31., 타법개정]",제16조 각종 보고
3988,"공인노무사법[시행2022. 12. 11.] [법률 제18923호,2022. 6. 10., 일부개정]",제7조의3 노무법인의 사원 등
3989,"공인노무사법[시행2022. 12. 11.] [법률 제18923호,2022. 6. 11., 일부개정]",제7조의5 노무법인의 해산
3990,"공인노무사법[시행2022. 12. 11.] [법률 제18923호,2022. 6. 12., 일부개정]",제12조의4 손해배상책임의 보장
3991,"공인노무사법[시행2022. 12. 11.] [법률 제18923호,2022. 6. 13., 일부개정]",제24조 공인노무사회의 설립 등
3992,"근로자참여 및 협력증진에 관한 법률[시행2022. 12. 11.] [법률 제18927호,2022. 6. 10., 일부개정]",제12조 회의
3993,"근로자참여 및 협력증진에 관한 법률[시행2022. 12. 11.] [법률 제18927호,2022. 6. 11., 일부개정]",제22조 보고 사항 등
3994,"근로자참여 및 협력증진에 관한 법률 시행령[시행2022. 12. 11.] [대통령령 제32983호,2022. 11. 8., 일부개정]",제3조 근로자를 대표하는 위원의 입후보 자격
3995,"고용노동부 소관 비상대비에 관한 법률 시행규칙[시행2022. 12. 16.] [고용노동부령 제372호,2022. 12. 16., 일부개정]",제2조 자원조사
3996,"공인노무사법 시행규칙[시행2022. 12. 30.] [고용노동부령 제375호,2022. 12. 30., 타법개정]",제2조 시험의 실시 시기
3997,"공인노무사법 시행규칙[시행2022. 12. 30.] [고용노동부령 제375호,2022. 12. 31., 타법개정]",제2조의2 응시원서
3998,"공인노무사법 시행규칙[시행2022. 12. 30.] [고용노동부령 제375호,2022. 12. 32., 타법개정]",제9조 
3999,"공인노무사법 시행규칙[시행2022. 12. 30.] [고용노동부령 제375호,2022. 12. 33., 타법개정]",제12조의2 보증보험 가입신고
4000,"공인노무사법 시행규칙[시행2022. 12. 30.] [고용노동부령 제375호,2022. 12. 34., 타법개정]",제13조의4 징계 요구 등
4001,"공인노무사법[시행2022. 12. 11.] [법률 제18923호,2022. 6. 10., 일부개정]",제3조의4 공인노무사자격심의ㆍ징계위원회
4002,"공인노무사법[시행2022. 12. 11.] [법률 제18923호,2022. 6. 11., 일부개정]",제5조의2 공인노무사의 교육
4003,"공인노무사법[시행2022. 12. 11.] [법률 제18923호,2022. 6. 12., 일부개정]",제11조 직무보조원
4004,"공인노무사법[시행2022. 12. 11.] [법률 제18923호,2022. 6. 13., 일부개정]",제16조 
4005,"공인노무사법[시행2022. 12. 11.] [법률 제18923호,2022. 6. 14., 일부개정]",제25조 지도ㆍ감독 등
4006,"근로자참여 및 협력증진에 관한 법률[시행2022. 12. 11.] [법률 제18927호,2022. 6. 10., 일부개정]",제6조 협의회의 구성
4007,"근로자참여 및 협력증진에 관한 법률[시행2022. 12. 11.] [법률 제18927호,2022. 6. 11., 일부개정]",제14조 자료의 사전 제공
4008,"근로자참여 및 협력증진에 관한 법률[시행2022. 12. 11.] [법률 제18927호,2022. 6. 12., 일부개정]",제25조 임의 중재
4009,"근로자참여 및 협력증진에 관한 법률 시행령[시행2022. 12. 11.] [대통령령 제32983호,2022. 11. 8., 일부개정]",제2조 설치범위
4010,"고용노동부 소관 비상대비에 관한 법률 시행규칙[시행2022. 12. 16.] [고용노동부령 제372호,2022. 12. 16., 일부개정]",제3조 중점관리대상업체의 범위
4011,"공인노무사법 시행규칙[시행2022. 12. 30.] [고용노동부령 제375호,2022. 12. 30., 타법개정]",제3조의2 수수료의 결정
4012,"공인노무사법 시행규칙[시행2022. 12. 30.] [고용노동부령 제375호,2022. 12. 31., 타법개정]",제6조 직무개시등록신청
4013,"공인노무사법 시행규칙[시행2022. 12. 30.] [고용노동부령 제375호,2022. 12. 32., 타법개정]",제10조의4 정관 변경의 인가 신청등
4014,"공인노무사법 시행규칙[시행2022. 12. 30.] [고용노동부령 제375호,2022. 12. 33., 타법개정]",제11조의2 
4015,"공인노무사법 시행규칙[시행2022. 12. 30.] [고용노동부령 제375호,2022. 12. 34., 타법개정]",제13조의6 취약계층의 지원 등
4016,"공인노무사법[시행2022. 12. 11.] [법률 제18923호,2022. 6. 10., 일부개정]",제3조의3 시험의 일부면제
4017,"공인노무사법[시행2022. 12. 11.] [법률 제18923호,2022. 6. 11., 일부개정]",제7조의9 경업의 금지
4018,"공인노무사법[시행2022. 12. 11.] [법률 제18923호,2022. 6. 12., 일부개정]",제12조의2 
4019,"공인노무사법[시행2022. 12. 11.] [법률 제18923호,2022. 6. 13., 일부개정]",제22조 청문
4020,"공인노무사법[시행2022. 12. 11.] [법률 제18923호,2022. 6. 14., 일부개정]",제31조 권한의 위임
4021,"근로자참여 및 협력증진에 관한 법률[시행2022. 12. 11.] [법률 제18927호,2022. 6. 10., 일부개정]",제12조 제3장 협의회의 운영
4022,"근로자참여 및 협력증진에 관한 법률[시행2022. 12. 11.] [법률 제18927호,2022. 6. 11., 일부개정]",제20조 협의 사항
4023,"근로자참여 및 협력증진에 관한 법률[시행2022. 12. 11.] [법률 제18927호,2022. 6. 12., 일부개정]",제32조 벌칙
4024,"공인노무사법 시행규칙[시행2022. 12. 30.] [고용노동부령 제375호,2022. 12. 30., 타법개정]",제3조 시험의 일부면제 신청 등
4025,"공인노무사법 시행규칙[시행2022. 12. 30.] [고용노동부령 제375호,2022. 12. 31., 타법개정]",제10조 
4026,"외국인근로자의 고용 등에 관한 법률 시행령[시행2023. 2. 3.] [대통령령 제32844호,2022. 8. 2., 일부개정]",제1조 제1장 총칙
4027,"외국인근로자의 고용 등에 관한 법률 시행령[시행2023. 2. 3.] [대통령령 제32844호,2022. 8. 3., 일부개정]",제10조 
4028,"외국인근로자의 고용 등에 관한 법률 시행령[시행2023. 2. 3.] [대통령령 제32844호,2022. 8. 4., 일부개정]",제17조 근로계약의 효력발생 시기 등
4029,"외국인근로자의 고용 등에 관한 법률 시행령[시행2023. 2. 3.] [대통령령 제32844호,2022. 8. 5., 일부개정]",제23조의2 
4030,"외국인근로자의 고용 등에 관한 법률 시행령[시행2023. 2. 3.] [대통령령 제32844호,2022. 8. 6., 일부개정]",제31조의2 고유식별정보의 처리
4031,"외국인근로자의 고용 등에 관한 법률 시행령[시행2023. 2. 3.] [대통령령 제32844호,2022. 8. 7., 일부개정]",제2조 적용 제외 외국인근로자
4032,"외국인근로자의 고용 등에 관한 법률 시행령[시행2023. 2. 3.] [대통령령 제32844호,2022. 8. 8., 일부개정]",제11조 
4033,"외국인근로자의 고용 등에 관한 법률 시행령[시행2023. 2. 3.] [대통령령 제32844호,2022. 8. 9., 일부개정]",제18조의2 외국인 취업교육기관의 지정취소 등
4034,"외국인근로자의 고용 등에 관한 법률 시행령[시행2023. 2. 3.] [대통령령 제32844호,2022. 8. 10., 일부개정]",제25조 외국인근로자 고용의 제한
4035,"외국인근로자의 고용 등에 관한 법률 시행령[시행2023. 2. 3.] [대통령령 제32844호,2022. 8. 11., 일부개정]",제6조 정책위원회의 운영
4036,"외국인근로자의 고용 등에 관한 법률 시행령[시행2023. 2. 3.] [대통령령 제32844호,2022. 8. 12., 일부개정]",제13조의4 고용허가서의 발급요건
4037,"외국인근로자의 고용 등에 관한 법률 시행령[시행2023. 2. 3.] [대통령령 제32844호,2022. 8. 13., 일부개정]",제21조의2 휴면보험금등관리위원회의 구성ㆍ운영 등
4038,"외국인근로자의 고용 등에 관한 법률 시행령[시행2023. 2. 3.] [대통령령 제32844호,2022. 8. 14., 일부개정]",제27조 보증보험의 가입
4039,"외국인근로자의 고용 등에 관한 법률 시행령[시행2023. 2. 3.] [대통령령 제32844호,2022. 8. 15., 일부개정]",제1조 목적
4040,"외국인근로자의 고용 등에 관한 법률 시행령[시행2023. 2. 3.] [대통령령 제32844호,2022. 8. 16., 일부개정]",제13조의2 기능 수준 등의 자격요건 평가
4041,"외국인근로자의 고용 등에 관한 법률 시행령[시행2023. 2. 3.] [대통령령 제32844호,2022. 8. 17., 일부개정]",제20조의2 특례고용가능확인서의 변경 확인
4042,"외국인근로자의 고용 등에 관한 법률 시행령[시행2023. 2. 3.] [대통령령 제32844호,2022. 8. 18., 일부개정]",제29조 외국인근로자 관련 단체 등에 대한 지원
4043,"외국인근로자의 고용 등에 관한 법률 시행령[시행2023. 2. 3.] [대통령령 제32844호,2022. 8. 19., 일부개정]",제4조 정책위원회의 구성
4044,"외국인근로자의 고용 등에 관한 법률 시행령[시행2023. 2. 3.] [대통령령 제32844호,2022. 8. 20., 일부개정]",제13조의3 고용허가 신청 유효기간의 연장
4045,"외국인근로자의 고용 등에 관한 법률 시행령[시행2023. 2. 3.] [대통령령 제32844호,2022. 8. 21., 일부개정]",제21조 출국만기보험ㆍ신탁
4046,"외국인근로자의 고용 등에 관한 법률 시행령[시행2023. 2. 3.] [대통령령 제32844호,2022. 8. 22., 일부개정]",제27조 제4장 외국인근로자의 보호
4047,"외국인근로자의 고용 등에 관한 법률 시행령[시행2023. 2. 3.] [대통령령 제32844호,2022. 8. 23., 일부개정]",제7조 외국인력정책실무위원회의 구성ㆍ운영 등
4048,"외국인근로자의 고용 등에 관한 법률 시행령[시행2023. 2. 3.] [대통령령 제32844호,2022. 8. 24., 일부개정]",제14조 고용허가서의 발급 등
4049,"외국인근로자의 고용 등에 관한 법률 시행령[시행2023. 2. 3.] [대통령령 제32844호,2022. 8. 25., 일부개정]",제21조의3 휴면보험금등 관련 한국산업인력공단의 업무 등
4050,"외국인근로자의 고용 등에 관한 법률 시행령[시행2023. 2. 3.] [대통령령 제32844호,2022. 8. 26., 일부개정]",제28조 상해보험의 가입
4051,"외국인근로자의 고용 등에 관한 법률 시행령[시행2023. 2. 3.] [대통령령 제32844호,2022. 8. 27., 일부개정]",제8조 외국인근로자 도입계획의 공표
4052,"외국인근로자의 고용 등에 관한 법률 시행령[시행2023. 2. 3.] [대통령령 제32844호,2022. 8. 28., 일부개정]",제15조 
4053,"외국인근로자의 고용 등에 관한 법률 시행령[시행2023. 2. 3.] [대통령령 제32844호,2022. 8. 29., 일부개정]",제22조 귀국비용보험ㆍ신탁
4054,"외국인근로자의 고용 등에 관한 법률 시행령[시행2023. 2. 3.] [대통령령 제32844호,2022. 8. 30., 일부개정]",제31조 제5장 보칙
4055,"외국인근로자의 고용 등에 관한 법률 시행령[시행2023. 2. 3.] [대통령령 제32844호,2022. 8. 31., 일부개정]",제3조 외국인력정책위원회의 심의ㆍ의결 사항
4056,"외국인근로자의 고용 등에 관한 법률 시행령[시행2023. 2. 3.] [대통령령 제32844호,2022. 8. 32., 일부개정]",제13조 한국어능력시험
4057,"외국인근로자의 고용 등에 관한 법률 시행령[시행2023. 2. 3.] [대통령령 제32844호,2022. 8. 33., 일부개정]",제21조 제3장 외국인근로자의 고용관리
4058,"외국인근로자의 고용 등에 관한 법률 시행령[시행2023. 2. 3.] [대통령령 제32844호,2022. 8. 34., 일부개정]",제26조의2 기숙사 정보의 제공
4059,"외국인근로자의 고용 등에 관한 법률 시행령[시행2023. 2. 3.] [대통령령 제32844호,2022. 8. 35., 일부개정]",제12조 외국인구직자 명부의 작성
4060,"외국인근로자의 고용 등에 관한 법률 시행령[시행2023. 2. 3.] [대통령령 제32844호,2022. 8. 36., 일부개정]",제20조 특례고용가능확인서의 발급요건 등
4061,"외국인근로자의 고용 등에 관한 법률 시행령[시행2023. 2. 3.] [대통령령 제32844호,2022. 8. 37., 일부개정]",제24조 외국인근로자 고용허가 또는 특례고용가능확인의 취소
4062,"외국인근로자의 고용 등에 관한 법률 시행령[시행2023. 2. 3.] [대통령령 제32844호,2022. 8. 38., 일부개정]",제32조 과태료의 부과기준
4063,"외국인근로자의 고용 등에 관한 법률 시행령[시행2023. 2. 3.] [대통령령 제32844호,2022. 8. 39., 일부개정]",제5조 정책위원회 위원장의 직무
4064,"외국인근로자의 고용 등에 관한 법률 시행령[시행2023. 2. 3.] [대통령령 제32844호,2022. 8. 40., 일부개정]",제18조 외국인 취업교육기관의 지정기준
4065,"외국인근로자의 고용 등에 관한 법률 시행령[시행2023. 2. 3.] [대통령령 제32844호,2022. 8. 41., 일부개정]",제31조의3 
4066,"외국인근로자의 고용 등에 관한 법률 시행령[시행2023. 2. 3.] [대통령령 제32844호,2022. 8. 42., 일부개정]",제12조 제2장 외국인근로자 고용절차
4067,"외국인근로자의 고용 등에 관한 법률 시행령[시행2023. 2. 3.] [대통령령 제32844호,2022. 8. 43., 일부개정]",제19조 외국인근로자 고용 특례의 대상자
4068,"외국인근로자의 고용 등에 관한 법률 시행령[시행2023. 2. 3.] [대통령령 제32844호,2022. 8. 44., 일부개정]",제26조 외국인근로자 관련 사업
4069,"외국인근로자의 고용 등에 관한 법률 시행령[시행2023. 2. 3.] [대통령령 제32844호,2022. 8. 45., 일부개정]",제30조 사업 또는 사업장의 변경
4070,"외국인근로자의 고용 등에 관한 법률 시행령[시행2023. 2. 3.] [대통령령 제32844호,2022. 8. 46., 일부개정]",제9조 조사ㆍ연구사업
4071,"외국인근로자의 고용 등에 관한 법률 시행령[시행2023. 2. 3.] [대통령령 제32844호,2022. 8. 47., 일부개정]",제16조 근로계약 체결의 대행 등
4072,"외국인근로자의 고용 등에 관한 법률 시행령[시행2023. 2. 3.] [대통령령 제32844호,2022. 8. 48., 일부개정]",제23조 외국인근로자의 고용관리
4073,"외국인근로자의 고용 등에 관한 법률 시행령[시행2023. 2. 3.] [대통령령 제32844호,2022. 8. 49., 일부개정]",제31조 권한 등의 위임ㆍ위탁
4074,"외국인근로자의 고용 등에 관한 법률 시행령[시행2023. 2. 3.] [대통령령 제32844호,2022. 8. 50., 일부개정]",제32조 제6장 벌칙
4075,"근로복지기본법[시행2023. 6. 11.] [법률 제18926호,2022. 6. 10., 일부개정]",제13조 세제 지원
4076,"근로복지기본법[시행2023. 6. 11.] [법률 제18926호,2022. 6. 11., 일부개정]",제22조 제2장제3절 근로자 신용보증 지원
4077,"근로복지기본법[시행2023. 6. 11.] [법률 제18926호,2022. 6. 12., 일부개정]",제33조 우리사주조합의 설립
4078,"근로복지기본법[시행2023. 6. 11.] [법률 제18926호,2022. 6. 13., 일부개정]",제40조 우리사주매수선택권 부여의 취소
4079,"근로복지기본법[시행2023. 6. 11.] [법률 제18926호,2022. 6. 14., 일부개정]",제43조의3 예탁 우리사주 대여
4080,"근로복지기본법[시행2023. 6. 11.] [법률 제18926호,2022. 6. 15., 일부개정]",제53조 정관변경
4081,"근로복지기본법[시행2023. 6. 11.] [법률 제18926호,2022. 6. 16., 일부개정]",제67조 기금법인의 부동산 소유
4082,"근로복지기본법[시행2023. 6. 11.] [법률 제18926호,2022. 6. 17., 일부개정]",제83조 근로자지원프로그램
4083,"근로복지기본법[시행2023. 6. 11.] [법률 제18926호,2022. 6. 18., 일부개정]",제86조의11 공동기금법인의 해산사유
4084,"근로복지기본법[시행2023. 6. 11.] [법률 제18926호,2022. 6. 19., 일부개정]",제86조의15 준용
4085,"근로복지기본법[시행2023. 6. 11.] [법률 제18926호,2022. 6. 20., 일부개정]",제93조 지도ㆍ감독 등
4086,"근로자참여 및 협력증진에 관한 법률 시행규칙[시행2023. 6. 8.] [고용노동부령 제381호,2023. 6. 8., 일부개정]",제3조 협의회규정의 제출 등
4087,"근로자참여 및 협력증진에 관한 법률 시행규칙[시행2023. 6. 8.] [고용노동부령 제381호,2023. 6. 9., 일부개정]",제7조 고충사항 접수 및 처리대장의 작성ㆍ비치
4088,"진폐의 예방과 진폐근로자의 보호 등에 관한 법률 시행규칙[시행2023. 6. 30.] [고용노동부령 제383호,2023. 6. 30., 일부개정]",제4조 
4089,"진폐의 예방과 진폐근로자의 보호 등에 관한 법률 시행규칙[시행2023. 6. 30.] [고용노동부령 제383호,2023. 6. 31., 일부개정]",제22조 건강진단기관의 진폐판독위원 위촉
4090,"진폐의 예방과 진폐근로자의 보호 등에 관한 법률 시행규칙[시행2023. 6. 30.] [고용노동부령 제383호,2023. 6. 32., 일부개정]",제29조 요양 대상자에 대한 진폐관리구분판정
4091,"진폐의 예방과 진폐근로자의 보호 등에 관한 법률 시행규칙[시행2023. 6. 30.] [고용노동부령 제383호,2023. 6. 33., 일부개정]",제40조 진폐재해위로금의 신청
4092,"근로복지기본법[시행2023. 6. 11.] [법률 제18926호,2022. 6. 10., 일부개정]",제1조 목적
4093,"근로복지기본법[시행2023. 6. 11.] [법률 제18926호,2022. 6. 11., 일부개정]",제15조 제2장 공공근로복지
4094,"근로복지기본법[시행2023. 6. 11.] [법률 제18926호,2022. 6. 12., 일부개정]",제24조 보증료
4095,"근로복지기본법[시행2023. 6. 11.] [법률 제18926호,2022. 6. 13., 일부개정]",제28조 제2장제4절 근로복지시설 등에 대한 지원
4096,"근로복지기본법[시행2023. 6. 11.] [법률 제18926호,2022. 6. 14., 일부개정]",제35조 우리사주조합의 운영 등
4097,"근로복지기본법[시행2023. 6. 11.] [법률 제18926호,2022. 6. 15., 일부개정]",제45조의2 비상장법인의 우리사주 환매수
4098,"근로복지기본법[시행2023. 6. 11.] [법률 제18926호,2022. 6. 16., 일부개정]",제51조 근로자의 권익보호와 근로조건의 유지
4099,"근로복지기본법[시행2023. 6. 11.] [법률 제18926호,2022. 6. 17., 일부개정]",제66조 기금법인의 관리ㆍ운영사항 공개
4100,"근로복지기본법[시행2023. 6. 11.] [법률 제18926호,2022. 6. 18., 일부개정]",제79조 
4101,"근로복지기본법[시행2023. 6. 11.] [법률 제18926호,2022. 6. 19., 일부개정]",제81조 선택적 복지제도 실시
4102,"근로복지기본법[시행2023. 6. 11.] [법률 제18926호,2022. 6. 20., 일부개정]",제86조의6 기본재산의 공동기금 사업에의 사용
4103,"근로복지기본법[시행2023. 6. 11.] [법률 제18926호,2022. 6. 21., 일부개정]",제90조 근로복지진흥기금의 관리ㆍ운용
4104,"근로자참여 및 협력증진에 관한 법률 시행규칙[시행2023. 6. 8.] [고용노동부령 제381호,2023. 6. 8., 일부개정]",제8조 
4105,"진폐의 예방과 진폐근로자의 보호 등에 관한 법률 시행규칙[시행2023. 6. 30.] [고용노동부령 제383호,2023. 6. 30., 일부개정]",제1조 목적
4106,"진폐의 예방과 진폐근로자의 보호 등에 관한 법률 시행규칙[시행2023. 6. 30.] [고용노동부령 제383호,2023. 6. 31., 일부개정]",제9조 진폐의 예방조치
4107,"진폐의 예방과 진폐근로자의 보호 등에 관한 법률 시행규칙[시행2023. 6. 30.] [고용노동부령 제383호,2023. 6. 32., 일부개정]",제19조 
4108,"진폐의 예방과 진폐근로자의 보호 등에 관한 법률 시행규칙[시행2023. 6. 30.] [고용노동부령 제383호,2023. 6. 33., 일부개정]",제31조 진폐관리구분판정에 대한 심사 청구 등
4109,"진폐의 예방과 진폐근로자의 보호 등에 관한 법률 시행규칙[시행2023. 6. 30.] [고용노동부령 제383호,2023. 6. 34., 일부개정]",제44조 제5장 보칙
4110,"근로복지기본법[시행2023. 6. 11.] [법률 제18926호,2022. 6. 10., 일부개정]",제7조 재원의 조성 등
4111,"근로복지기본법[시행2023. 6. 11.] [법률 제18926호,2022. 6. 11., 일부개정]",제15조 제2장제1절 근로자의 주거안정
4112,"근로복지기본법[시행2023. 6. 11.] [법률 제18926호,2022. 6. 12., 일부개정]",제16조 근로자주택자금의 융자
4113,"근로복지기본법[시행2023. 6. 11.] [법률 제18926호,2022. 6. 13., 일부개정]",제25조 통지의무
4114,"근로복지기본법[시행2023. 6. 11.] [법률 제18926호,2022. 6. 14., 일부개정]",제36조 우리사주조합기금의 조성 및 사용
4115,"근로복지기본법[시행2023. 6. 11.] [법률 제18926호,2022. 6. 15., 일부개정]",제45조 비상장법인의 우리사주의 처분
4116,"근로복지기본법[시행2023. 6. 11.] [법률 제18926호,2022. 6. 16., 일부개정]",제62조 기금법인의 사업
4117,"근로복지기본법[시행2023. 6. 11.] [법률 제18926호,2022. 6. 17., 일부개정]",제74조 합병의 효력발생ㆍ효과
4118,"근로복지기본법[시행2023. 6. 11.] [법률 제18926호,2022. 6. 18., 일부개정]",제76조 분할등에 의한 기금법인의 설립 및 등기
4119,"근로복지기본법[시행2023. 6. 11.] [법률 제18926호,2022. 6. 19., 일부개정]",제86조의4 공동근로복지기금협의회의 구성
4120,"근로복지기본법[시행2023. 6. 11.] [법률 제18926호,2022. 6. 20., 일부개정]",제86조의10 공동기금법인의 분쟁조정
4121,"근로복지기본법[시행2023. 6. 11.] [법률 제18926호,2022. 6. 21., 일부개정]",제87조 제4장 근로복지진흥기금
4122,"근로복지기본법[시행2023. 6. 11.] [법률 제18926호,2022. 6. 22., 일부개정]",제96조 벌칙
4123,"진폐의 예방과 진폐근로자의 보호 등에 관한 법률 시행규칙[시행2023. 6. 30.] [고용노동부령 제383호,2023. 6. 30., 일부개정]",제14조 정기ㆍ임시 및 이직자 건강진단의 절차ㆍ방법 등
4124,"진폐의 예방과 진폐근로자의 보호 등에 관한 법률 시행규칙[시행2023. 6. 30.] [고용노동부령 제383호,2023. 6. 31., 일부개정]",제24조 건강진단기관의 지정취소 등
4125,"진폐의 예방과 진폐근로자의 보호 등에 관한 법률 시행규칙[시행2023. 6. 30.] [고용노동부령 제383호,2023. 6. 32., 일부개정]",제34조 건강관리카드
4126,"진폐의 예방과 진폐근로자의 보호 등에 관한 법률 시행규칙[시행2023. 6. 30.] [고용노동부령 제383호,2023. 6. 33., 일부개정]",제46조 제6장 삭제
4127,"근로복지기본법[시행2023. 6. 11.] [법률 제18926호,2022. 6. 10., 일부개정]",제6조 목적 외 사용금지
4128,"근로복지기본법[시행2023. 6. 11.] [법률 제18926호,2022. 6. 11., 일부개정]",제26조 보증채무의 이행 등
4129,"근로복지기본법[시행2023. 6. 11.] [법률 제18926호,2022. 6. 12., 일부개정]",제37조 우리사주 취득에 따른 계정 관리
4130,"근로복지기본법[시행2023. 6. 11.] [법률 제18926호,2022. 6. 13., 일부개정]",제44조 우리사주의 인출 등
4131,"근로복지기본법[시행2023. 6. 11.] [법률 제18926호,2022. 6. 14., 일부개정]",제52조 법인격 및 설립
4132,"근로복지기본법[시행2023. 6. 11.] [법률 제18926호,2022. 6. 15., 일부개정]",제65조 기금법인의 관리ㆍ운영 서류의 작성 및 보관
4133,"근로복지기본법[시행2023. 6. 11.] [법률 제18926호,2022. 6. 16., 일부개정]",제78조 비밀유지 등
4134,"근로복지기본법[시행2023. 6. 11.] [법률 제18926호,2022. 6. 17., 일부개정]",제84조 성과 배분
4135,"근로복지기본법[시행2023. 6. 11.] [법률 제18926호,2022. 6. 18., 일부개정]",제86조의12 해산한 공동기금법인의 재산처리
4136,"근로복지기본법[시행2023. 6. 11.] [법률 제18926호,2022. 6. 19., 일부개정]",제94조 위임 및 위탁
4137,"진폐의 예방과 진폐근로자의 보호 등에 관한 법률 시행규칙[시행2023. 6. 30.] [고용노동부령 제383호,2023. 6. 30., 일부개정]",제2조 제2장 진폐의 예방
4138,"진폐의 예방과 진폐근로자의 보호 등에 관한 법률 시행규칙[시행2023. 6. 30.] [고용노동부령 제383호,2023. 6. 31., 일부개정]",제11조 제3장제1절 건강진단
4139,"진폐의 예방과 진폐근로자의 보호 등에 관한 법률 시행규칙[시행2023. 6. 30.] [고용노동부령 제383호,2023. 6. 32., 일부개정]",제20조 건강진단기관의 지정 등
4140,"진폐의 예방과 진폐근로자의 보호 등에 관한 법률 시행규칙[시행2023. 6. 30.] [고용노동부령 제383호,2023. 6. 33., 일부개정]",제30조 진폐관리구분의 판정 및 통지
4141,"진폐의 예방과 진폐근로자의 보호 등에 관한 법률 시행규칙[시행2023. 6. 30.] [고용노동부령 제383호,2023. 6. 34., 일부개정]",제41조 
4142,"근로복지기본법[시행2023. 6. 11.] [법률 제18926호,2022. 6. 10., 일부개정]",제12조 융자업무취급기관
4143,"근로복지기본법[시행2023. 6. 11.] [법률 제18926호,2022. 6. 11., 일부개정]",제14조 근로복지종합정보시스템 운영
4144,"근로복지기본법[시행2023. 6. 11.] [법률 제18926호,2022. 6. 12., 일부개정]",제22조 신용보증 지원 및 대상
4145,"근로복지기본법[시행2023. 6. 11.] [법률 제18926호,2022. 6. 13., 일부개정]",제29조 근로복지시설의 운영위탁
4146,"근로복지기본법[시행2023. 6. 11.] [법률 제18926호,2022. 6. 14., 일부개정]",제34조 우리사주조합원의 자격 등
4147,"근로복지기본법[시행2023. 6. 11.] [법률 제18926호,2022. 6. 15., 일부개정]",제47조 우리사주조합의 해산
4148,"근로복지기본법[시행2023. 6. 11.] [법률 제18926호,2022. 6. 16., 일부개정]",제59조 
4149,"근로복지기본법[시행2023. 6. 11.] [법률 제18926호,2022. 6. 17., 일부개정]",제72조 기금법인의 합병
4150,"근로복지기본법[시행2023. 6. 11.] [법률 제18926호,2022. 6. 18., 일부개정]",제77조 분할등의 효력발생ㆍ효과
4151,"근로복지기본법[시행2023. 6. 11.] [법률 제18926호,2022. 6. 19., 일부개정]",제85조 발명ㆍ제안 등에 대한 보상
4152,"근로복지기본법[시행2023. 6. 11.] [법률 제18926호,2022. 6. 20., 일부개정]",제86조의3 공동근로복지기금법인 설립준비위원회 구성
4153,"근로복지기본법[시행2023. 6. 11.] [법률 제18926호,2022. 6. 21., 일부개정]",제88조 근로복지진흥기금의 조성
4154,"근로복지기본법[시행2023. 6. 11.] [법률 제18926호,2022. 6. 22., 일부개정]",제92조 회계처리의 구분 등
4155,"근로복지기본법[시행2023. 6. 11.] [법률 제18926호,2022. 6. 23., 일부개정]",제96조 제6장 벌칙
4156,"근로자참여 및 협력증진에 관한 법률 시행규칙[시행2023. 6. 8.] [고용노동부령 제381호,2023. 6. 8., 일부개정]",제6조 의결된 사항의 공지방법
4157,"진폐의 예방과 진폐근로자의 보호 등에 관한 법률 시행규칙[시행2023. 6. 30.] [고용노동부령 제383호,2023. 6. 30., 일부개정]",제2조 합병증의 범위
4158,"진폐의 예방과 진폐근로자의 보호 등에 관한 법률 시행규칙[시행2023. 6. 30.] [고용노동부령 제383호,2023. 6. 31., 일부개정]",제12조 임시 건강진단 실시 사유
4159,"진폐의 예방과 진폐근로자의 보호 등에 관한 법률 시행규칙[시행2023. 6. 30.] [고용노동부령 제383호,2023. 6. 32., 일부개정]",제21조 
4160,"진폐의 예방과 진폐근로자의 보호 등에 관한 법률 시행규칙[시행2023. 6. 30.] [고용노동부령 제383호,2023. 6. 33., 일부개정]",제37조 진폐전문기관의 지정요건
4161,"근로복지기본법[시행2023. 6. 11.] [법률 제18926호,2022. 6. 10., 일부개정]",제1조 제1장 총칙
4162,"근로복지기본법[시행2023. 6. 11.] [법률 제18926호,2022. 6. 11., 일부개정]",제10조 자료 제공 및 전산망 이용
4163,"근로복지기본법[시행2023. 6. 11.] [법률 제18926호,2022. 6. 12., 일부개정]",제19조 생활안정자금의 지원
4164,"근로복지기본법[시행2023. 6. 11.] [법률 제18926호,2022. 6. 13., 일부개정]",제32조 제3장제1절 우리사주제도
4165,"근로복지기본법[시행2023. 6. 11.] [법률 제18926호,2022. 6. 14., 일부개정]",제42조 우리사주조합의 차입을 통한 우리사주의 취득
4166,"근로복지기본법[시행2023. 6. 11.] [법률 제18926호,2022. 6. 15., 일부개정]",제49조의2 우리사주조합을 통한 회사인수에 관한 특례
4167,"근로복지기본법[시행2023. 6. 11.] [법률 제18926호,2022. 6. 16., 일부개정]",제60조 이사 등의 신분
4168,"근로복지기본법[시행2023. 6. 11.] [법률 제18926호,2022. 6. 17., 일부개정]",제69조 시정명령
4169,"근로복지기본법[시행2023. 6. 11.] [법률 제18926호,2022. 6. 18., 일부개정]",제81조 제3장제3절 선택적 복지제도 및 근로자지원프로그램 등
4170,"근로복지기본법[시행2023. 6. 11.] [법률 제18926호,2022. 6. 19., 일부개정]",제86조의9 개별 참여 사업주의 사업 폐지에 따른 재산처리
4171,"근로복지기본법[시행2023. 6. 11.] [법률 제18926호,2022. 6. 20., 일부개정]",제97조 벌칙
4172,"진폐의 예방과 진폐근로자의 보호 등에 관한 법률 시행규칙[시행2023. 6. 30.] [고용노동부령 제383호,2023. 6. 30., 일부개정]",제5조 
4173,"진폐의 예방과 진폐근로자의 보호 등에 관한 법률 시행규칙[시행2023. 6. 30.] [고용노동부령 제383호,2023. 6. 31., 일부개정]",제15조 이직자 건강진단의 신청 등
4174,"진폐의 예방과 진폐근로자의 보호 등에 관한 법률 시행규칙[시행2023. 6. 30.] [고용노동부령 제383호,2023. 6. 32., 일부개정]",제25조 건강진단 결과의 송부ㆍ제출 등
4175,"진폐의 예방과 진폐근로자의 보호 등에 관한 법률 시행규칙[시행2023. 6. 30.] [고용노동부령 제383호,2023. 6. 33., 일부개정]",제36조 작업전환조치자에 대한 퇴직금 지급 사유
4176,"진폐의 예방과 진폐근로자의 보호 등에 관한 법률 시행규칙[시행2023. 6. 30.] [고용노동부령 제383호,2023. 6. 34., 일부개정]",제43조 작업전환수당 지급기준
4177,"진폐의 예방과 진폐근로자의 보호 등에 관한 법률 시행규칙[시행2023. 6. 30.] [고용노동부령 제383호,2023. 6. 35., 일부개정]",제45조 규제의 재검토
4178,"근로복지기본법[시행2023. 6. 11.] [법률 제18926호,2022. 6. 10., 일부개정]",제4조 국가 또는 지방자치단체의 책무
4179,"근로복지기본법[시행2023. 6. 11.] [법률 제18926호,2022. 6. 11., 일부개정]",제8조 근로복지증진에 관한 중요사항 심의
4180,"근로복지기본법[시행2023. 6. 11.] [법률 제18926호,2022. 6. 12., 일부개정]",제18조 근로자의 이주 등에 대한 지원
4181,"근로복지기본법[시행2023. 6. 11.] [법률 제18926호,2022. 6. 13., 일부개정]",제30조 이용료 등
4182,"근로복지기본법[시행2023. 6. 11.] [법률 제18926호,2022. 6. 14., 일부개정]",제43조 우리사주의 예탁 등
4183,"근로복지기본법[시행2023. 6. 11.] [법률 제18926호,2022. 6. 15., 일부개정]",제48조 우리사주제도 활성화 지원
4184,"근로복지기본법[시행2023. 6. 11.] [법률 제18926호,2022. 6. 16., 일부개정]",제56조 복지기금협의회의 기능
4185,"근로복지기본법[시행2023. 6. 11.] [법률 제18926호,2022. 6. 17., 일부개정]",제61조 사내근로복지기금의 조성
4186,"근로복지기본법[시행2023. 6. 11.] [법률 제18926호,2022. 6. 18., 일부개정]",제73조 합병에 의한 기금법인의 설립 및 등기
4187,"근로복지기본법[시행2023. 6. 11.] [법률 제18926호,2022. 6. 19., 일부개정]",제86조 국가 또는 지방자치단체의 지원
4188,"근로복지기본법[시행2023. 6. 11.] [법률 제18926호,2022. 6. 20., 일부개정]",제86조의13 공동기금법인의 합병
4189,"근로복지기본법[시행2023. 6. 11.] [법률 제18926호,2022. 6. 21., 일부개정]",제95조 반환명령
4190,"근로자참여 및 협력증진에 관한 법률 시행규칙[시행2023. 6. 8.] [고용노동부령 제381호,2023. 6. 8., 일부개정]",제4조 회의록의 작성ㆍ비치
4191,"진폐의 예방과 진폐근로자의 보호 등에 관한 법률 시행규칙[시행2023. 6. 30.] [고용노동부령 제383호,2023. 6. 30., 일부개정]",제7조 
4192,"진폐의 예방과 진폐근로자의 보호 등에 관한 법률 시행규칙[시행2023. 6. 30.] [고용노동부령 제383호,2023. 6. 31., 일부개정]",제18조 
4193,"진폐의 예방과 진폐근로자의 보호 등에 관한 법률 시행규칙[시행2023. 6. 30.] [고용노동부령 제383호,2023. 6. 32., 일부개정]",제26조 건강진단 비용의 산정기준
4194,"진폐의 예방과 진폐근로자의 보호 등에 관한 법률 시행규칙[시행2023. 6. 30.] [고용노동부령 제383호,2023. 6. 33., 일부개정]",제37조 제4장 진폐근로자 보호 사업 등
4195,"근로복지기본법[시행2023. 6. 11.] [법률 제18926호,2022. 6. 10., 일부개정]",제21조 근로자우대저축
4196,"근로복지기본법[시행2023. 6. 11.] [법률 제18926호,2022. 6. 11., 일부개정]",제32조 제3장 기업근로복지
4197,"근로복지기본법[시행2023. 6. 11.] [법률 제18926호,2022. 6. 12., 일부개정]",제50조 사내근로복지기금제도의 목적
4198,"근로복지기본법[시행2023. 6. 11.] [법률 제18926호,2022. 6. 13., 일부개정]",제63조 사내근로복지기금의 운용
4199,"근로복지기본법[시행2023. 6. 11.] [법률 제18926호,2022. 6. 14., 일부개정]",제86조의2 제3장제4절 공동근로복지기금 제도
4200,"근로복지기본법[시행2023. 6. 11.] [법률 제18926호,2022. 6. 15., 일부개정]",제86조의14 공동기금법인의 분할ㆍ분할합병
4201,"근로복지기본법[시행2023. 6. 11.] [법률 제18926호,2022. 6. 16., 일부개정]",제95조의2 특수형태근로종사자 등에 대한 특례
4202,"근로자참여 및 협력증진에 관한 법률 시행규칙[시행2023. 6. 8.] [고용노동부령 제381호,2023. 6. 8., 일부개정]",제2조 노사협의회의 간사
4203,"진폐의 예방과 진폐근로자의 보호 등에 관한 법률 시행규칙[시행2023. 6. 30.] [고용노동부령 제383호,2023. 6. 30., 일부개정]",제11조 채용 시 건강진단의 검사항목
4204,"진폐의 예방과 진폐근로자의 보호 등에 관한 법률 시행규칙[시행2023. 6. 30.] [고용노동부령 제383호,2023. 6. 31., 일부개정]",제16조 건강관리수첩 소지자의 이직자 건강진단
4205,"진폐의 예방과 진폐근로자의 보호 등에 관한 법률 시행규칙[시행2023. 6. 30.] [고용노동부령 제383호,2023. 6. 32., 일부개정]",제28조 진폐관리구분판정
4206,"진폐의 예방과 진폐근로자의 보호 등에 관한 법률 시행규칙[시행2023. 6. 30.] [고용노동부령 제383호,2023. 6. 33., 일부개정]",제38조 진폐전문기관의 지정절차 등
4207,"근로복지기본법[시행2023. 6. 11.] [법률 제18926호,2022. 6. 10., 일부개정]",제3조 근로복지정책의 기본원칙
4208,"근로복지기본법[시행2023. 6. 11.] [법률 제18926호,2022. 6. 11., 일부개정]",제17조 주택구입자금등의 융자
4209,"근로복지기본법[시행2023. 6. 11.] [법률 제18926호,2022. 6. 12., 일부개정]",제23조 보증관계
4210,"근로복지기본법[시행2023. 6. 11.] [법률 제18926호,2022. 6. 13., 일부개정]",제28조 근로복지시설 설치 등의 지원
4211,"근로복지기본법[시행2023. 6. 11.] [법률 제18926호,2022. 6. 14., 일부개정]",제39조 우리사주매수선택권의 부여의 범위 등
4212,"근로복지기본법[시행2023. 6. 11.] [법률 제18926호,2022. 6. 15., 일부개정]",제43조의2 예탁 우리사주의 손실보전거래
4213,"근로복지기본법[시행2023. 6. 11.] [법률 제18926호,2022. 6. 16., 일부개정]",제54조 기금법인의 기관
4214,"근로복지기본법[시행2023. 6. 11.] [법률 제18926호,2022. 6. 17., 일부개정]",제68조 다른 복지와의 관계
4215,"근로복지기본법[시행2023. 6. 11.] [법률 제18926호,2022. 6. 18., 일부개정]",제80조 「민법」의 준용
4216,"근로복지기본법[시행2023. 6. 11.] [법률 제18926호,2022. 6. 19., 일부개정]",제86조의7 공동기금법인에의 중간 참여
4217,"근로복지기본법[시행2023. 6. 11.] [법률 제18926호,2022. 6. 20., 일부개정]",제91조 근로복지진흥기금의 용도
4218,"진폐의 예방과 진폐근로자의 보호 등에 관한 법률 시행규칙[시행2023. 6. 30.] [고용노동부령 제383호,2023. 6. 30., 일부개정]",제8조 
4219,"진폐의 예방과 진폐근로자의 보호 등에 관한 법률 시행규칙[시행2023. 6. 30.] [고용노동부령 제383호,2023. 6. 31., 일부개정]",제27조 건강진단 비용의 청구
4220,"진폐의 예방과 진폐근로자의 보호 등에 관한 법률 시행규칙[시행2023. 6. 30.] [고용노동부령 제383호,2023. 6. 32., 일부개정]",제42조 미지급 위로금의 지급
4221,"진폐의 예방과 진폐근로자의 보호 등에 관한 법률 시행규칙[시행2023. 6. 30.] [고용노동부령 제383호,2023. 6. 33., 일부개정]",제46조 
4222,"근로복지기본법[시행2023. 6. 11.] [법률 제18926호,2022. 6. 10., 일부개정]",제2조 정의
4223,"근로복지기본법[시행2023. 6. 11.] [법률 제18926호,2022. 6. 11., 일부개정]",제9조 기본계획의 수립
4224,"근로복지기본법[시행2023. 6. 11.] [법률 제18926호,2022. 6. 12., 일부개정]",제19조 제2장제2절 근로자의 생활안정 및 재산형성
4225,"근로복지기본법[시행2023. 6. 11.] [법률 제18926호,2022. 6. 13., 일부개정]",제31조 민간복지시설 이용비용의 지원
4226,"근로복지기본법[시행2023. 6. 11.] [법률 제18926호,2022. 6. 14., 일부개정]",제42조의2 우리사주 취득 강요금지 등
4227,"근로복지기본법[시행2023. 6. 11.] [법률 제18926호,2022. 6. 15., 일부개정]",제50조 제3장제2절 사내근로복지기금제도
4228,"근로복지기본법[시행2023. 6. 11.] [법률 제18926호,2022. 6. 16., 일부개정]",제57조 회의록의 작성 및 보관
4229,"근로복지기본법[시행2023. 6. 11.] [법률 제18926호,2022. 6. 17., 일부개정]",제71조 해산한 기금법인의 재산처리
4230,"근로복지기본법[시행2023. 6. 11.] [법률 제18926호,2022. 6. 18., 일부개정]",제82조 선택적 복지제도의 설계ㆍ운영 등
4231,"근로복지기본법[시행2023. 6. 11.] [법률 제18926호,2022. 6. 19., 일부개정]",제86조의5 공동기금제도의 촉진
4232,"근로복지기본법[시행2023. 6. 11.] [법률 제18926호,2022. 6. 20., 일부개정]",제89조 근로복지진흥기금의 회계연도
4233,"근로복지기본법[시행2023. 6. 11.] [법률 제18926호,2022. 6. 21., 일부개정]",제98조 양벌규정
4234,"근로자참여 및 협력증진에 관한 법률 시행규칙[시행2023. 6. 8.] [고용노동부령 제381호,2023. 6. 8., 일부개정]",제5조 사용자의 보고ㆍ설명사항
4235,"진폐의 예방과 진폐근로자의 보호 등에 관한 법률 시행규칙[시행2023. 6. 30.] [고용노동부령 제383호,2023. 6. 30., 일부개정]",제3조 
4236,"진폐의 예방과 진폐근로자의 보호 등에 관한 법률 시행규칙[시행2023. 6. 30.] [고용노동부령 제383호,2023. 6. 31., 일부개정]",제13조 정기ㆍ임시 및 이직자 건강진단의 검사항목 및 대상
4237,"진폐의 예방과 진폐근로자의 보호 등에 관한 법률 시행규칙[시행2023. 6. 30.] [고용노동부령 제383호,2023. 6. 32., 일부개정]",제23조 건강진단기관의 변경사항 신고
4238,"진폐의 예방과 진폐근로자의 보호 등에 관한 법률 시행규칙[시행2023. 6. 30.] [고용노동부령 제383호,2023. 6. 33., 일부개정]",제35조 진폐근로자에 대한 사업주의 조치
4239,"진폐의 예방과 진폐근로자의 보호 등에 관한 법률 시행규칙[시행2023. 6. 30.] [고용노동부령 제383호,2023. 6. 34., 일부개정]",제10조 
4240,"근로복지기본법[시행2023. 6. 11.] [법률 제18926호,2022. 6. 10., 일부개정]",제5조 사업주 및 노동조합의 책무
4241,"근로복지기본법[시행2023. 6. 11.] [법률 제18926호,2022. 6. 11., 일부개정]",제15조 근로자주택공급제도의 운영
4242,"근로복지기본법[시행2023. 6. 11.] [법률 제18926호,2022. 6. 12., 일부개정]",제27조 지연이자
4243,"근로복지기본법[시행2023. 6. 11.] [법률 제18926호,2022. 6. 13., 일부개정]",제38조 우리사주조합원에 대한 우선배정의 범위
4244,"근로복지기본법[시행2023. 6. 11.] [법률 제18926호,2022. 6. 14., 일부개정]",제46조 우리사주 보유에 따른 주주총회의 의결권 행사
4245,"근로복지기본법[시행2023. 6. 11.] [법률 제18926호,2022. 6. 15., 일부개정]",제55조 복지기금협의회의 구성
4246,"근로복지기본법[시행2023. 6. 11.] [법률 제18926호,2022. 6. 16., 일부개정]",제64조 사내근로복지기금의 회계
4247,"근로복지기본법[시행2023. 6. 11.] [법률 제18926호,2022. 6. 17., 일부개정]",제75조 기금법인의 분할ㆍ분할합병
4248,"근로복지기본법[시행2023. 6. 11.] [법률 제18926호,2022. 6. 18., 일부개정]",제86조의2 공동근로복지기금의 조성
4249,"근로복지기본법[시행2023. 6. 11.] [법률 제18926호,2022. 6. 19., 일부개정]",제87조 근로복지진흥기금의 설치
4250,"근로복지기본법[시행2023. 6. 11.] [법률 제18926호,2022. 6. 20., 일부개정]",제93조 제5장 보칙
4251,"진폐의 예방과 진폐근로자의 보호 등에 관한 법률 시행규칙[시행2023. 6. 30.] [고용노동부령 제383호,2023. 6. 30., 일부개정]",제1조 제1장 총칙
4252,"진폐의 예방과 진폐근로자의 보호 등에 관한 법률 시행규칙[시행2023. 6. 30.] [고용노동부령 제383호,2023. 6. 31., 일부개정]",제11조 제3장 건강관리
4253,"진폐의 예방과 진폐근로자의 보호 등에 관한 법률 시행규칙[시행2023. 6. 30.] [고용노동부령 제383호,2023. 6. 32., 일부개정]",제24조의2 건강진단기관에 대한 평가 및 지도ㆍ교육
4254,"진폐의 예방과 진폐근로자의 보호 등에 관한 법률 시행규칙[시행2023. 6. 30.] [고용노동부령 제383호,2023. 6. 33., 일부개정]",제33조 작업전환조치
4255,"진폐의 예방과 진폐근로자의 보호 등에 관한 법률 시행규칙[시행2023. 6. 30.] [고용노동부령 제383호,2023. 6. 34., 일부개정]",제44조 사업주의 도움
4256,"근로복지기본법[시행2023. 6. 11.] [법률 제18926호,2022. 6. 10., 일부개정]",제11조 근로복지사업 추진 협의
4257,"근로복지기본법[시행2023. 6. 11.] [법률 제18926호,2022. 6. 11., 일부개정]",제20조 학자금의 지원 등
4258,"근로복지기본법[시행2023. 6. 11.] [법률 제18926호,2022. 6. 12., 일부개정]",제32조 우리사주제도의 목적
4259,"근로복지기본법[시행2023. 6. 11.] [법률 제18926호,2022. 6. 13., 일부개정]",제41조 우리사주의 우선배정 및 우리사주매수선택권 부여의 제한
4260,"근로복지기본법[시행2023. 6. 11.] [법률 제18926호,2022. 6. 14., 일부개정]",제49조 근로자의 회사인수 지원
4261,"근로복지기본법[시행2023. 6. 11.] [법률 제18926호,2022. 6. 15., 일부개정]",제58조 이사 및 감사
4262,"근로복지기본법[시행2023. 6. 11.] [법률 제18926호,2022. 6. 16., 일부개정]",제70조 기금법인의 해산 사유
4263,"근로복지기본법[시행2023. 6. 11.] [법률 제18926호,2022. 6. 17., 일부개정]",제80조의2 
4264,"근로복지기본법[시행2023. 6. 11.] [법률 제18926호,2022. 6. 18., 일부개정]",제86조의8 공동기금법인의 탈퇴 및 재산처리
4265,"근로복지기본법[시행2023. 6. 11.] [법률 제18926호,2022. 6. 19., 일부개정]",제99조 과태료
4266,"근로자참여 및 협력증진에 관한 법률 시행규칙[시행2023. 6. 8.] [고용노동부령 제381호,2023. 6. 8., 일부개정]",제1조 목적
4267,"진폐의 예방과 진폐근로자의 보호 등에 관한 법률 시행규칙[시행2023. 6. 30.] [고용노동부령 제383호,2023. 6. 30., 일부개정]",제6조 
4268,"진폐의 예방과 진폐근로자의 보호 등에 관한 법률 시행규칙[시행2023. 6. 30.] [고용노동부령 제383호,2023. 6. 31., 일부개정]",제17조 이직자 건강진단의 주기적 실시
4269,"진폐의 예방과 진폐근로자의 보호 등에 관한 법률 시행규칙[시행2023. 6. 30.] [고용노동부령 제383호,2023. 6. 32., 일부개정]",제28조 제3장제2절 진폐근로자의 보호
4270,"진폐의 예방과 진폐근로자의 보호 등에 관한 법률 시행규칙[시행2023. 6. 30.] [고용노동부령 제383호,2023. 6. 33., 일부개정]",제32조 건강관리수첩의 발급 등
4271,"진폐의 예방과 진폐근로자의 보호 등에 관한 법률 시행규칙[시행2023. 6. 30.] [고용노동부령 제383호,2023. 6. 34., 일부개정]",제39조 작업전환수당의 신청
4272,"국민 평생 직업능력 개발법[시행2023. 7. 4.] [법률 제19174호,2023. 1. 3., 일부개정]",제4조 국가 및 사업주 등의 책무
4273,"국민 평생 직업능력 개발법[시행2023. 7. 4.] [법률 제19174호,2023. 1. 4., 일부개정]",제10조의2 감염병에 관한 조치
4274,"국민 평생 직업능력 개발법[시행2023. 7. 4.] [법률 제19174호,2023. 1. 5., 일부개정]",제18조 직업능력개발계좌의 발급 및 운영
4275,"국민 평생 직업능력 개발법[시행2023. 7. 4.] [법률 제19174호,2023. 1. 6., 일부개정]",제26조 직무능력의 인정 등
4276,"국민 평생 직업능력 개발법[시행2023. 7. 4.] [법률 제19174호,2023. 1. 7., 일부개정]",제36조 직업능력개발훈련교사의 양성
4277,"국민 평생 직업능력 개발법[시행2023. 7. 4.] [법률 제19174호,2023. 1. 8., 일부개정]",제40조 과정의 구분 등
4278,"국민 평생 직업능력 개발법[시행2023. 7. 4.] [법률 제19174호,2023. 1. 9., 일부개정]",제49조 인가의 취소 등
4279,"국민 평생 직업능력 개발법[시행2023. 7. 4.] [법률 제19174호,2023. 1. 10., 일부개정]",제52조의2 기술교육대학의 설립ㆍ운영
4280,"국민 평생 직업능력 개발법[시행2023. 7. 4.] [법률 제19174호,2023. 1. 11., 일부개정]",제62조 청문
4281,"숙련기술장려법[시행2023. 7. 18.] [법률 제19559호,2023. 7. 18., 일부개정]",제3조 국가와 지방자치단체의 책무
4282,"숙련기술장려법[시행2023. 7. 18.] [법률 제19559호,2023. 7. 19., 일부개정]",제15조 창업 및 취업의 지원
4283,"숙련기술장려법[시행2023. 7. 18.] [법률 제19559호,2023. 7. 20., 일부개정]",제24조 부정행위자 제재
4284,"국민 평생 직업능력 개발법[시행2023. 7. 4.] [법률 제19174호,2023. 1. 3., 일부개정]",제6조 직업능력개발정보망의 구축
4285,"국민 평생 직업능력 개발법[시행2023. 7. 4.] [법률 제19174호,2023. 1. 4., 일부개정]",제11조의5 직업능력개발정책 등의 심의ㆍ조정
4286,"국민 평생 직업능력 개발법[시행2023. 7. 4.] [법률 제19174호,2023. 1. 5., 일부개정]",제13조 
4287,"국민 평생 직업능력 개발법[시행2023. 7. 4.] [법률 제19174호,2023. 1. 6., 일부개정]",제21조 직업능력개발훈련 위탁 관련 부당한 경제적 이익등의 제공 금지 등
4288,"국민 평생 직업능력 개발법[시행2023. 7. 4.] [법률 제19174호,2023. 1. 7., 일부개정]",제27조 공공직업훈련시설의 설치 등
4289,"국민 평생 직업능력 개발법[시행2023. 7. 4.] [법률 제19174호,2023. 1. 8., 일부개정]",제34조의2 결격사유 확인을 위한 범죄경력조회 등
4290,"국민 평생 직업능력 개발법[시행2023. 7. 4.] [법률 제19174호,2023. 1. 9., 일부개정]",제40조의2 학위전공심화과정의 인가 등
4291,"국민 평생 직업능력 개발법[시행2023. 7. 4.] [법률 제19174호,2023. 1. 10., 일부개정]",제48조 기능대학 및 학생 등에 대한 지원
4292,"국민 평생 직업능력 개발법[시행2023. 7. 4.] [법률 제19174호,2023. 1. 11., 일부개정]",제54조 직업능력개발훈련시설 평가 결과에 따른 차등지원
4293,"숙련기술장려법[시행2023. 7. 18.] [법률 제19559호,2023. 7. 18., 일부개정]",제7조 조사ㆍ연구
4294,"숙련기술장려법[시행2023. 7. 18.] [법률 제19559호,2023. 7. 19., 일부개정]",제13조 숙련기술전수자의 선정 및 지원 등
4295,"숙련기술장려법[시행2023. 7. 18.] [법률 제19559호,2023. 7. 20., 일부개정]",제21조 국제기능올림픽대회
4296,"국민 평생 직업능력 개발법[시행2023. 7. 4.] [법률 제19174호,2023. 1. 3., 일부개정]",제7조 평생 직업능력개발에 관한 조사ㆍ연구
4297,"국민 평생 직업능력 개발법[시행2023. 7. 4.] [법률 제19174호,2023. 1. 4., 일부개정]",제20조 사업주 및 사업주단체등에 대한 직업능력개발 지원
4298,"국민 평생 직업능력 개발법[시행2023. 7. 4.] [법률 제19174호,2023. 1. 5., 일부개정]",제35조의2 직업능력개발훈련과정 강의 제한
4299,"국민 평생 직업능력 개발법[시행2023. 7. 4.] [법률 제19174호,2023. 1. 6., 일부개정]",제51조 유사명칭의 사용금지
4300,"국민 평생 직업능력 개발법[시행2023. 7. 4.] [법률 제19174호,2023. 1. 7., 일부개정]",제59조 업무의 대행
4301,"국민 평생 직업능력 개발법[시행2023. 7. 4.] [법률 제19174호,2023. 1. 8., 일부개정]",제62조의5 벌칙
4302,"숙련기술장려법[시행2023. 7. 18.] [법률 제19559호,2023. 7. 18., 일부개정]",제10조 우수 숙련기술자의 선정 및 우대
4303,"국민 평생 직업능력 개발법[시행2023. 7. 4.] [법률 제19174호,2023. 1. 3., 일부개정]",제9조 훈련계약과 권리ㆍ의무
4304,"국민 평생 직업능력 개발법[시행2023. 7. 4.] [법률 제19174호,2023. 1. 4., 일부개정]",제23조 직업능력개발단체의 직업능력개발사업 지원
4305,"국민 평생 직업능력 개발법[시행2023. 7. 4.] [법률 제19174호,2023. 1. 5., 일부개정]",제25조 제3장의2 개인별 직무능력정보의 제공 및 직무능력의 인정 등
4306,"국민 평생 직업능력 개발법[시행2023. 7. 4.] [법률 제19174호,2023. 1. 6., 일부개정]",제37조 직업능력개발훈련교사등의 능력개발
4307,"국민 평생 직업능력 개발법[시행2023. 7. 4.] [법률 제19174호,2023. 1. 7., 일부개정]",제39조 기능대학의 설립
4308,"국민 평생 직업능력 개발법[시행2023. 7. 4.] [법률 제19174호,2023. 1. 8., 일부개정]",제50조 기능대학에 대한 감독 등
4309,"국민 평생 직업능력 개발법[시행2023. 7. 4.] [법률 제19174호,2023. 1. 9., 일부개정]",제61조 벌칙 적용 시의 공무원 의제
4310,"숙련기술장려법[시행2023. 7. 18.] [법률 제19559호,2023. 7. 18., 일부개정]",제4조 사업주 및 숙련기술자의 책무
4311,"숙련기술장려법[시행2023. 7. 18.] [법률 제19559호,2023. 7. 19., 일부개정]",제23조 민간기능경기대회의 지원
4312,"국민 평생 직업능력 개발법[시행2023. 7. 4.] [법률 제19174호,2023. 1. 3., 일부개정]",제7조의2 직업능력개발훈련의 관리
4313,"국민 평생 직업능력 개발법[시행2023. 7. 4.] [법률 제19174호,2023. 1. 4., 일부개정]",제24조 직업능력개발훈련과정의 인정 및 인정취소 등
4314,"국민 평생 직업능력 개발법[시행2023. 7. 4.] [법률 제19174호,2023. 1. 5., 일부개정]",제38조 직업능력개발훈련의 훈련기준
4315,"국민 평생 직업능력 개발법[시행2023. 7. 4.] [법률 제19174호,2023. 1. 6., 일부개정]",제52조 다른 법률과의 관계
4316,"국민 평생 직업능력 개발법[시행2023. 7. 4.] [법률 제19174호,2023. 1. 7., 일부개정]",제60조 권한의 위임ㆍ위탁
4317,"숙련기술장려법[시행2023. 7. 18.] [법률 제19559호,2023. 7. 18., 일부개정]",제1조 목적
4318,"숙련기술장려법[시행2023. 7. 18.] [법률 제19559호,2023. 7. 19., 일부개정]",제13조의2 이달의 기능한국인 선정 및 지원 등
4319,"숙련기술장려법[시행2023. 7. 18.] [법률 제19559호,2023. 7. 20., 일부개정]",제25조 제4장 보칙 및 벌칙
4320,"국민 평생 직업능력 개발법[시행2023. 7. 4.] [법률 제19174호,2023. 1. 3., 일부개정]",제1조 제1장 총칙
4321,"국민 평생 직업능력 개발법[시행2023. 7. 4.] [법률 제19174호,2023. 1. 4., 일부개정]",제11조 재해 위로금
4322,"국민 평생 직업능력 개발법[시행2023. 7. 4.] [법률 제19174호,2023. 1. 5., 일부개정]",제19조 직업능력개발훈련과정ㆍ계좌적합훈련과정의 인정 및 인정취소 등
4323,"국민 평생 직업능력 개발법[시행2023. 7. 4.] [법률 제19174호,2023. 1. 6., 일부개정]","제27조 제4장 직업능력개발훈련법인, 직업능력개발훈련시설 및 직업능력개발훈련교사 등"
4324,"국민 평생 직업능력 개발법[시행2023. 7. 4.] [법률 제19174호,2023. 1. 7., 일부개정]",제35조 직업능력개발훈련교사의 자격취소 등
4325,"국민 평생 직업능력 개발법[시행2023. 7. 4.] [법률 제19174호,2023. 1. 8., 일부개정]",제40조의3 부설학교
4326,"국민 평생 직업능력 개발법[시행2023. 7. 4.] [법률 제19174호,2023. 1. 9., 일부개정]",제47조 수업료 등
4327,"국민 평생 직업능력 개발법[시행2023. 7. 4.] [법률 제19174호,2023. 1. 10., 일부개정]",제53조 제6장 직업능력개발사업의 평가 및 부정행위의 제재 등
4328,"국민 평생 직업능력 개발법[시행2023. 7. 4.] [법률 제19174호,2023. 1. 11., 일부개정]",제58조 지도ㆍ감독 등
4329,"국민 평생 직업능력 개발법[시행2023. 7. 4.] [법률 제19174호,2023. 1. 12., 일부개정]",제62조의4 벌칙
4330,"숙련기술장려법[시행2023. 7. 18.] [법률 제19559호,2023. 7. 18., 일부개정]",제1조 제1장 총칙
4331,"숙련기술장려법[시행2023. 7. 18.] [법률 제19559호,2023. 7. 19., 일부개정]",제9조 국제협력
4332,"숙련기술장려법[시행2023. 7. 18.] [법률 제19559호,2023. 7. 20., 일부개정]",제12조 대한민국명장의 선정 취소 등
4333,"숙련기술장려법[시행2023. 7. 18.] [법률 제19559호,2023. 7. 21., 일부개정]",제20조 국내기능경기대회
4334,"숙련기술장려법[시행2023. 7. 18.] [법률 제19559호,2023. 7. 22., 일부개정]",제25조 위임 및 위탁
4335,"국민 평생 직업능력 개발법[시행2023. 7. 4.] [법률 제19174호,2023. 1. 3., 일부개정]",제11조의4 국제협력 증진
4336,"국민 평생 직업능력 개발법[시행2023. 7. 4.] [법률 제19174호,2023. 1. 4., 일부개정]",제20조 제3장 사업주 등의 직업능력개발사업 지원 등
4337,"국민 평생 직업능력 개발법[시행2023. 7. 4.] [법률 제19174호,2023. 1. 5., 일부개정]",제28조 지정직업훈련시설
4338,"국민 평생 직업능력 개발법[시행2023. 7. 4.] [법률 제19174호,2023. 1. 6., 일부개정]",제34조 결격사유
4339,"국민 평생 직업능력 개발법[시행2023. 7. 4.] [법률 제19174호,2023. 1. 7., 일부개정]",제41조 학점의 인정 및 학위수여
4340,"국민 평생 직업능력 개발법[시행2023. 7. 4.] [법률 제19174호,2023. 1. 8., 일부개정]",제46조 사업계획의 제출 및 회계연도 등
4341,"국민 평생 직업능력 개발법[시행2023. 7. 4.] [법률 제19174호,2023. 1. 9., 일부개정]",제55조 부정행위에 따른 지원ㆍ융자 또는 수강의 제한
4342,"숙련기술장려법[시행2023. 7. 18.] [법률 제19559호,2023. 7. 18., 일부개정]",제18조의2 숙련기술인의 날
4343,"국민 평생 직업능력 개발법[시행2023. 7. 4.] [법률 제19174호,2023. 1. 3., 일부개정]",제1조 목적
4344,"국민 평생 직업능력 개발법[시행2023. 7. 4.] [법률 제19174호,2023. 1. 4., 일부개정]",제11조의2 공공단체의 직업능력개발사업
4345,"국민 평생 직업능력 개발법[시행2023. 7. 4.] [법률 제19174호,2023. 1. 5., 일부개정]",제22조 산업부문별 직업능력개발사업 지원
4346,"국민 평생 직업능력 개발법[시행2023. 7. 4.] [법률 제19174호,2023. 1. 6., 일부개정]",제30조 훈련비
4347,"국민 평생 직업능력 개발법[시행2023. 7. 4.] [법률 제19174호,2023. 1. 7., 일부개정]",제32조의2 직업능력개발훈련법인 해산의 특례
4348,"국민 평생 직업능력 개발법[시행2023. 7. 4.] [법률 제19174호,2023. 1. 8., 일부개정]",제42조 학칙
4349,"국민 평생 직업능력 개발법[시행2023. 7. 4.] [법률 제19174호,2023. 1. 9., 일부개정]",제57조 신고 포상금
4350,"국민 평생 직업능력 개발법[시행2023. 7. 4.] [법률 제19174호,2023. 1. 10., 일부개정]",제62조의3 벌칙
4351,"숙련기술장려법[시행2023. 7. 18.] [법률 제19559호,2023. 7. 18., 일부개정]",제5조 숙련기술장려기본계획의 수립 및 시행
4352,"숙련기술장려법[시행2023. 7. 18.] [법률 제19559호,2023. 7. 19., 일부개정]",제16조의2 숙련기술 장려 활동 평가 및 지원
4353,"국민 평생 직업능력 개발법[시행2023. 7. 4.] [법률 제19174호,2023. 1. 3., 일부개정]",제5조 직업능력개발기본계획의 수립
4354,"국민 평생 직업능력 개발법[시행2023. 7. 4.] [법률 제19174호,2023. 1. 4., 일부개정]",제10조 훈련수당
4355,"국민 평생 직업능력 개발법[시행2023. 7. 4.] [법률 제19174호,2023. 1. 5., 일부개정]",제16조 직업능력개발훈련의 위탁 등
4356,"국민 평생 직업능력 개발법[시행2023. 7. 4.] [법률 제19174호,2023. 1. 6., 일부개정]",제17조 근로자의 자율적 직업능력개발 지원
4357,"국민 평생 직업능력 개발법[시행2023. 7. 4.] [법률 제19174호,2023. 1. 7., 일부개정]",제25조 개인별 직무능력정보의 수집ㆍ제공 등
4358,"국민 평생 직업능력 개발법[시행2023. 7. 4.] [법률 제19174호,2023. 1. 8., 일부개정]",제29조 결격사유
4359,"국민 평생 직업능력 개발법[시행2023. 7. 4.] [법률 제19174호,2023. 1. 9., 일부개정]",제33조 직업능력개발훈련교사 등
4360,"국민 평생 직업능력 개발법[시행2023. 7. 4.] [법률 제19174호,2023. 1. 10., 일부개정]",제41조의2 학위전공심화과정에 대한 학위수여
4361,"국민 평생 직업능력 개발법[시행2023. 7. 4.] [법률 제19174호,2023. 1. 11., 일부개정]",제45조 교직원의 파견근무 및 시설ㆍ장비의 활용
4362,"국민 평생 직업능력 개발법[시행2023. 7. 4.] [법률 제19174호,2023. 1. 12., 일부개정]",제53조 직업능력개발훈련시설 등에 대한 평가
4363,"국민 평생 직업능력 개발법[시행2023. 7. 4.] [법률 제19174호,2023. 1. 13., 일부개정]",제58조 제7장 보칙 및 벌칙
4364,"국민 평생 직업능력 개발법[시행2023. 7. 4.] [법률 제19174호,2023. 1. 14., 일부개정]",제62조의6 양벌규정
4365,"숙련기술장려법[시행2023. 7. 18.] [법률 제19559호,2023. 7. 18., 일부개정]",제2조 정의
4366,"숙련기술장려법[시행2023. 7. 18.] [법률 제19559호,2023. 7. 19., 일부개정]",제14조 대한민국명장 등의 계속 종사의 지원
4367,"숙련기술장려법[시행2023. 7. 18.] [법률 제19559호,2023. 7. 20., 일부개정]",제16조 사업체의 숙련기술의 향상을 위한 사업의 지원
4368,"숙련기술장려법[시행2023. 7. 18.] [법률 제19559호,2023. 7. 21., 일부개정]",제22조 포상 및 상금
4369,"국민 평생 직업능력 개발법[시행2023. 7. 4.] [법률 제19174호,2023. 1. 3., 일부개정]",제8조 직업능력개발훈련의 표준
4370,"국민 평생 직업능력 개발법[시행2023. 7. 4.] [법률 제19174호,2023. 1. 4., 일부개정]",제23조의2 비용 지원ㆍ융자 관련 서류의 보존
4371,"국민 평생 직업능력 개발법[시행2023. 7. 4.] [법률 제19174호,2023. 1. 5., 일부개정]",제39조 제5장 기능대학 및 기술교육대학 등
4372,"국민 평생 직업능력 개발법[시행2023. 7. 4.] [법률 제19174호,2023. 1. 6., 일부개정]",제49조의2 학위전공심화과정 설치인가의 취소 등
4373,"국민 평생 직업능력 개발법[시행2023. 7. 4.] [법률 제19174호,2023. 1. 7., 일부개정]",제62조의2 규제의 재검토
4374,"숙련기술장려법[시행2023. 7. 18.] [법률 제19559호,2023. 7. 18., 일부개정]",제8조 숙련기술자 등 정보관리체계의 구축ㆍ운영
4375,"숙련기술장려법[시행2023. 7. 18.] [법률 제19559호,2023. 7. 19., 일부개정]",제18조 숙련기술에 대한 사회적 인식 제고
4376,"숙련기술장려법[시행2023. 7. 18.] [법률 제19559호,2023. 7. 20., 일부개정]",제19조 부정행위에 따른 지원의 제한 등
4377,"국민 평생 직업능력 개발법[시행2023. 7. 4.] [법률 제19174호,2023. 1. 3., 일부개정]",제3조 직업능력개발훈련의 기본원칙
4378,"국민 평생 직업능력 개발법[시행2023. 7. 4.] [법률 제19174호,2023. 1. 4., 일부개정]",제12조 제2장 국민의 자율적인 직업능력개발 지원 등
4379,"국민 평생 직업능력 개발법[시행2023. 7. 4.] [법률 제19174호,2023. 1. 5., 일부개정]",제12조 직업능력개발훈련 지원 등
4380,"국민 평생 직업능력 개발법[시행2023. 7. 4.] [법률 제19174호,2023. 1. 6., 일부개정]",제14조 
4381,"국민 평생 직업능력 개발법[시행2023. 7. 4.] [법률 제19174호,2023. 1. 7., 일부개정]",제22조의2 지역인적자원개발위원회의 구성ㆍ운영 등
4382,"국민 평생 직업능력 개발법[시행2023. 7. 4.] [법률 제19174호,2023. 1. 8., 일부개정]",제31조 지정직업훈련시설의 지정취소 등
4383,"국민 평생 직업능력 개발법[시행2023. 7. 4.] [법률 제19174호,2023. 1. 9., 일부개정]",제44조 교원 등의 임용ㆍ정년ㆍ복무 등
4384,"국민 평생 직업능력 개발법[시행2023. 7. 4.] [법률 제19174호,2023. 1. 10., 일부개정]",제56조 부정수급액 등의 반환 및 추가징수
4385,"숙련기술장려법[시행2023. 7. 18.] [법률 제19559호,2023. 7. 18., 일부개정]",제6조 숙련기술 장려를 위한 사업의 재원
4386,"숙련기술장려법[시행2023. 7. 18.] [법률 제19559호,2023. 7. 19., 일부개정]",제17조 민간 숙련기술자단체의 지원
4387,"국민 평생 직업능력 개발법[시행2023. 7. 4.] [법률 제19174호,2023. 1. 3., 일부개정]",제2조 정의
4388,"국민 평생 직업능력 개발법[시행2023. 7. 4.] [법률 제19174호,2023. 1. 4., 일부개정]",제11조의3 소요 재원
4389,"국민 평생 직업능력 개발법[시행2023. 7. 4.] [법률 제19174호,2023. 1. 5., 일부개정]",제15조 국가기간ㆍ전략산업직종에 대한 직업능력개발훈련의 실시
4390,"국민 평생 직업능력 개발법[시행2023. 7. 4.] [법률 제19174호,2023. 1. 6., 일부개정]",제22조의3 지역인적자원개발위원회에 대한 지원 등
4391,"국민 평생 직업능력 개발법[시행2023. 7. 4.] [법률 제19174호,2023. 1. 7., 일부개정]",제32조 직업능력개발훈련법인의 설립 등
4392,"국민 평생 직업능력 개발법[시행2023. 7. 4.] [법률 제19174호,2023. 1. 8., 일부개정]",제43조 교원 등의 종별ㆍ자격 및 정원
4393,"국민 평생 직업능력 개발법[시행2023. 7. 4.] [법률 제19174호,2023. 1. 9., 일부개정]",제56조의2 직업능력개발훈련 위탁계약해지 등의 공표
4394,"국민 평생 직업능력 개발법[시행2023. 7. 4.] [법률 제19174호,2023. 1. 10., 일부개정]",제63조 과태료
4395,"숙련기술장려법[시행2023. 7. 18.] [법률 제19559호,2023. 7. 18., 일부개정]",제10조 제2장 숙련기술 장려를 위한 지원
4396,"숙련기술장려법[시행2023. 7. 18.] [법률 제19559호,2023. 7. 19., 일부개정]",제11조 대한민국명장의 선정 및 우대 등
4397,"숙련기술장려법[시행2023. 7. 18.] [법률 제19559호,2023. 7. 20., 일부개정]",제20조 제3장 기능경기대회 개최 등
4398,"숙련기술장려법[시행2023. 7. 18.] [법률 제19559호,2023. 7. 21., 일부개정]",제26조 과태료
4399,"진폐의 예방과 진폐근로자의 보호 등에 관한 법률[시행2023. 8. 8.] [법률 제19613호,2023. 8. 8., 일부개정]",제10조 제3장제1절 건강진단
4400,"진폐의 예방과 진폐근로자의 보호 등에 관한 법률[시행2023. 8. 8.] [법률 제19613호,2023. 8. 9., 일부개정]",제11조 정기 건강진단
4401,"진폐의 예방과 진폐근로자의 보호 등에 관한 법률[시행2023. 8. 8.] [법률 제19613호,2023. 8. 10., 일부개정]",제21조 진폐근로자에 대한 조치
4402,"진폐의 예방과 진폐근로자의 보호 등에 관한 법률[시행2023. 8. 8.] [법률 제19613호,2023. 8. 11., 일부개정]",제27조 양도 등의 금지
4403,"진폐의 예방과 진폐근로자의 보호 등에 관한 법률[시행2023. 8. 8.] [법률 제19613호,2023. 8. 12., 일부개정]",제32조의3 제6장 벌칙
4404,"진폐의 예방과 진폐근로자의 보호 등에 관한 법률[시행2023. 8. 8.] [법률 제19613호,2023. 8. 13., 일부개정]",제4조 제2장 진폐의 예방
4405,"진폐의 예방과 진폐근로자의 보호 등에 관한 법률[시행2023. 8. 8.] [법률 제19613호,2023. 8. 14., 일부개정]",제13조 이직자 건강진단
4406,"진폐의 예방과 진폐근로자의 보호 등에 관한 법률[시행2023. 8. 8.] [법률 제19613호,2023. 8. 15., 일부개정]",제23조 제4장 진폐근로자 보호 사업 등
4407,"진폐의 예방과 진폐근로자의 보호 등에 관한 법률[시행2023. 8. 8.] [법률 제19613호,2023. 8. 16., 일부개정]",제29조 신고
4408,"진폐의 예방과 진폐근로자의 보호 등에 관한 법률[시행2023. 8. 8.] [법률 제19613호,2023. 8. 17., 일부개정]",제31조의3 청문
4409,"진폐의 예방과 진폐근로자의 보호 등에 관한 법률[시행2023. 8. 8.] [법률 제19613호,2023. 8. 18., 일부개정]",제37조 과태료의 부과ㆍ징수
4410,"진폐의 예방과 진폐근로자의 보호 등에 관한 법률[시행2023. 8. 8.] [법률 제19613호,2023. 8. 19., 일부개정]",제4조 진폐 예방 등에 관한 계획
4411,"진폐의 예방과 진폐근로자의 보호 등에 관한 법률[시행2023. 8. 8.] [법률 제19613호,2023. 8. 20., 일부개정]",제20조 건강관리수첩의 발급
4412,"진폐의 예방과 진폐근로자의 보호 등에 관한 법률[시행2023. 8. 8.] [법률 제19613호,2023. 8. 21., 일부개정]",제27조 제5장 보칙
4413,"진폐의 예방과 진폐근로자의 보호 등에 관한 법률[시행2023. 8. 8.] [법률 제19613호,2023. 8. 22., 일부개정]",제1조 제1장 총칙
4414,"진폐의 예방과 진폐근로자의 보호 등에 관한 법률[시행2023. 8. 8.] [법률 제19613호,2023. 8. 23., 일부개정]",제7조의2 
4415,"진폐의 예방과 진폐근로자의 보호 등에 관한 법률[시행2023. 8. 8.] [법률 제19613호,2023. 8. 24., 일부개정]",제16조 건강진단 결과의 제출 등
4416,"진폐의 예방과 진폐근로자의 보호 등에 관한 법률[시행2023. 8. 8.] [법률 제19613호,2023. 8. 25., 일부개정]",제24조 제4장제2절 진폐위로금의 지급
4417,"진폐의 예방과 진폐근로자의 보호 등에 관한 법률[시행2023. 8. 8.] [법률 제19613호,2023. 8. 26., 일부개정]",제26조 손해배상 청구권 등과의 관계
4418,"진폐의 예방과 진폐근로자의 보호 등에 관한 법률[시행2023. 8. 8.] [법률 제19613호,2023. 8. 27., 일부개정]",제32조의3 벌칙
4419,"진폐의 예방과 진폐근로자의 보호 등에 관한 법률[시행2023. 8. 8.] [법률 제19613호,2023. 8. 28., 일부개정]",제36조 과태료
4420,"진폐의 예방과 진폐근로자의 보호 등에 관한 법률[시행2023. 8. 8.] [법률 제19613호,2023. 8. 29., 일부개정]",제1조 목적
4421,"진폐의 예방과 진폐근로자의 보호 등에 관한 법률[시행2023. 8. 8.] [법률 제19613호,2023. 8. 30., 일부개정]",제10조 채용 시 건강진단
4422,"진폐의 예방과 진폐근로자의 보호 등에 관한 법률[시행2023. 8. 8.] [법률 제19613호,2023. 8. 31., 일부개정]",제15조 건강진단기관
4423,"진폐의 예방과 진폐근로자의 보호 등에 관한 법률[시행2023. 8. 8.] [법률 제19613호,2023. 8. 32., 일부개정]",제28조 시효
4424,"진폐의 예방과 진폐근로자의 보호 등에 관한 법률[시행2023. 8. 8.] [법률 제19613호,2023. 8. 33., 일부개정]",제32조의2 벌칙 적용 시의 공무원 의제
4425,"진폐의 예방과 진폐근로자의 보호 등에 관한 법률[시행2023. 8. 8.] [법률 제19613호,2023. 8. 34., 일부개정]",제8조 진폐의 예방
4426,"진폐의 예방과 진폐근로자의 보호 등에 관한 법률[시행2023. 8. 8.] [법률 제19613호,2023. 8. 35., 일부개정]",제23조 제4장제1절 진폐근로자 보호 사업
4427,"진폐의 예방과 진폐근로자의 보호 등에 관한 법률[시행2023. 8. 8.] [법률 제19613호,2023. 8. 36., 일부개정]",제31조의2 비밀엄수의 의무
4428,"진폐의 예방과 진폐근로자의 보호 등에 관한 법률[시행2023. 8. 8.] [법률 제19613호,2023. 8. 37., 일부개정]",제3조 적용 범위
4429,"진폐의 예방과 진폐근로자의 보호 등에 관한 법률[시행2023. 8. 8.] [법률 제19613호,2023. 8. 38., 일부개정]",제7조 
4430,"진폐의 예방과 진폐근로자의 보호 등에 관한 법률[시행2023. 8. 8.] [법률 제19613호,2023. 8. 39., 일부개정]",제17조 「산업안전보건법」에 따른 건강진단과의 관계
4431,"진폐의 예방과 진폐근로자의 보호 등에 관한 법률[시행2023. 8. 8.] [법률 제19613호,2023. 8. 40., 일부개정]",제24조의2 관계 기관 등에 대한 협조요청
4432,"진폐의 예방과 진폐근로자의 보호 등에 관한 법률[시행2023. 8. 8.] [법률 제19613호,2023. 8. 41., 일부개정]",제34조 벌칙
4433,"진폐의 예방과 진폐근로자의 보호 등에 관한 법률[시행2023. 8. 8.] [법률 제19613호,2023. 8. 42., 일부개정]",제10조 제3장 건강관리
4434,"진폐의 예방과 진폐근로자의 보호 등에 관한 법률[시행2023. 8. 8.] [법률 제19613호,2023. 8. 43., 일부개정]",제18조 제3장제2절 진폐근로자의 보호
4435,"진폐의 예방과 진폐근로자의 보호 등에 관한 법률[시행2023. 8. 8.] [법률 제19613호,2023. 8. 44., 일부개정]",제24조의3 개인정보의 보호
4436,"진폐의 예방과 진폐근로자의 보호 등에 관한 법률[시행2023. 8. 8.] [법률 제19613호,2023. 8. 45., 일부개정]",제33조 벌칙
4437,"진폐의 예방과 진폐근로자의 보호 등에 관한 법률[시행2023. 8. 8.] [법률 제19613호,2023. 8. 46., 일부개정]",제35조 양벌규정
4438,"진폐의 예방과 진폐근로자의 보호 등에 관한 법률[시행2023. 8. 8.] [법률 제19613호,2023. 8. 47., 일부개정]",제9조 교육
4439,"진폐의 예방과 진폐근로자의 보호 등에 관한 법률[시행2023. 8. 8.] [법률 제19613호,2023. 8. 48., 일부개정]",제18조 진폐관리구분의 판정 및 통지
4440,"진폐의 예방과 진폐근로자의 보호 등에 관한 법률[시행2023. 8. 8.] [법률 제19613호,2023. 8. 49., 일부개정]",제25조 위로금의 지급 기준
4441,"진폐의 예방과 진폐근로자의 보호 등에 관한 법률[시행2023. 8. 8.] [법률 제19613호,2023. 8. 50., 일부개정]",제32조 권한의 위임 및 위탁
4442,"진폐의 예방과 진폐근로자의 보호 등에 관한 법률[시행2023. 8. 8.] [법률 제19613호,2023. 8. 51., 일부개정]",제5조 
4443,"진폐의 예방과 진폐근로자의 보호 등에 관한 법률[시행2023. 8. 8.] [법률 제19613호,2023. 8. 52., 일부개정]",제12조 임시 건강진단
4444,"진폐의 예방과 진폐근로자의 보호 등에 관한 법률[시행2023. 8. 8.] [법률 제19613호,2023. 8. 53., 일부개정]",제19조 진폐관리구분판정에 대한 심사 청구
4445,"진폐의 예방과 진폐근로자의 보호 등에 관한 법률[시행2023. 8. 8.] [법률 제19613호,2023. 8. 54., 일부개정]",제24조 진폐위로금의 종류와 지급 사유
4446,"진폐의 예방과 진폐근로자의 보호 등에 관한 법률[시행2023. 8. 8.] [법률 제19613호,2023. 8. 55., 일부개정]",제2조 정의
4447,"진폐의 예방과 진폐근로자의 보호 등에 관한 법률[시행2023. 8. 8.] [법률 제19613호,2023. 8. 56., 일부개정]",제14조 근로자의 건강진단을 받을 의무
4448,"진폐의 예방과 진폐근로자의 보호 등에 관한 법률[시행2023. 8. 8.] [법률 제19613호,2023. 8. 57., 일부개정]",제22조 작업전환조치된 자에 대한 보호
4449,"진폐의 예방과 진폐근로자의 보호 등에 관한 법률[시행2023. 8. 8.] [법률 제19613호,2023. 8. 58., 일부개정]",제30조 기록의 보존
4450,"진폐의 예방과 진폐근로자의 보호 등에 관한 법률[시행2023. 8. 8.] [법률 제19613호,2023. 8. 59., 일부개정]",제6조 진폐심사의사
4451,"진폐의 예방과 진폐근로자의 보호 등에 관한 법률[시행2023. 8. 8.] [법률 제19613호,2023. 8. 60., 일부개정]",제15조의2 건강진단기관에 대한 평가 등
4452,"진폐의 예방과 진폐근로자의 보호 등에 관한 법률[시행2023. 8. 8.] [법률 제19613호,2023. 8. 61., 일부개정]",제23조 진폐근로자 보호 사업
4453,"진폐의 예방과 진폐근로자의 보호 등에 관한 법률[시행2023. 8. 8.] [법률 제19613호,2023. 8. 62., 일부개정]",제31조 보고ㆍ출석 등의 의무
4454,"공무원의 노동조합 설립 및 운영 등에 관한 법률[시행2023. 12. 11.] [법률 제18922호,2022. 6. 10., 일부개정]",제8조 교섭 및 체결 권한 등
4455,"공무원의 노동조합 설립 및 운영 등에 관한 법률[시행2023. 12. 11.] [법률 제18922호,2022. 6. 10., 일부개정]",제11조 쟁의행위의 금지
4456,"교원의 노동조합 설립 및 운영 등에 관한 법률[시행2023. 12. 11.] [법률 제18924호,2022. 6. 10., 일부개정]",제13조 
4457,"공무원의 노동조합 설립 및 운영 등에 관한 법률 시행령[시행2023. 12. 11.] [대통령령 제33903호,2023. 12. 5., 일부개정]",제3조의5 연간 근무시간면제자의 자료 제출
4458,"공무원의 노동조합 설립 및 운영 등에 관한 법률 시행령[시행2023. 12. 11.] [대통령령 제33903호,2023. 12. 5., 일부개정]",제11조 노동쟁의의 조정 또는 중재의 통보 등
4459,"교원의 노동조합 설립 및 운영 등에 관한 법률 시행령[시행2023. 12. 11.] [대통령령 제33904호,2023. 12. 5., 일부개정]",제2조 노동조합 산하조직의 설립신고
4460,"고용정책 기본법 시행규칙[시행2023. 12. 5.] [고용노동부령 제402호,2023. 12. 5., 일부개정]",제5조 고용유지 지원
4461,"청년고용촉진 특별법[시행2023. 12. 31.] [법률 제19940호,2023. 12. 31., 일부개정]",제1조 제1장 총칙
4462,"청년고용촉진 특별법[시행2023. 12. 31.] [법률 제19940호,2023. 12. 31., 일부개정]",제9조 제3장 청년미취업자 등에 대한 직업능력개발훈련
4463,"청년고용촉진 특별법[시행2023. 12. 31.] [법률 제19940호,2023. 12. 31., 일부개정]",제17조의2 업무의 위탁
4464,"공무원의 노동조합 설립 및 운영 등에 관한 법률[시행2023. 12. 11.] [법률 제18922호,2022. 6. 10., 일부개정]",제2조 정의
4465,"공무원의 노동조합 설립 및 운영 등에 관한 법률[시행2023. 12. 11.] [법률 제18922호,2022. 6. 10., 일부개정]",제15조 회의의 운영
4466,"교원의 노동조합 설립 및 운영 등에 관한 법률[시행2023. 12. 11.] [법률 제18924호,2022. 6. 10., 일부개정]",제2조 정의
4467,"교원의 노동조합 설립 및 운영 등에 관한 법률[시행2023. 12. 11.] [법률 제18924호,2022. 6. 10., 일부개정]",제6조 교섭 및 체결 권한 등
4468,"공무원의 노동조합 설립 및 운영 등에 관한 법률 시행령[시행2023. 12. 11.] [대통령령 제33903호,2023. 12. 5., 일부개정]",제5조 교섭권 위임사실 등의 통보
4469,"교원의 노동조합 설립 및 운영 등에 관한 법률 시행령[시행2023. 12. 11.] [대통령령 제33904호,2023. 12. 5., 일부개정]",제7조 수당 등의 지급
4470,"고용정책 기본법 시행규칙[시행2023. 12. 5.] [고용노동부령 제402호,2023. 12. 5., 일부개정]",제1조 목적
4471,"청년고용촉진 특별법[시행2023. 12. 31.] [법률 제19940호,2023. 12. 31., 일부개정]",제8조의4 취업에 어려움을 겪는 청년에 대한 고용지원서비스 제공
4472,"청년고용촉진 특별법[시행2023. 12. 31.] [법률 제19940호,2023. 12. 31., 일부개정]",제17조의2 제5장 보칙
4473,"공무원의 노동조합 설립 및 운영 등에 관한 법률[시행2023. 12. 11.] [법률 제18922호,2022. 6. 10., 일부개정]",제7조의3 근무시간 면제 사용의 정보 공개
4474,"교원의 노동조합 설립 및 운영 등에 관한 법률[시행2023. 12. 11.] [법률 제18924호,2022. 6. 10., 일부개정]",제5조의2 근무시간 면제자 등
4475,"공무원의 노동조합 설립 및 운영 등에 관한 법률 시행령[시행2023. 12. 11.] [대통령령 제33903호,2023. 12. 5., 일부개정]",제3조의6 근무시간 면제 사용 정보의 공개 방법 등
4476,"공무원의 노동조합 설립 및 운영 등에 관한 법률 시행령[시행2023. 12. 11.] [대통령령 제33903호,2023. 12. 5., 일부개정]",제12조 공무원 노동관계 조정위원회의 구성
4477,"교원의 노동조합 설립 및 운영 등에 관한 법률 시행령[시행2023. 12. 11.] [대통령령 제33904호,2023. 12. 5., 일부개정]",제2조의2 근무시간 면제 절차
4478,"교원의 노동조합 설립 및 운영 등에 관한 법률 시행령[시행2023. 12. 11.] [대통령령 제33904호,2023. 12. 5., 일부개정]",제8조 
4479,"고용정책 기본법 시행규칙[시행2023. 12. 5.] [고용노동부령 제402호,2023. 12. 5., 일부개정]",제6조 대량 고용변동의 신고 등
4480,"청년고용촉진 특별법[시행2023. 12. 31.] [법률 제19940호,2023. 12. 31., 일부개정]",제5조 공공기관의 청년 미취업자 고용 의무
4481,"청년고용촉진 특별법[시행2023. 12. 31.] [법률 제19940호,2023. 12. 31., 일부개정]",제15조 
4482,"공무원의 노동조합 설립 및 운영 등에 관한 법률[시행2023. 12. 11.] [법률 제18922호,2022. 6. 10., 일부개정]",제10조 단체협약의 효력
4483,"공무원의 노동조합 설립 및 운영 등에 관한 법률[시행2023. 12. 11.] [법률 제18922호,2022. 6. 10., 일부개정]",제16조 중재재정의 확정 등
4484,"교원의 노동조합 설립 및 운영 등에 관한 법률[시행2023. 12. 11.] [법률 제18924호,2022. 6. 10., 일부개정]",제4조의2 가입 범위
4485,"교원의 노동조합 설립 및 운영 등에 관한 법률[시행2023. 12. 11.] [법률 제18924호,2022. 6. 10., 일부개정]",제11조 교원 노동관계 조정위원회의 구성
4486,"공무원의 노동조합 설립 및 운영 등에 관한 법률 시행령[시행2023. 12. 11.] [대통령령 제33903호,2023. 12. 5., 일부개정]",제2조 산하조직 설치사실의 통보
4487,"공무원의 노동조합 설립 및 운영 등에 관한 법률 시행령[시행2023. 12. 11.] [대통령령 제33903호,2023. 12. 5., 일부개정]",제6조 교섭 요구의 시기
4488,"교원의 노동조합 설립 및 운영 등에 관한 법률 시행령[시행2023. 12. 11.] [대통령령 제33904호,2023. 12. 5., 일부개정]",제2조의6 근무시간 면제 사용 정보의 공개 방법 등
4489,"고용정책 기본법 시행규칙[시행2023. 12. 5.] [고용노동부령 제402호,2023. 12. 5., 일부개정]",제2조 지역 일자리 창출대책의 운영 등
4490,"청년고용촉진 특별법[시행2023. 12. 31.] [법률 제19940호,2023. 12. 31., 일부개정]",제5조 제2장 청년 미취업자에 대한 고용 확대 및 직업 지도 등
4491,"청년고용촉진 특별법[시행2023. 12. 31.] [법률 제19940호,2023. 12. 32., 일부개정]",제8조 청년 미취업자 고용 확대 계획의 수립 등
4492,"청년고용촉진 특별법[시행2023. 12. 31.] [법률 제19940호,2023. 12. 33., 일부개정]",제10조 기업 또는 민간 직업훈련기관의 직업능력개발훈련 지원
4493,"청년고용촉진 특별법[시행2023. 12. 31.] [법률 제19940호,2023. 12. 34., 일부개정]",제19조 과태료
4494,"공무원의 노동조합 설립 및 운영 등에 관한 법률[시행2023. 12. 11.] [법률 제18922호,2022. 6. 10., 일부개정]",제5조 노동조합의 설립
4495,"교원의 노동조합 설립 및 운영 등에 관한 법률[시행2023. 12. 11.] [법률 제18924호,2022. 6. 10., 일부개정]",제5조 노동조합 전임자의 지위
4496,"교원의 노동조합 설립 및 운영 등에 관한 법률[시행2023. 12. 11.] [법률 제18924호,2022. 6. 11., 일부개정]",제8조 쟁의행위의 금지
4497,"교원의 노동조합 설립 및 운영 등에 관한 법률[시행2023. 12. 11.] [법률 제18924호,2022. 6. 12., 일부개정]",제15조 벌칙
4498,"공무원의 노동조합 설립 및 운영 등에 관한 법률 시행령[시행2023. 12. 11.] [대통령령 제33903호,2023. 12. 5., 일부개정]",제3조의7 근무시간면제자에 대한 복무 및 보수 등
4499,"공무원의 노동조합 설립 및 운영 등에 관한 법률 시행령[시행2023. 12. 11.] [대통령령 제33903호,2023. 12. 5., 일부개정]",제1조 목적
4500,"교원의 노동조합 설립 및 운영 등에 관한 법률 시행령[시행2023. 12. 11.] [대통령령 제33904호,2023. 12. 5., 일부개정]",제3조의2 교섭위원의 선임
4501,"고용정책 기본법 시행규칙[시행2023. 12. 5.] [고용노동부령 제402호,2023. 12. 5., 일부개정]",제7조 규제의 재검토
4502,"청년고용촉진 특별법[시행2023. 12. 31.] [법률 제19940호,2023. 12. 31., 일부개정]",제4조 청년고용촉진특별위원회 설치 등
4503,"청년고용촉진 특별법[시행2023. 12. 31.] [법률 제19940호,2023. 12. 31., 일부개정]",제14조 제4장 정부의 행정지원체계
4504,"공무원의 노동조합 설립 및 운영 등에 관한 법률[시행2023. 12. 11.] [법률 제18922호,2022. 6. 10., 일부개정]",제4조 정치활동의 금지
4505,"공무원의 노동조합 설립 및 운영 등에 관한 법률[시행2023. 12. 11.] [법률 제18922호,2022. 6. 10., 일부개정]",제18조 벌칙
4506,"교원의 노동조합 설립 및 운영 등에 관한 법률[시행2023. 12. 11.] [법률 제18924호,2022. 6. 10., 일부개정]",제12조 중재재정의 확정 등
4507,"공무원의 노동조합 설립 및 운영 등에 관한 법률 시행령[시행2023. 12. 11.] [대통령령 제33903호,2023. 12. 5., 일부개정]",제3조의4 근무시간 면제 시간 사용 절차
4508,"공무원의 노동조합 설립 및 운영 등에 관한 법률 시행령[시행2023. 12. 11.] [대통령령 제33903호,2023. 12. 5., 일부개정]",제10조 단체협약의 이행 통보
4509,"교원의 노동조합 설립 및 운영 등에 관한 법률 시행령[시행2023. 12. 11.] [대통령령 제33904호,2023. 12. 5., 일부개정]",제2조의3 근무시간 면제자 확정 및 변경 절차
4510,"교원의 노동조합 설립 및 운영 등에 관한 법률 시행령[시행2023. 12. 11.] [대통령령 제33904호,2023. 12. 6., 일부개정]",제9조 다른 시행령과의 관계
4511,"청년고용촉진 특별법[시행2023. 12. 31.] [법률 제19940호,2023. 12. 31., 일부개정]",제1조 목적
4512,"청년고용촉진 특별법[시행2023. 12. 31.] [법률 제19940호,2023. 12. 32., 일부개정]",제9조 청년 미취업자 등에 대한 직업능력개발훈련의 기본원칙
4513,"청년고용촉진 특별법[시행2023. 12. 31.] [법률 제19940호,2023. 12. 33., 일부개정]",제18조 보고 및 검사
4514,"공무원의 노동조합 설립 및 운영 등에 관한 법률[시행2023. 12. 11.] [법률 제18922호,2022. 6. 10., 일부개정]",제3조 노동조합 활동의 보장 및 한계
4515,"교원의 노동조합 설립 및 운영 등에 관한 법률[시행2023. 12. 11.] [법률 제18924호,2022. 6. 10., 일부개정]",제7조 단체협약의 효력
4516,"공무원의 노동조합 설립 및 운영 등에 관한 법률 시행령[시행2023. 12. 11.] [대통령령 제33903호,2023. 12. 5., 일부개정]",제3조의3 근무시간 면제자 확정 및 변경 절차
4517,"공무원의 노동조합 설립 및 운영 등에 관한 법률 시행령[시행2023. 12. 11.] [대통령령 제33903호,2023. 12. 6., 일부개정]",제9조 교섭의 준비ㆍ시작 등
4518,"교원의 노동조합 설립 및 운영 등에 관한 법률 시행령[시행2023. 12. 11.] [대통령령 제33904호,2023. 12. 5., 일부개정]",제2조의7 근무시간면제자에 대한 복무 및 보수 등
4519,"교원의 노동조합 설립 및 운영 등에 관한 법률 시행령[시행2023. 12. 11.] [대통령령 제33904호,2023. 12. 6., 일부개정]",제5조 단체협약의 이행 통보
4520,"고용정책 기본법 시행규칙[시행2023. 12. 5.] [고용노동부령 제402호,2023. 12. 5., 일부개정]",제3조 고용영향평가의 절차
4521,"청년고용촉진 특별법[시행2023. 12. 31.] [법률 제19940호,2023. 12. 31., 일부개정]",제2조 정의
4522,"청년고용촉진 특별법[시행2023. 12. 31.] [법률 제19940호,2023. 12. 32., 일부개정]",제8조의3 직업지도 프로그램의 개발ㆍ운영 및 제공
4523,"청년고용촉진 특별법[시행2023. 12. 31.] [법률 제19940호,2023. 12. 33., 일부개정]",제17조 군 복무 중인 자에 대한 취업기회 부여
4524,"공무원의 노동조합 설립 및 운영 등에 관한 법률[시행2023. 12. 11.] [법률 제18922호,2022. 6. 10., 일부개정]",제6조 가입 범위
4525,"공무원의 노동조합 설립 및 운영 등에 관한 법률[시행2023. 12. 11.] [법률 제18922호,2022. 6. 11., 일부개정]",제12조 조정신청 등
4526,"교원의 노동조합 설립 및 운영 등에 관한 법률[시행2023. 12. 11.] [법률 제18924호,2022. 6. 10., 일부개정]",제5조의3 근무시간 면제 사용의 정보 공개
4527,"교원의 노동조합 설립 및 운영 등에 관한 법률[시행2023. 12. 11.] [법률 제18924호,2022. 6. 11., 일부개정]",제1조 목적
4528,"공무원의 노동조합 설립 및 운영 등에 관한 법률 시행령[시행2023. 12. 11.] [대통령령 제33903호,2023. 12. 5., 일부개정]",제3조의2 근무시간 면제 절차
4529,"공무원의 노동조합 설립 및 운영 등에 관한 법률 시행령[시행2023. 12. 11.] [대통령령 제33903호,2023. 12. 6., 일부개정]",제8조 교섭위원의 선임
4530,"교원의 노동조합 설립 및 운영 등에 관한 법률 시행령[시행2023. 12. 11.] [대통령령 제33904호,2023. 12. 5., 일부개정]",제1조 목적
4531,"교원의 노동조합 설립 및 운영 등에 관한 법률 시행령[시행2023. 12. 11.] [대통령령 제33904호,2023. 12. 6., 일부개정]",제2조의5 연간 근무시간면제자의 자료 제출
4532,"청년고용촉진 특별법[시행2023. 12. 31.] [법률 제19940호,2023. 12. 31., 일부개정]",제13조 청년 미취업자 등의 직업능력개발훈련계획 수립 등
4533,"공무원의 노동조합 설립 및 운영 등에 관한 법률[시행2023. 12. 11.] [법률 제18922호,2022. 6. 10., 일부개정]",제9조 교섭의 절차
4534,"공무원의 노동조합 설립 및 운영 등에 관한 법률[시행2023. 12. 11.] [법률 제18922호,2022. 6. 11., 일부개정]",제17조 다른 법률과의 관계
4535,"교원의 노동조합 설립 및 운영 등에 관한 법률[시행2023. 12. 11.] [법률 제18924호,2022. 6. 10., 일부개정]",제14조 다른 법률과의 관계
4536,"공무원의 노동조합 설립 및 운영 등에 관한 법률 시행령[시행2023. 12. 11.] [대통령령 제33903호,2023. 12. 5., 일부개정]",제3조의8 심의위원회 위원의 자격기준
4537,"공무원의 노동조합 설립 및 운영 등에 관한 법률 시행령[시행2023. 12. 11.] [대통령령 제33903호,2023. 12. 6., 일부개정]",제13조 부당노동행위 구제신청의 통보
4538,"교원의 노동조합 설립 및 운영 등에 관한 법률 시행령[시행2023. 12. 11.] [대통령령 제33904호,2023. 12. 5., 일부개정]",제2조의8 심의위원회 위원의 자격기준
4539,"청년고용촉진 특별법[시행2023. 12. 31.] [법률 제19940호,2023. 12. 31., 일부개정]",제8조의2 청년에 대한 직장체험 기회 제공
4540,"청년고용촉진 특별법[시행2023. 12. 31.] [법률 제19940호,2023. 12. 32., 일부개정]",제16조의2 전문인력 양성
4541,"공무원의 노동조합 설립 및 운영 등에 관한 법률[시행2023. 12. 11.] [법률 제18922호,2022. 6. 10., 일부개정]",제1조 목적
4542,"공무원의 노동조합 설립 및 운영 등에 관한 법률 시행령[시행2023. 12. 11.] [대통령령 제33903호,2023. 12. 5., 일부개정]",제4조 비교섭 사항
4543,"교원의 노동조합 설립 및 운영 등에 관한 법률 시행령[시행2023. 12. 11.] [대통령령 제33904호,2023. 12. 5., 일부개정]",제2조의9 심의위원회 위원의 임기
4544,"교원의 노동조합 설립 및 운영 등에 관한 법률 시행령[시행2023. 12. 11.] [대통령령 제33904호,2023. 12. 6., 일부개정]",제4조 국민여론 등 의견수렴
4545,"고용정책 기본법 시행규칙[시행2023. 12. 5.] [고용노동부령 제402호,2023. 12. 5., 일부개정]",제4조 고용형태 공시절차 등
4546,"청년고용촉진 특별법[시행2023. 12. 31.] [법률 제19940호,2023. 12. 31., 일부개정]",제3조 국가 및 지방자치단체 등의 책무
4547,"청년고용촉진 특별법[시행2023. 12. 31.] [법률 제19940호,2023. 12. 32., 일부개정]",제11조 중소기업체의 공동 직업능력개발훈련 지원
4548,"공무원의 노동조합 설립 및 운영 등에 관한 법률[시행2023. 12. 11.] [법률 제18922호,2022. 6. 10., 일부개정]",제7조의2 근무시간 면제자 등
4549,"공무원의 노동조합 설립 및 운영 등에 관한 법률[시행2023. 12. 11.] [법률 제18922호,2022. 6. 11., 일부개정]",제14조 공무원 노동관계 조정위원회의 구성
4550,"교원의 노동조합 설립 및 운영 등에 관한 법률[시행2023. 12. 11.] [법률 제18924호,2022. 6. 10., 일부개정]",제3조 정치활동의 금지
4551,"교원의 노동조합 설립 및 운영 등에 관한 법률[시행2023. 12. 11.] [법률 제18924호,2022. 6. 11., 일부개정]",제10조 중재의 개시
4552,"공무원의 노동조합 설립 및 운영 등에 관한 법률 시행령[시행2023. 12. 11.] [대통령령 제33903호,2023. 12. 5., 일부개정]",제3조 노동조합 가입이 금지되는 공무원의 범위
4553,"공무원의 노동조합 설립 및 운영 등에 관한 법률 시행령[시행2023. 12. 11.] [대통령령 제33903호,2023. 12. 6., 일부개정]",제7조 교섭 요구사실의 공고와 교섭 참여
4554,"교원의 노동조합 설립 및 운영 등에 관한 법률 시행령[시행2023. 12. 11.] [대통령령 제33904호,2023. 12. 5., 일부개정]",제3조 단체교섭 요구 및 절차 등
4555,"청년고용촉진 특별법[시행2023. 12. 31.] [법률 제19940호,2023. 12. 31., 일부개정]",제7조 중소기업체의 청년 미취업자 고용 지원
4556,"청년고용촉진 특별법[시행2023. 12. 31.] [법률 제19940호,2023. 12. 32., 일부개정]",제16조 통합인력전산망의 설치
4557,"공무원의 노동조합 설립 및 운영 등에 관한 법률[시행2023. 12. 11.] [법률 제18922호,2022. 6. 10., 일부개정]",제7조 노동조합 전임자의 지위
4558,"공무원의 노동조합 설립 및 운영 등에 관한 법률[시행2023. 12. 11.] [법률 제18922호,2022. 6. 11., 일부개정]",제13조 중재의 개시 등
4559,"교원의 노동조합 설립 및 운영 등에 관한 법률[시행2023. 12. 11.] [법률 제18924호,2022. 6. 10., 일부개정]",제4조 노동조합의 설립
4560,"교원의 노동조합 설립 및 운영 등에 관한 법률[시행2023. 12. 11.] [법률 제18924호,2022. 6. 11., 일부개정]",제9조 노동쟁의의 조정신청 등
4561,"공무원의 노동조합 설립 및 운영 등에 관한 법률 시행령[시행2023. 12. 11.] [대통령령 제33903호,2023. 12. 5., 일부개정]",제3조의9 심의위원회 위원의 임기
4562,"공무원의 노동조합 설립 및 운영 등에 관한 법률 시행령[시행2023. 12. 11.] [대통령령 제33903호,2023. 12. 6., 일부개정]",제14조 다른 대통령령과의 관계
4563,"교원의 노동조합 설립 및 운영 등에 관한 법률 시행령[시행2023. 12. 11.] [대통령령 제33904호,2023. 12. 5., 일부개정]",제2조의4 근무시간 면제 시간 사용 절차
4564,"교원의 노동조합 설립 및 운영 등에 관한 법률 시행령[시행2023. 12. 11.] [대통령령 제33904호,2023. 12. 6., 일부개정]",제6조 노동쟁의의 조정 등
4565,"청년고용촉진 특별법[시행2023. 12. 31.] [법률 제19940호,2023. 12. 31., 일부개정]",제6조 국민생활안정 관련 공공부문에서의 청년 미취업자 고용 확대
4566,"청년고용촉진 특별법[시행2023. 12. 31.] [법률 제19940호,2023. 12. 32., 일부개정]",제12조 글로벌인재 양성사업 및 협력체계
4567,"청년고용촉진 특별법[시행2023. 12. 31.] [법률 제19940호,2023. 12. 33., 일부개정]",제14조 청년 미취업자의 취업실태 및 지원계획 공표
4568,"고용보험 및 산업재해보상보험의 보험료징수 등에 관한 법률[시행2026. 10. 8.] [법률 제21532호,2026. 4. 7., 일부개정]",제4조 보험사업의 수행주체
4569,"고용보험 및 산업재해보상보험의 보험료징수 등에 관한 법률[시행2026. 10. 8.] [법률 제21532호,2026. 4. 8., 일부개정]",제14조 보험료율의 결정
4570,"고용보험 및 산업재해보상보험의 보험료징수 등에 관한 법률[시행2026. 10. 8.] [법률 제21532호,2026. 4. 9., 일부개정]",제16조의9 보험료의 정산
4571,"고용보험 및 산업재해보상보험의 보험료징수 등에 관한 법률[시행2026. 10. 8.] [법률 제21532호,2026. 4. 10., 일부개정]",제22조의2 보험료 등의 경감
4572,"고용보험 및 산업재해보상보험의 보험료징수 등에 관한 법률[시행2026. 10. 8.] [법률 제21532호,2026. 4. 11., 일부개정]",제27조의2 납부기한 전 징수
4573,"고용보험 및 산업재해보상보험의 보험료징수 등에 관한 법률[시행2026. 10. 8.] [법률 제21532호,2026. 4. 12., 일부개정]",제29조의3 금융거래정보의 제공 요청 등
4574,"고용보험 및 산업재해보상보험의 보험료징수 등에 관한 법률[시행2026. 10. 8.] [법률 제21532호,2026. 4. 13., 일부개정]",제38조 보험료의 수납절차
4575,"고용보험 및 산업재해보상보험의 보험료징수 등에 관한 법률[시행2026. 10. 8.] [법률 제21532호,2026. 4. 14., 일부개정]",제48조의3 노무제공자의 고용보험 특례
4576,"고용보험 및 산업재해보상보험의 보험료징수 등에 관한 법률[시행2026. 10. 8.] [법률 제21532호,2026. 4. 15., 일부개정]",제49조의4 「국민기초생활 보장법」의 수급자에 대한 특례
4577,"고용보험 및 산업재해보상보험의 보험료징수 등에 관한 법률[시행2026. 10. 8.] [법률 제21532호,2026. 4. 16., 일부개정]",제6조 보험의 의제가입
4578,"고용보험 및 산업재해보상보험의 보험료징수 등에 관한 법률[시행2026. 10. 8.] [법률 제21532호,2026. 4. 17., 일부개정]",제16조의5 보험료 산정의 특례
4579,"고용보험 및 산업재해보상보험의 보험료징수 등에 관한 법률[시행2026. 10. 8.] [법률 제21532호,2026. 4. 18., 일부개정]",제22조의4 산재보험료등의 면제에 따른 지원의 제한 등에 관한 특례
4580,"고용보험 및 산업재해보상보험의 보험료징수 등에 관한 법률[시행2026. 10. 8.] [법률 제21532호,2026. 4. 19., 일부개정]",제28조의2 법인의 합병으로 인한 납부의무의 승계
4581,"고용보험 및 산업재해보상보험의 보험료징수 등에 관한 법률[시행2026. 10. 8.] [법률 제21532호,2026. 4. 20., 일부개정]",제32조 서류의 송달
4582,"고용보험 및 산업재해보상보험의 보험료징수 등에 관한 법률[시행2026. 10. 8.] [법률 제21532호,2026. 4. 21., 일부개정]",제42조 시효의 중단
4583,"고용보험 및 산업재해보상보험의 보험료징수 등에 관한 법률[시행2026. 10. 8.] [법률 제21532호,2026. 4. 22., 일부개정]",제49조의7 양벌규정
4584,"고용보험 및 산업재해보상보험의 보험료징수 등에 관한 법률[시행2026. 10. 8.] [법률 제21532호,2026. 4. 23., 일부개정]",제10조 보험관계의 소멸일
4585,"고용보험 및 산업재해보상보험의 보험료징수 등에 관한 법률[시행2026. 10. 8.] [법률 제21532호,2026. 4. 24., 일부개정]",제17조 건설업 등의 개산보험료의 신고와 납부
4586,"고용보험 및 산업재해보상보험의 보험료징수 등에 관한 법률[시행2026. 10. 8.] [법률 제21532호,2026. 4. 25., 일부개정]",제23조의2 산재보험 진료비 등의 충당
4587,"고용보험 및 산업재해보상보험의 보험료징수 등에 관한 법률[시행2026. 10. 8.] [법률 제21532호,2026. 4. 26., 일부개정]",제28조의4 연대납부의무
4588,"고용보험 및 산업재해보상보험의 보험료징수 등에 관한 법률[시행2026. 10. 8.] [법률 제21532호,2026. 4. 27., 일부개정]",제33조 보험사무대행기관
4589,"고용보험 및 산업재해보상보험의 보험료징수 등에 관한 법률[시행2026. 10. 8.] [법률 제21532호,2026. 4. 28., 일부개정]",제37조 보험사무대행기관에 대한 지원 등
4590,"고용보험 및 산업재해보상보험의 보험료징수 등에 관한 법률[시행2026. 10. 8.] [법률 제21532호,2026. 4. 29., 일부개정]",제46조의2 업무의 지도ㆍ감독
4591,"고용보험 및 산업재해보상보험의 보험료징수 등에 관한 법률[시행2026. 10. 8.] [법률 제21532호,2026. 4. 30., 일부개정]",제49조의6 벌칙
4592,"고용보험 및 산업재해보상보험의 보험료징수 등에 관한 법률[시행2026. 10. 8.] [법률 제21532호,2026. 4. 31., 일부개정]",제16조의2 보험료의 부과ㆍ징수
4593,"고용보험 및 산업재해보상보험의 보험료징수 등에 관한 법률[시행2026. 10. 8.] [법률 제21532호,2026. 4. 32., 일부개정]",제16조의12 신용카드 등으로 하는 보험료등의 납부
4594,"고용보험 및 산업재해보상보험의 보험료징수 등에 관한 법률[시행2026. 10. 8.] [법률 제21532호,2026. 4. 33., 일부개정]",제18조 보험료율의 인상 또는 인하 등에 따른 조치
4595,"고용보험 및 산업재해보상보험의 보험료징수 등에 관한 법률[시행2026. 10. 8.] [법률 제21532호,2026. 4. 34., 일부개정]",제22조의5 제2차 납부의무
4596,"고용보험 및 산업재해보상보험의 보험료징수 등에 관한 법률[시행2026. 10. 8.] [법률 제21532호,2026. 4. 35., 일부개정]",제31조 산재보험료 및 부담금 징수 등에 관한 특례
4597,"고용보험 및 산업재해보상보험의 보험료징수 등에 관한 법률[시행2026. 10. 8.] [법률 제21532호,2026. 4. 36., 일부개정]",제40조 자료제공의 요청
4598,"고용보험 및 산업재해보상보험의 보험료징수 등에 관한 법률[시행2026. 10. 8.] [법률 제21532호,2026. 4. 37., 일부개정]",제48조의2 예술인 고용보험 특례
4599,"고용보험 및 산업재해보상보험의 보험료징수 등에 관한 법률[시행2026. 10. 8.] [법률 제21532호,2026. 4. 38., 일부개정]",제49조의5 산재보험관리기구의 산재보험 가입에 대한 특례
4600,"고용보험 및 산업재해보상보험의 보험료징수 등에 관한 법률[시행2026. 10. 8.] [법률 제21532호,2026. 4. 39., 일부개정]",제4조의2 정보통신망을 이용한 신고 또는 신청
4601,"고용보험 및 산업재해보상보험의 보험료징수 등에 관한 법률[시행2026. 10. 8.] [법률 제21532호,2026. 4. 40., 일부개정]",제16조의11 수정신고
4602,"고용보험 및 산업재해보상보험의 보험료징수 등에 관한 법률[시행2026. 10. 8.] [법률 제21532호,2026. 4. 41., 일부개정]",제20조 보험료징수의 특례
4603,"고용보험 및 산업재해보상보험의 보험료징수 등에 관한 법률[시행2026. 10. 8.] [법률 제21532호,2026. 4. 42., 일부개정]",제26조 산재보험가입자로부터의 보험급여액 징수 등
4604,"고용보험 및 산업재해보상보험의 보험료징수 등에 관한 법률[시행2026. 10. 8.] [법률 제21532호,2026. 4. 43., 일부개정]",제27조 징수금의 통지 및 독촉
4605,"고용보험 및 산업재해보상보험의 보험료징수 등에 관한 법률[시행2026. 10. 8.] [법률 제21532호,2026. 4. 44., 일부개정]",제28조의5 연대납부의무에 관한 「민법」의 준용
4606,"고용보험 및 산업재해보상보험의 보험료징수 등에 관한 법률[시행2026. 10. 8.] [법률 제21532호,2026. 4. 45., 일부개정]",제34조 보험사무대행기관에 대한 통지
4607,"고용보험 및 산업재해보상보험의 보험료징수 등에 관한 법률[시행2026. 10. 8.] [법률 제21532호,2026. 4. 46., 일부개정]",제45조 조사
4608,"고용보험 및 산업재해보상보험의 보험료징수 등에 관한 법률[시행2026. 10. 8.] [법률 제21532호,2026. 4. 47., 일부개정]",제49조 중소기업 사업주에 대한 특례
4609,"고용보험 및 산업재해보상보험의 보험료징수 등에 관한 법률[시행2026. 10. 8.] [법률 제21532호,2026. 4. 48., 일부개정]",제8조 사업의 일괄적용
4610,"고용보험 및 산업재해보상보험의 보험료징수 등에 관한 법률[시행2026. 10. 8.] [법률 제21532호,2026. 4. 49., 일부개정]",제16조의3 월별보험료의 산정
4611,"고용보험 및 산업재해보상보험의 보험료징수 등에 관한 법률[시행2026. 10. 8.] [법률 제21532호,2026. 4. 50., 일부개정]",제23조 보험료등 과납액의 충당 및 반환
4612,"고용보험 및 산업재해보상보험의 보험료징수 등에 관한 법률[시행2026. 10. 8.] [법률 제21532호,2026. 4. 51., 일부개정]",제28조의3 상속으로 인한 납부의무의 승계
4613,"고용보험 및 산업재해보상보험의 보험료징수 등에 관한 법률[시행2026. 10. 8.] [법률 제21532호,2026. 4. 52., 일부개정]",제33조 제4장 보험사무대행기관
4614,"고용보험 및 산업재해보상보험의 보험료징수 등에 관한 법률[시행2026. 10. 8.] [법률 제21532호,2026. 4. 53., 일부개정]",제38조 제5장 보칙
4615,"고용보험 및 산업재해보상보험의 보험료징수 등에 관한 법률[시행2026. 10. 8.] [법률 제21532호,2026. 4. 54., 일부개정]",제47조 해외파견자에 대한 특례
4616,"고용보험 및 산업재해보상보험의 보험료징수 등에 관한 법률[시행2026. 10. 8.] [법률 제21532호,2026. 4. 55., 일부개정]",제49조의6 제6장 벌칙
4617,"고용보험 및 산업재해보상보험의 보험료징수 등에 관한 법률[시행2026. 10. 8.] [법률 제21532호,2026. 4. 56., 일부개정]",제5조 제2장 보험관계의 성립 및 소멸
4618,"고용보험 및 산업재해보상보험의 보험료징수 등에 관한 법률[시행2026. 10. 8.] [법률 제21532호,2026. 4. 57., 일부개정]",제15조 보험료율의 특례
4619,"고용보험 및 산업재해보상보험의 보험료징수 등에 관한 법률[시행2026. 10. 8.] [법률 제21532호,2026. 4. 58., 일부개정]",제19조의2 보험료 납부방법의 변경시기
4620,"고용보험 및 산업재해보상보험의 보험료징수 등에 관한 법률[시행2026. 10. 8.] [법률 제21532호,2026. 4. 59., 일부개정]",제25조 연체금의 징수
4621,"고용보험 및 산업재해보상보험의 보험료징수 등에 관한 법률[시행2026. 10. 8.] [법률 제21532호,2026. 4. 60., 일부개정]",제29조의2 체납 또는 결손처분 자료의 제공
4622,"고용보험 및 산업재해보상보험의 보험료징수 등에 관한 법률[시행2026. 10. 8.] [법률 제21532호,2026. 4. 61., 일부개정]",제43조 보험료 정산에 따른 권리의 소멸시효
4623,"고용보험 및 산업재해보상보험의 보험료징수 등에 관한 법률[시행2026. 10. 8.] [법률 제21532호,2026. 4. 62., 일부개정]",제48조의6 산재보험 노무제공자의 산재보험 특례
4624,"고용보험 및 산업재해보상보험의 보험료징수 등에 관한 법률[시행2026. 10. 8.] [법률 제21532호,2026. 4. 63., 일부개정]",제3조 기준보수
4625,"고용보험 및 산업재해보상보험의 보험료징수 등에 관한 법률[시행2026. 10. 8.] [법률 제21532호,2026. 4. 64., 일부개정]",제13조 보험료
4626,"고용보험 및 산업재해보상보험의 보험료징수 등에 관한 법률[시행2026. 10. 8.] [법률 제21532호,2026. 4. 65., 일부개정]",제16조의10 보수총액 등의 신고
4627,"고용보험 및 산업재해보상보험의 보험료징수 등에 관한 법률[시행2026. 10. 8.] [법률 제21532호,2026. 4. 66., 일부개정]",제22조의3 산재보험료등의 면제에 관한 특례
4628,"고용보험 및 산업재해보상보험의 보험료징수 등에 관한 법률[시행2026. 10. 8.] [법률 제21532호,2026. 4. 67., 일부개정]",제27조의3 보험료 등의 분할 납부
4629,"고용보험 및 산업재해보상보험의 보험료징수 등에 관한 법률[시행2026. 10. 8.] [법률 제21532호,2026. 4. 68., 일부개정]",제29조의4 보험료등의 완납증명
4630,"고용보험 및 산업재해보상보험의 보험료징수 등에 관한 법률[시행2026. 10. 8.] [법률 제21532호,2026. 4. 69., 일부개정]",제39조 납부기한의 연장
4631,"고용보험 및 산업재해보상보험의 보험료징수 등에 관한 법률[시행2026. 10. 8.] [법률 제21532호,2026. 4. 70., 일부개정]",제48조 현장실습생에 대한 특례
4632,"고용보험 및 산업재해보상보험의 보험료징수 등에 관한 법률[시행2026. 10. 8.] [법률 제21532호,2026. 4. 71., 일부개정]",제2조 정의
4633,"고용보험 및 산업재해보상보험의 보험료징수 등에 관한 법률[시행2026. 10. 8.] [법률 제21532호,2026. 4. 72., 일부개정]",제7조 보험관계의 성립일
4634,"고용보험 및 산업재해보상보험의 보험료징수 등에 관한 법률[시행2026. 10. 8.] [법률 제21532호,2026. 4. 73., 일부개정]",제12조 보험관계의 변경신고
4635,"고용보험 및 산업재해보상보험의 보험료징수 등에 관한 법률[시행2026. 10. 8.] [법률 제21532호,2026. 4. 74., 일부개정]",제16조의7 월별보험료의 납부기한
4636,"고용보험 및 산업재해보상보험의 보험료징수 등에 관한 법률[시행2026. 10. 8.] [법률 제21532호,2026. 4. 75., 일부개정]",제21조의2 지원금의 환수
4637,"고용보험 및 산업재해보상보험의 보험료징수 등에 관한 법률[시행2026. 10. 8.] [법률 제21532호,2026. 4. 76., 일부개정]",제28조의7 「국세기본법」의 준용
4638,"고용보험 및 산업재해보상보험의 보험료징수 등에 관한 법률[시행2026. 10. 8.] [법률 제21532호,2026. 4. 77., 일부개정]",제36조 보험사무대행기관의 장부비치 등
4639,"고용보험 및 산업재해보상보험의 보험료징수 등에 관한 법률[시행2026. 10. 8.] [법률 제21532호,2026. 4. 78., 일부개정]",제46조 업무의 위임 및 위탁
4640,"고용보험 및 산업재해보상보험의 보험료징수 등에 관한 법률[시행2026. 10. 8.] [법률 제21532호,2026. 4. 79., 일부개정]",제48조의5 학생연구자에 대한 특례
4641,"고용보험 및 산업재해보상보험의 보험료징수 등에 관한 법률[시행2026. 10. 8.] [법률 제21532호,2026. 4. 80., 일부개정]",제49조의2 자영업자에 대한 특례
4642,"고용보험 및 산업재해보상보험의 보험료징수 등에 관한 법률[시행2026. 10. 8.] [법률 제21532호,2026. 4. 81., 일부개정]",제1조 목적
4643,"고용보험 및 산업재해보상보험의 보험료징수 등에 관한 법률[시행2026. 10. 8.] [법률 제21532호,2026. 4. 82., 일부개정]",제13조 제3장 보험료
4644,"고용보험 및 산업재해보상보험의 보험료징수 등에 관한 법률[시행2026. 10. 8.] [법률 제21532호,2026. 4. 83., 일부개정]",제16조의8 월별보험료의 고지
4645,"고용보험 및 산업재해보상보험의 보험료징수 등에 관한 법률[시행2026. 10. 8.] [법률 제21532호,2026. 4. 84., 일부개정]",제22조 
4646,"고용보험 및 산업재해보상보험의 보험료징수 등에 관한 법률[시행2026. 10. 8.] [법률 제21532호,2026. 4. 85., 일부개정]",제28조의6 고액ㆍ상습 체납자의 인적사항 공개
4647,"고용보험 및 산업재해보상보험의 보험료징수 등에 관한 법률[시행2026. 10. 8.] [법률 제21532호,2026. 4. 86., 일부개정]",제29조 징수금의 결손처분
4648,"고용보험 및 산업재해보상보험의 보험료징수 등에 관한 법률[시행2026. 10. 8.] [법률 제21532호,2026. 4. 87., 일부개정]",제44조 보고
4649,"고용보험 및 산업재해보상보험의 보험료징수 등에 관한 법률[시행2026. 10. 8.] [법률 제21532호,2026. 4. 88., 일부개정]",제48조의7 플랫폼 운영자의 산재보험 특례
4650,"고용보험 및 산업재해보상보험의 보험료징수 등에 관한 법률[시행2026. 10. 8.] [법률 제21532호,2026. 4. 89., 일부개정]",제5조 보험가입자
4651,"고용보험 및 산업재해보상보험의 보험료징수 등에 관한 법률[시행2026. 10. 8.] [법률 제21532호,2026. 4. 90., 일부개정]",제16조 고용보험료의 원천공제
4652,"고용보험 및 산업재해보상보험의 보험료징수 등에 관한 법률[시행2026. 10. 8.] [법률 제21532호,2026. 4. 91., 일부개정]",제16조의6 조사 등에 따른 월별보험료 산정
4653,"고용보험 및 산업재해보상보험의 보험료징수 등에 관한 법률[시행2026. 10. 8.] [법률 제21532호,2026. 4. 92., 일부개정]",제21조 고용보험료의 지원
4654,"고용보험 및 산업재해보상보험의 보험료징수 등에 관한 법률[시행2026. 10. 8.] [법률 제21532호,2026. 4. 93., 일부개정]",제26조의2 징수금의 징수우선순위
4655,"고용보험 및 산업재해보상보험의 보험료징수 등에 관한 법률[시행2026. 10. 8.] [법률 제21532호,2026. 4. 94., 일부개정]",제35조 보험사무대행기관의 의무
4656,"고용보험 및 산업재해보상보험의 보험료징수 등에 관한 법률[시행2026. 10. 8.] [법률 제21532호,2026. 4. 95., 일부개정]",제45조의2 소액 처리
4657,"고용보험 및 산업재해보상보험의 보험료징수 등에 관한 법률[시행2026. 10. 8.] [법률 제21532호,2026. 4. 96., 일부개정]",제50조 과태료
4658,"고용보험 및 산업재해보상보험의 보험료징수 등에 관한 법률[시행2026. 10. 8.] [법률 제21532호,2026. 4. 97., 일부개정]",제1조 제1장 총칙
4659,"고용보험 및 산업재해보상보험의 보험료징수 등에 관한 법률[시행2026. 10. 8.] [법률 제21532호,2026. 4. 98., 일부개정]",제9조 도급사업의 일괄적용
4660,"고용보험 및 산업재해보상보험의 보험료징수 등에 관한 법률[시행2026. 10. 8.] [법률 제21532호,2026. 4. 99., 일부개정]",제11조 보험관계의 신고
4661,"고용보험 및 산업재해보상보험의 보험료징수 등에 관한 법률[시행2026. 10. 8.] [법률 제21532호,2026. 4. 100., 일부개정]",제16조의4 월 중간 고용관계 변동 등에 따른 월별보험료 산정
4662,"고용보험 및 산업재해보상보험의 보험료징수 등에 관한 법률[시행2026. 10. 8.] [법률 제21532호,2026. 4. 101., 일부개정]",제19조 건설업 등의 확정보험료의 신고ㆍ납부 및 정산
4663,"고용보험 및 산업재해보상보험의 보험료징수 등에 관한 법률[시행2026. 10. 8.] [법률 제21532호,2026. 4. 102., 일부개정]",제24조 가산금의 징수
4664,"고용보험 및 산업재해보상보험의 보험료징수 등에 관한 법률[시행2026. 10. 8.] [법률 제21532호,2026. 4. 103., 일부개정]",제28조 징수금의 체납처분 등
4665,"고용보험 및 산업재해보상보험의 보험료징수 등에 관한 법률[시행2026. 10. 8.] [법률 제21532호,2026. 4. 104., 일부개정]",제30조 보험료 징수의 우선순위
4666,"고용보험 및 산업재해보상보험의 보험료징수 등에 관한 법률[시행2026. 10. 8.] [법률 제21532호,2026. 4. 105., 일부개정]",제41조 시효
4667,"고용보험 및 산업재해보상보험의 보험료징수 등에 관한 법률[시행2026. 10. 8.] [법률 제21532호,2026. 4. 106., 일부개정]",제48조의4 노무제공플랫폼사업자에 대한 특례
4668,"고용보험 및 산업재해보상보험의 보험료징수 등에 관한 법률[시행2026. 10. 8.] [법률 제21532호,2026. 4. 107., 일부개정]",제49조의3 
4669,"고용보험 및 산업재해보상보험의 보험료징수 등에 관한 법률[시행2027. 1. 1.] [법률 제21472호,2026. 3. 17., 일부개정]",제11조 보험관계의 신고
4670,"고용보험 및 산업재해보상보험의 보험료징수 등에 관한 법률[시행2027. 1. 1.] [법률 제21472호,2026. 3. 18., 일부개정]",제21조의2 지원금의 환수
4671,"고용보험 및 산업재해보상보험의 보험료징수 등에 관한 법률[시행2027. 1. 1.] [법률 제21472호,2026. 3. 19., 일부개정]",제28조의2 법인의 합병으로 인한 납부의무의 승계
4672,"고용보험 및 산업재해보상보험의 보험료징수 등에 관한 법률[시행2027. 1. 1.] [법률 제21472호,2026. 3. 20., 일부개정]",제30조 보험료 징수의 우선순위
4673,"고용보험 및 산업재해보상보험의 보험료징수 등에 관한 법률[시행2027. 1. 1.] [법률 제21472호,2026. 3. 21., 일부개정]",제32조 서류의 송달
4674,"고용보험 및 산업재해보상보험의 보험료징수 등에 관한 법률[시행2027. 1. 1.] [법률 제21472호,2026. 3. 22., 일부개정]",제47조 해외파견자에 대한 특례
4675,"고용보험 및 산업재해보상보험의 보험료징수 등에 관한 법률[시행2027. 1. 1.] [법률 제21472호,2026. 3. 23., 일부개정]",제49조의6 벌칙
4676,"고용보험 및 산업재해보상보험의 보험료징수 등에 관한 법률[시행2027. 1. 1.] [법률 제21472호,2026. 3. 24., 일부개정]",제6조 보험의 의제가입
4677,"고용보험 및 산업재해보상보험의 보험료징수 등에 관한 법률[시행2027. 1. 1.] [법률 제21472호,2026. 3. 25., 일부개정]",제10조 보험관계의 소멸일
4678,"고용보험 및 산업재해보상보험의 보험료징수 등에 관한 법률[시행2027. 1. 1.] [법률 제21472호,2026. 3. 26., 일부개정]",제16조의6 조사 등에 따른 월별보험료 산정
4679,"고용보험 및 산업재해보상보험의 보험료징수 등에 관한 법률[시행2027. 1. 1.] [법률 제21472호,2026. 3. 27., 일부개정]",제17조 건설업 등의 개산보험료의 신고와 납부
4680,"고용보험 및 산업재해보상보험의 보험료징수 등에 관한 법률[시행2027. 1. 1.] [법률 제21472호,2026. 3. 28., 일부개정]",제23조 보험료등 과납액의 충당 및 반환
4681,"고용보험 및 산업재해보상보험의 보험료징수 등에 관한 법률[시행2027. 1. 1.] [법률 제21472호,2026. 3. 29., 일부개정]",제28조의4 연대납부의무
4682,"고용보험 및 산업재해보상보험의 보험료징수 등에 관한 법률[시행2027. 1. 1.] [법률 제21472호,2026. 3. 30., 일부개정]",제29조의3 금융거래정보의 제공 요청 등
4683,"고용보험 및 산업재해보상보험의 보험료징수 등에 관한 법률[시행2027. 1. 1.] [법률 제21472호,2026. 3. 31., 일부개정]",제33조 보험사무대행기관
4684,"고용보험 및 산업재해보상보험의 보험료징수 등에 관한 법률[시행2027. 1. 1.] [법률 제21472호,2026. 3. 32., 일부개정]",제44조 보고
4685,"고용보험 및 산업재해보상보험의 보험료징수 등에 관한 법률[시행2027. 1. 1.] [법률 제21472호,2026. 3. 33., 일부개정]",제45조의2 소액 처리
4686,"고용보험 및 산업재해보상보험의 보험료징수 등에 관한 법률[시행2027. 1. 1.] [법률 제21472호,2026. 3. 34., 일부개정]",제48조의5 학생연구자에 대한 특례
4687,"고용보험 및 산업재해보상보험의 보험료징수 등에 관한 법률[시행2027. 1. 1.] [법률 제21472호,2026. 3. 35., 일부개정]",제8조 사업의 일괄적용
4688,"고용보험 및 산업재해보상보험의 보험료징수 등에 관한 법률[시행2027. 1. 1.] [법률 제21472호,2026. 3. 36., 일부개정]",제16조의4 월 중간 고용관계 변동 등에 따른 월별보험료 산정
4689,"고용보험 및 산업재해보상보험의 보험료징수 등에 관한 법률[시행2027. 1. 1.] [법률 제21472호,2026. 3. 37., 일부개정]",제20조 보험료징수의 특례
4690,"고용보험 및 산업재해보상보험의 보험료징수 등에 관한 법률[시행2027. 1. 1.] [법률 제21472호,2026. 3. 38., 일부개정]",제27조 징수금의 통지 및 독촉
4691,"고용보험 및 산업재해보상보험의 보험료징수 등에 관한 법률[시행2027. 1. 1.] [법률 제21472호,2026. 3. 39., 일부개정]",제29조의4 보험료등의 완납증명
4692,"고용보험 및 산업재해보상보험의 보험료징수 등에 관한 법률[시행2027. 1. 1.] [법률 제21472호,2026. 3. 40., 일부개정]",제41조 시효
4693,"고용보험 및 산업재해보상보험의 보험료징수 등에 관한 법률[시행2027. 1. 1.] [법률 제21472호,2026. 3. 41., 일부개정]",제46조의2 업무의 지도ㆍ감독
4694,"고용보험 및 산업재해보상보험의 보험료징수 등에 관한 법률[시행2027. 1. 1.] [법률 제21472호,2026. 3. 42., 일부개정]",제49조의6 제6장 벌칙
4695,"고용보험 및 산업재해보상보험의 보험료징수 등에 관한 법률[시행2027. 1. 1.] [법률 제21472호,2026. 3. 43., 일부개정]",제7조 보험관계의 성립일
4696,"고용보험 및 산업재해보상보험의 보험료징수 등에 관한 법률[시행2027. 1. 1.] [법률 제21472호,2026. 3. 44., 일부개정]",제16조의3 월별보험료의 산정
4697,"고용보험 및 산업재해보상보험의 보험료징수 등에 관한 법률[시행2027. 1. 1.] [법률 제21472호,2026. 3. 45., 일부개정]",제19조의2 보험료 납부방법의 변경시기
4698,"고용보험 및 산업재해보상보험의 보험료징수 등에 관한 법률[시행2027. 1. 1.] [법률 제21472호,2026. 3. 46., 일부개정]",제26조 산재보험가입자로부터의 보험급여액 징수 등
4699,"고용보험 및 산업재해보상보험의 보험료징수 등에 관한 법률[시행2027. 1. 1.] [법률 제21472호,2026. 3. 47., 일부개정]",제29조 징수금의 결손처분
4700,"고용보험 및 산업재해보상보험의 보험료징수 등에 관한 법률[시행2027. 1. 1.] [법률 제21472호,2026. 3. 48., 일부개정]",제38조 제5장 보칙
4701,"고용보험 및 산업재해보상보험의 보험료징수 등에 관한 법률[시행2027. 1. 1.] [법률 제21472호,2026. 3. 49., 일부개정]",제42조 시효의 중단
4702,"고용보험 및 산업재해보상보험의 보험료징수 등에 관한 법률[시행2027. 1. 1.] [법률 제21472호,2026. 3. 50., 일부개정]",제48조의4 노무제공플랫폼사업자에 대한 특례
4703,"고용보험 및 산업재해보상보험의 보험료징수 등에 관한 법률[시행2027. 1. 1.] [법률 제21472호,2026. 3. 51., 일부개정]",제49조의4 「국민기초생활 보장법」의 수급자에 대한 특례
4704,"고용보험 및 산업재해보상보험의 보험료징수 등에 관한 법률[시행2027. 1. 1.] [법률 제21472호,2026. 3. 52., 일부개정]",제1조 목적
4705,"고용보험 및 산업재해보상보험의 보험료징수 등에 관한 법률[시행2027. 1. 1.] [법률 제21472호,2026. 3. 53., 일부개정]",제13조 제3장 보험료
4706,"고용보험 및 산업재해보상보험의 보험료징수 등에 관한 법률[시행2027. 1. 1.] [법률 제21472호,2026. 3. 54., 일부개정]",제16조의9 보험료의 정산
4707,"고용보험 및 산업재해보상보험의 보험료징수 등에 관한 법률[시행2027. 1. 1.] [법률 제21472호,2026. 3. 55., 일부개정]",제16조의11 수정신고
4708,"고용보험 및 산업재해보상보험의 보험료징수 등에 관한 법률[시행2027. 1. 1.] [법률 제21472호,2026. 3. 56., 일부개정]",제22조의5 제2차 납부의무
4709,"고용보험 및 산업재해보상보험의 보험료징수 등에 관한 법률[시행2027. 1. 1.] [법률 제21472호,2026. 3. 57., 일부개정]",제27조의3 보험료 등의 분할 납부
4710,"고용보험 및 산업재해보상보험의 보험료징수 등에 관한 법률[시행2027. 1. 1.] [법률 제21472호,2026. 3. 58., 일부개정]",제40조 자료제공의 요청
4711,"고용보험 및 산업재해보상보험의 보험료징수 등에 관한 법률[시행2027. 1. 1.] [법률 제21472호,2026. 3. 59., 일부개정]",제48조의3 노무제공자의 고용보험 특례
4712,"고용보험 및 산업재해보상보험의 보험료징수 등에 관한 법률[시행2027. 1. 1.] [법률 제21472호,2026. 3. 60., 일부개정]",제50조 과태료
4713,"고용보험 및 산업재해보상보험의 보험료징수 등에 관한 법률[시행2027. 1. 1.] [법률 제21472호,2026. 3. 61., 일부개정]",제3조 기준보수
4714,"고용보험 및 산업재해보상보험의 보험료징수 등에 관한 법률[시행2027. 1. 1.] [법률 제21472호,2026. 3. 62., 일부개정]",제13조 보험료
4715,"고용보험 및 산업재해보상보험의 보험료징수 등에 관한 법률[시행2027. 1. 1.] [법률 제21472호,2026. 3. 63., 일부개정]",제16조의10 월 보수 등의 신고
4716,"고용보험 및 산업재해보상보험의 보험료징수 등에 관한 법률[시행2027. 1. 1.] [법률 제21472호,2026. 3. 64., 일부개정]",제22조의4 산재보험료등의 면제에 따른 지원의 제한 등에 관한 특례
4717,"고용보험 및 산업재해보상보험의 보험료징수 등에 관한 법률[시행2027. 1. 1.] [법률 제21472호,2026. 3. 65., 일부개정]",제28조 징수금의 체납처분 등
4718,"고용보험 및 산업재해보상보험의 보험료징수 등에 관한 법률[시행2027. 1. 1.] [법률 제21472호,2026. 3. 66., 일부개정]",제31조 산재보험료 및 부담금 징수 등에 관한 특례
4719,"고용보험 및 산업재해보상보험의 보험료징수 등에 관한 법률[시행2027. 1. 1.] [법률 제21472호,2026. 3. 67., 일부개정]",제39조 납부기한의 연장
4720,"고용보험 및 산업재해보상보험의 보험료징수 등에 관한 법률[시행2027. 1. 1.] [법률 제21472호,2026. 3. 68., 일부개정]",제48조 현장실습생에 대한 특례
4721,"고용보험 및 산업재해보상보험의 보험료징수 등에 관한 법률[시행2027. 1. 1.] [법률 제21472호,2026. 3. 69., 일부개정]",제2조 정의
4722,"고용보험 및 산업재해보상보험의 보험료징수 등에 관한 법률[시행2027. 1. 1.] [법률 제21472호,2026. 3. 70., 일부개정]",제5조 제2장 보험관계의 성립 및 소멸
4723,"고용보험 및 산업재해보상보험의 보험료징수 등에 관한 법률[시행2027. 1. 1.] [법률 제21472호,2026. 3. 71., 일부개정]",제16조의5 보험료 산정의 특례
4724,"고용보험 및 산업재해보상보험의 보험료징수 등에 관한 법률[시행2027. 1. 1.] [법률 제21472호,2026. 3. 72., 일부개정]",제21조 고용보험료의 지원
4725,"고용보험 및 산업재해보상보험의 보험료징수 등에 관한 법률[시행2027. 1. 1.] [법률 제21472호,2026. 3. 73., 일부개정]",제27조의2 납부기한 전 징수
4726,"고용보험 및 산업재해보상보험의 보험료징수 등에 관한 법률[시행2027. 1. 1.] [법률 제21472호,2026. 3. 74., 일부개정]",제33조 제4장 보험사무대행기관
4727,"고용보험 및 산업재해보상보험의 보험료징수 등에 관한 법률[시행2027. 1. 1.] [법률 제21472호,2026. 3. 75., 일부개정]",제43조 보험료 정산에 따른 권리의 소멸시효
4728,"고용보험 및 산업재해보상보험의 보험료징수 등에 관한 법률[시행2027. 1. 1.] [법률 제21472호,2026. 3. 76., 일부개정]",제48조의6 산재보험 노무제공자의 산재보험 특례
4729,"고용보험 및 산업재해보상보험의 보험료징수 등에 관한 법률[시행2027. 1. 1.] [법률 제21472호,2026. 3. 77., 일부개정]",제4조의2 정보통신망을 이용한 신고 또는 신청
4730,"고용보험 및 산업재해보상보험의 보험료징수 등에 관한 법률[시행2027. 1. 1.] [법률 제21472호,2026. 3. 78., 일부개정]",제15조 보험료율의 특례
4731,"고용보험 및 산업재해보상보험의 보험료징수 등에 관한 법률[시행2027. 1. 1.] [법률 제21472호,2026. 3. 79., 일부개정]",제18조 보험료율의 인상 또는 인하 등에 따른 조치
4732,"고용보험 및 산업재해보상보험의 보험료징수 등에 관한 법률[시행2027. 1. 1.] [법률 제21472호,2026. 3. 80., 일부개정]",제28조의7 「국세기본법」의 준용
4733,"고용보험 및 산업재해보상보험의 보험료징수 등에 관한 법률[시행2027. 1. 1.] [법률 제21472호,2026. 3. 81., 일부개정]",제37조 보험사무대행기관에 대한 지원 등
4734,"고용보험 및 산업재해보상보험의 보험료징수 등에 관한 법률[시행2027. 1. 1.] [법률 제21472호,2026. 3. 82., 일부개정]",제46조 업무의 위임 및 위탁
4735,"고용보험 및 산업재해보상보험의 보험료징수 등에 관한 법률[시행2027. 1. 1.] [법률 제21472호,2026. 3. 83., 일부개정]",제49조의5 산재보험관리기구의 산재보험 가입에 대한 특례
4736,"고용보험 및 산업재해보상보험의 보험료징수 등에 관한 법률[시행2027. 1. 1.] [법률 제21472호,2026. 3. 84., 일부개정]",제4조 보험사업의 수행주체
4737,"고용보험 및 산업재해보상보험의 보험료징수 등에 관한 법률[시행2027. 1. 1.] [법률 제21472호,2026. 3. 85., 일부개정]",제14조 보험료율의 결정
4738,"고용보험 및 산업재해보상보험의 보험료징수 등에 관한 법률[시행2027. 1. 1.] [법률 제21472호,2026. 3. 86., 일부개정]",제16조의7 월별보험료의 납부기한
4739,"고용보험 및 산업재해보상보험의 보험료징수 등에 관한 법률[시행2027. 1. 1.] [법률 제21472호,2026. 3. 87., 일부개정]",제16조의12 신용카드 등으로 하는 보험료등의 납부
4740,"고용보험 및 산업재해보상보험의 보험료징수 등에 관한 법률[시행2027. 1. 1.] [법률 제21472호,2026. 3. 88., 일부개정]",제22조 
4741,"고용보험 및 산업재해보상보험의 보험료징수 등에 관한 법률[시행2027. 1. 1.] [법률 제21472호,2026. 3. 89., 일부개정]",제24조 가산금의 징수
4742,"고용보험 및 산업재해보상보험의 보험료징수 등에 관한 법률[시행2027. 1. 1.] [법률 제21472호,2026. 3. 90., 일부개정]",제28조의5 연대납부의무에 관한 「민법」의 준용
4743,"고용보험 및 산업재해보상보험의 보험료징수 등에 관한 법률[시행2027. 1. 1.] [법률 제21472호,2026. 3. 91., 일부개정]",제35조 보험사무대행기관의 의무
4744,"고용보험 및 산업재해보상보험의 보험료징수 등에 관한 법률[시행2027. 1. 1.] [법률 제21472호,2026. 3. 92., 일부개정]",제49조 중소기업 사업주에 대한 특례
4745,"고용보험 및 산업재해보상보험의 보험료징수 등에 관한 법률[시행2027. 1. 1.] [법률 제21472호,2026. 3. 93., 일부개정]",제1조 제1장 총칙
4746,"고용보험 및 산업재해보상보험의 보험료징수 등에 관한 법률[시행2027. 1. 1.] [법률 제21472호,2026. 3. 94., 일부개정]",제12조 보험관계의 변경신고
4747,"고용보험 및 산업재해보상보험의 보험료징수 등에 관한 법률[시행2027. 1. 1.] [법률 제21472호,2026. 3. 95., 일부개정]",제16조의8 월별보험료의 고지
4748,"고용보험 및 산업재해보상보험의 보험료징수 등에 관한 법률[시행2027. 1. 1.] [법률 제21472호,2026. 3. 96., 일부개정]",제22조의3 산재보험료등의 면제에 관한 특례
4749,"고용보험 및 산업재해보상보험의 보험료징수 등에 관한 법률[시행2027. 1. 1.] [법률 제21472호,2026. 3. 97., 일부개정]",제23조의2 산재보험 진료비 등의 충당
4750,"고용보험 및 산업재해보상보험의 보험료징수 등에 관한 법률[시행2027. 1. 1.] [법률 제21472호,2026. 3. 98., 일부개정]",제25조 연체금의 징수
4751,"고용보험 및 산업재해보상보험의 보험료징수 등에 관한 법률[시행2027. 1. 1.] [법률 제21472호,2026. 3. 99., 일부개정]",제28조의6 고액ㆍ상습 체납자의 인적사항 공개
4752,"고용보험 및 산업재해보상보험의 보험료징수 등에 관한 법률[시행2027. 1. 1.] [법률 제21472호,2026. 3. 100., 일부개정]",제36조 보험사무대행기관의 장부비치 등
4753,"고용보험 및 산업재해보상보험의 보험료징수 등에 관한 법률[시행2027. 1. 1.] [법률 제21472호,2026. 3. 101., 일부개정]",제48조의7 플랫폼 운영자의 산재보험 특례
4754,"고용보험 및 산업재해보상보험의 보험료징수 등에 관한 법률[시행2027. 1. 1.] [법률 제21472호,2026. 3. 102., 일부개정]",제49조의2 자영업자에 대한 특례
4755,"고용보험 및 산업재해보상보험의 보험료징수 등에 관한 법률[시행2027. 1. 1.] [법률 제21472호,2026. 3. 103., 일부개정]",제9조 도급사업의 일괄적용
4756,"고용보험 및 산업재해보상보험의 보험료징수 등에 관한 법률[시행2027. 1. 1.] [법률 제21472호,2026. 3. 104., 일부개정]",제16조 고용보험료의 원천공제
4757,"고용보험 및 산업재해보상보험의 보험료징수 등에 관한 법률[시행2027. 1. 1.] [법률 제21472호,2026. 3. 105., 일부개정]",제22조의2 보험료 등의 경감
4758,"고용보험 및 산업재해보상보험의 보험료징수 등에 관한 법률[시행2027. 1. 1.] [법률 제21472호,2026. 3. 106., 일부개정]",제28조의3 상속으로 인한 납부의무의 승계
4759,"고용보험 및 산업재해보상보험의 보험료징수 등에 관한 법률[시행2027. 1. 1.] [법률 제21472호,2026. 3. 107., 일부개정]",제34조 보험사무대행기관에 대한 통지
4760,"고용보험 및 산업재해보상보험의 보험료징수 등에 관한 법률[시행2027. 1. 1.] [법률 제21472호,2026. 3. 108., 일부개정]",제45조 조사
4761,"고용보험 및 산업재해보상보험의 보험료징수 등에 관한 법률[시행2027. 1. 1.] [법률 제21472호,2026. 3. 109., 일부개정]",제49조의3 
4762,"고용보험 및 산업재해보상보험의 보험료징수 등에 관한 법률[시행2027. 1. 1.] [법률 제21472호,2026. 3. 110., 일부개정]",제5조 보험가입자
4763,"고용보험 및 산업재해보상보험의 보험료징수 등에 관한 법률[시행2027. 1. 1.] [법률 제21472호,2026. 3. 111., 일부개정]",제16조의2 보험료의 부과ㆍ징수
4764,"고용보험 및 산업재해보상보험의 보험료징수 등에 관한 법률[시행2027. 1. 1.] [법률 제21472호,2026. 3. 112., 일부개정]",제19조 건설업 등의 확정보험료의 신고ㆍ납부 및 정산
4765,"고용보험 및 산업재해보상보험의 보험료징수 등에 관한 법률[시행2027. 1. 1.] [법률 제21472호,2026. 3. 113., 일부개정]",제26조의2 징수금의 징수우선순위
4766,"고용보험 및 산업재해보상보험의 보험료징수 등에 관한 법률[시행2027. 1. 1.] [법률 제21472호,2026. 3. 114., 일부개정]",제29조의2 체납 또는 결손처분 자료의 제공
4767,"고용보험 및 산업재해보상보험의 보험료징수 등에 관한 법률[시행2027. 1. 1.] [법률 제21472호,2026. 3. 115., 일부개정]",제38조 보험료의 수납절차
4768,"고용보험 및 산업재해보상보험의 보험료징수 등에 관한 법률[시행2027. 1. 1.] [법률 제21472호,2026. 3. 116., 일부개정]",제48조의2 예술인 고용보험 특례
4769,"고용보험 및 산업재해보상보험의 보험료징수 등에 관한 법률[시행2027. 1. 1.] [법률 제21472호,2026. 3. 117., 일부개정]",제49조의7 양벌규정
4770,"고용정책 기본법 시행령[시행2026. 1. 2.] [대통령령 제35947호,2025. 12. 30., 타법개정]",제1조 목적
4771,"고용정책 기본법 시행령[시행2026. 1. 2.] [대통령령 제35947호,2025. 12. 31., 타법개정]",제2조 고용정책심의회 심의사항
4772,"고용정책 기본법 시행령[시행2026. 1. 2.] [대통령령 제35947호,2025. 12. 32., 타법개정]",제3조 고용정책심의회의 구성
4773,"고용정책 기본법 시행령[시행2026. 1. 2.] [대통령령 제35947호,2025. 12. 33., 타법개정]",제4조 임기
4774,"고용정책 기본법 시행령[시행2026. 1. 2.] [대통령령 제35947호,2025. 12. 34., 타법개정]",제5조 위원장의 직무
4775,"고용정책 기본법 시행령[시행2026. 1. 2.] [대통령령 제35947호,2025. 12. 35., 타법개정]",제6조 회의
4776,"고용정책 기본법 시행령[시행2026. 1. 2.] [대통령령 제35947호,2025. 12. 36., 타법개정]",제7조 전문위원회
4777,"고용정책 기본법 시행령[시행2026. 1. 2.] [대통령령 제35947호,2025. 12. 37., 타법개정]",제8조 조사ㆍ연구위원
4778,"고용정책 기본법 시행령[시행2026. 1. 2.] [대통령령 제35947호,2025. 12. 38., 타법개정]",제9조 협조의 요청
4779,"고용정책 기본법 시행령[시행2026. 1. 2.] [대통령령 제35947호,2025. 12. 39., 타법개정]",제10조 위원의 수당
4780,"고용정책 기본법 시행령[시행2026. 1. 2.] [대통령령 제35947호,2025. 12. 40., 타법개정]",제11조 간사
4781,"고용정책 기본법 시행령[시행2026. 1. 2.] [대통령령 제35947호,2025. 12. 41., 타법개정]",제12조 운영세칙
4782,"고용정책 기본법 시행령[시행2026. 1. 2.] [대통령령 제35947호,2025. 12. 42., 타법개정]",제13조 지역고용심의회의 구성
4783,"고용정책 기본법 시행령[시행2026. 1. 2.] [대통령령 제35947호,2025. 12. 43., 타법개정]",제14조 지역고용심의회의 기능
4784,"고용정책 기본법 시행령[시행2026. 1. 2.] [대통령령 제35947호,2025. 12. 44., 타법개정]",제15조 지역고용심의회의 전문위원회
4785,"고용정책 기본법 시행령[시행2026. 1. 2.] [대통령령 제35947호,2025. 12. 45., 타법개정]",제16조 지역고용심의회의 실무위원회
4786,"고용정책 기본법 시행령[시행2026. 1. 2.] [대통령령 제35947호,2025. 12. 46., 타법개정]",제17조 지역고용심의회의 시ㆍ군ㆍ구 고용심의회
4787,"고용정책 기본법 시행령[시행2026. 1. 2.] [대통령령 제35947호,2025. 12. 47., 타법개정]",제18조 지역고용심의회의 운영세칙
4788,"고용정책 기본법 시행령[시행2026. 1. 2.] [대통령령 제35947호,2025. 12. 48., 타법개정]",제19조 준용
4789,"고용정책 기본법 시행령[시행2026. 1. 2.] [대통령령 제35947호,2025. 12. 49., 타법개정]",제20조 지역고용심의회 등의 운영 지원
4790,"고용정책 기본법 시행령[시행2026. 1. 2.] [대통령령 제35947호,2025. 12. 50., 타법개정]",제21조 고용서비스 제공 시설의 설치ㆍ운영
4791,"고용정책 기본법 시행령[시행2026. 1. 2.] [대통령령 제35947호,2025. 12. 51., 타법개정]",제22조 고용영향평가 대상 정책 등
4792,"고용정책 기본법 시행령[시행2026. 1. 2.] [대통령령 제35947호,2025. 12. 52., 타법개정]",제22조의2 고용영향평가의 결과 등
4793,"고용정책 기본법 시행령[시행2026. 1. 2.] [대통령령 제35947호,2025. 12. 53., 타법개정]",제22조의3 정책제언 및 개선권고
4794,"고용정책 기본법 시행령[시행2026. 1. 2.] [대통령령 제35947호,2025. 12. 54., 타법개정]",제23조 고용영향평가의 대행
4795,"고용정책 기본법 시행령[시행2026. 1. 2.] [대통령령 제35947호,2025. 12. 55., 타법개정]",제24조 전문기관에 대한 자문 등
4796,"고용정책 기본법 시행령[시행2026. 1. 2.] [대통령령 제35947호,2025. 12. 56., 타법개정]",제25조 고용ㆍ직업정보의 수집ㆍ관리
4797,"고용정책 기본법 시행령[시행2026. 1. 2.] [대통령령 제35947호,2025. 12. 57., 타법개정]",제26조 통합정보전산망의 구축ㆍ운영
4798,"고용정책 기본법 시행령[시행2026. 1. 2.] [대통령령 제35947호,2025. 12. 58., 타법개정]",제26조의2 고용형태 현황 공시 의무 사업주
4799,"고용정책 기본법 시행령[시행2026. 1. 2.] [대통령령 제35947호,2025. 12. 59., 타법개정]",제27조 인력의 수급 동향 등에 관한 자료의 작성
4800,"고용정책 기본법 시행령[시행2026. 1. 2.] [대통령령 제35947호,2025. 12. 60., 타법개정]",제27조의2 한국잡월드의 수익사업
4801,"고용정책 기본법 시행령[시행2026. 1. 2.] [대통령령 제35947호,2025. 12. 61., 타법개정]",제28조 중소기업 인력확보지원계획
4802,"고용정책 기본법 시행령[시행2026. 1. 2.] [대통령령 제35947호,2025. 12. 62., 타법개정]",제29조 지원대상 업종 및 지역 등
4803,"고용정책 기본법 시행령[시행2026. 1. 2.] [대통령령 제35947호,2025. 12. 63., 타법개정]",제30조 고용조정 지원 등
4804,"고용정책 기본법 시행령[시행2026. 1. 2.] [대통령령 제35947호,2025. 12. 64., 타법개정]",제30조의2 지정기간과 지정기간의 연장
4805,"고용정책 기본법 시행령[시행2026. 1. 2.] [대통령령 제35947호,2025. 12. 65., 타법개정]",제30조의3 고용재난조사단 구성 및 운영 등
4806,"고용정책 기본법 시행령[시행2026. 1. 2.] [대통령령 제35947호,2025. 12. 66., 타법개정]",제30조의4 고용재난지역에 대한 지원
4807,"고용정책 기본법 시행령[시행2026. 1. 2.] [대통령령 제35947호,2025. 12. 67., 타법개정]",제31조 대량 고용변동의 신고기준 등
4808,"고용정책 기본법 시행령[시행2026. 1. 2.] [대통령령 제35947호,2025. 12. 68., 타법개정]",제32조 실업대책사업
4809,"고용정책 기본법 시행령[시행2026. 1. 2.] [대통령령 제35947호,2025. 12. 69., 타법개정]",제33조 공공근로사업 참여자에 대한 급여의 지급
4810,"고용정책 기본법 시행령[시행2026. 1. 2.] [대통령령 제35947호,2025. 12. 70., 타법개정]",제34조 그 밖의 실업대책사업
4811,"고용정책 기본법 시행령[시행2026. 1. 2.] [대통령령 제35947호,2025. 12. 71., 타법개정]",제35조 실업대책사업의 위탁 등
4812,"고용정책 기본법 시행령[시행2026. 1. 2.] [대통령령 제35947호,2025. 12. 72., 타법개정]",제36조 실업자로 보는 무급휴직자의 범위
4813,"고용정책 기본법 시행령[시행2026. 1. 2.] [대통령령 제35947호,2025. 12. 73., 타법개정]",제37조 공공사업 등에의 재취업 촉진
4814,"고용정책 기본법 시행령[시행2026. 1. 2.] [대통령령 제35947호,2025. 12. 74., 타법개정]",제38조 직업능력 개발훈련의 조정
4815,"고용정책 기본법 시행령[시행2026. 1. 2.] [대통령령 제35947호,2025. 12. 75., 타법개정]",제39조 출연금의 지급
4816,"고용정책 기본법 시행령[시행2026. 1. 2.] [대통령령 제35947호,2025. 12. 76., 타법개정]",제40조 자금의 차입
4817,"고용정책 기본법 시행령[시행2026. 1. 2.] [대통령령 제35947호,2025. 12. 77., 타법개정]",제41조 보고 및 검사
4818,"고용정책 기본법 시행령[시행2026. 1. 2.] [대통령령 제35947호,2025. 12. 78., 타법개정]",제42조 권한의 위임
4819,"고용정책 기본법 시행령[시행2026. 1. 2.] [대통령령 제35947호,2025. 12. 79., 타법개정]",제43조 업무의 위탁
4820,"고용정책 기본법 시행령[시행2026. 1. 2.] [대통령령 제35947호,2025. 12. 80., 타법개정]",제43조의2 민감정보 및 고유식별정보의 처리
4821,"고용정책 기본법 시행령[시행2026. 1. 2.] [대통령령 제35947호,2025. 12. 81., 타법개정]",제43조의3 규제의 재검토
4822,"고용정책 기본법 시행령[시행2026. 1. 2.] [대통령령 제35947호,2025. 12. 82., 타법개정]",제44조 과태료의 부과기준
4823,"고용보험 및 산업재해보상보험의 보험료징수 등에 관한 법률 시행령[시행2025. 12. 23.] [대통령령 제35935호,2025. 12. 23., 일부개정]",제1조 목적
4824,"고용보험 및 산업재해보상보험의 보험료징수 등에 관한 법률 시행령[시행2025. 12. 23.] [대통령령 제35935호,2025. 12. 24., 일부개정]",제2조 정의
4825,"고용보험 및 산업재해보상보험의 보험료징수 등에 관한 법률 시행령[시행2025. 12. 23.] [대통령령 제35935호,2025. 12. 25., 일부개정]",제2조의2 보수에서 제외되는 금품
4826,"고용보험 및 산업재해보상보험의 보험료징수 등에 관한 법률 시행령[시행2025. 12. 23.] [대통령령 제35935호,2025. 12. 26., 일부개정]",제3조 기준보수의 적용
4827,"고용보험 및 산업재해보상보험의 보험료징수 등에 관한 법률 시행령[시행2025. 12. 23.] [대통령령 제35935호,2025. 12. 27., 일부개정]",제4조 건설업 등의 범위
4828,"고용보험 및 산업재해보상보험의 보험료징수 등에 관한 법률 시행령[시행2025. 12. 23.] [대통령령 제35935호,2025. 12. 28., 일부개정]",제5조 대리인
4829,"고용보험 및 산업재해보상보험의 보험료징수 등에 관한 법률 시행령[시행2025. 12. 23.] [대통령령 제35935호,2025. 12. 29., 일부개정]",제6조 제2장 보험관계의 성립 및 소멸
4830,"고용보험 및 산업재해보상보험의 보험료징수 등에 관한 법률 시행령[시행2025. 12. 23.] [대통령령 제35935호,2025. 12. 30., 일부개정]",제6조 사업의 일괄적용의 요건
4831,"고용보험 및 산업재해보상보험의 보험료징수 등에 관한 법률 시행령[시행2025. 12. 23.] [대통령령 제35935호,2025. 12. 31., 일부개정]",제1조 제1장 총칙
4832,"고용보험 및 산업재해보상보험의 보험료징수 등에 관한 법률 시행령[시행2025. 12. 23.] [대통령령 제35935호,2025. 12. 32., 일부개정]",제7조 도급사업의 일괄적용
4833,"고용보험 및 산업재해보상보험의 보험료징수 등에 관한 법률 시행령[시행2025. 12. 23.] [대통령령 제35935호,2025. 12. 33., 일부개정]",제8조 보험관계 성립 및 소멸 통지
4834,"고용보험 및 산업재해보상보험의 보험료징수 등에 관한 법률 시행령[시행2025. 12. 23.] [대통령령 제35935호,2025. 12. 34., 일부개정]",제9조 보험관계의 변경신고
4835,"고용보험 및 산업재해보상보험의 보험료징수 등에 관한 법률 시행령[시행2025. 12. 23.] [대통령령 제35935호,2025. 12. 35., 일부개정]",제10조 제3장 보험료
4836,"고용보험 및 산업재해보상보험의 보험료징수 등에 관한 법률 시행령[시행2025. 12. 23.] [대통령령 제35935호,2025. 12. 36., 일부개정]",제10조 공사발주자에 대한 보험료의 대행납부
4837,"고용보험 및 산업재해보상보험의 보험료징수 등에 관한 법률 시행령[시행2025. 12. 23.] [대통령령 제35935호,2025. 12. 37., 일부개정]",제11조 노무비율 등의 결정
4838,"고용보험 및 산업재해보상보험의 보험료징수 등에 관한 법률 시행령[시행2025. 12. 23.] [대통령령 제35935호,2025. 12. 38., 일부개정]",제12조 고용보험료율
4839,"고용보험 및 산업재해보상보험의 보험료징수 등에 관한 법률 시행령[시행2025. 12. 23.] [대통령령 제35935호,2025. 12. 39., 일부개정]",제13조 산재보험료율의 고시
4840,"고용보험 및 산업재해보상보험의 보험료징수 등에 관한 법률 시행령[시행2025. 12. 23.] [대통령령 제35935호,2025. 12. 40., 일부개정]",제14조 산재보험료율의 적용
4841,"고용보험 및 산업재해보상보험의 보험료징수 등에 관한 법률 시행령[시행2025. 12. 23.] [대통령령 제35935호,2025. 12. 41., 일부개정]",제15조 산재보험료율의 특례적용사업
4842,"고용보험 및 산업재해보상보험의 보험료징수 등에 관한 법률 시행령[시행2025. 12. 23.] [대통령령 제35935호,2025. 12. 42., 일부개정]",제16조 개별실적요율의 적용을 위한 보험수지율
4843,"고용보험 및 산업재해보상보험의 보험료징수 등에 관한 법률 시행령[시행2025. 12. 23.] [대통령령 제35935호,2025. 12. 43., 일부개정]",제17조 개별실적요율의 적용을 위한 보험수지율의 산정
4844,"고용보험 및 산업재해보상보험의 보험료징수 등에 관한 법률 시행령[시행2025. 12. 23.] [대통령령 제35935호,2025. 12. 44., 일부개정]",제18조 개별실적요율의 산정
4845,"고용보험 및 산업재해보상보험의 보험료징수 등에 관한 법률 시행령[시행2025. 12. 23.] [대통령령 제35935호,2025. 12. 45., 일부개정]",제18조의2 산재예방요율의 적용
4846,"고용보험 및 산업재해보상보험의 보험료징수 등에 관한 법률 시행령[시행2025. 12. 23.] [대통령령 제35935호,2025. 12. 46., 일부개정]",제18조의3 재해예방활동의 인정기간 등
4847,"고용보험 및 산업재해보상보험의 보험료징수 등에 관한 법률 시행령[시행2025. 12. 23.] [대통령령 제35935호,2025. 12. 47., 일부개정]",제18조의4 산재예방요율의 적용기간
4848,"고용보험 및 산업재해보상보험의 보험료징수 등에 관한 법률 시행령[시행2025. 12. 23.] [대통령령 제35935호,2025. 12. 48., 일부개정]",제18조의5 재해예방활동의 인정 취소 제외 사유 등
4849,"고용보험 및 산업재해보상보험의 보험료징수 등에 관한 법률 시행령[시행2025. 12. 23.] [대통령령 제35935호,2025. 12. 49., 일부개정]",제18조의6 산재예방요율의 한시적 적용
4850,"고용보험 및 산업재해보상보험의 보험료징수 등에 관한 법률 시행령[시행2025. 12. 23.] [대통령령 제35935호,2025. 12. 50., 일부개정]",제18조의7 업무의 위탁기관
4851,"고용보험 및 산업재해보상보험의 보험료징수 등에 관한 법률 시행령[시행2025. 12. 23.] [대통령령 제35935호,2025. 12. 51., 일부개정]",제19조 고용보험료의 원천공제
4852,"고용보험 및 산업재해보상보험의 보험료징수 등에 관한 법률 시행령[시행2025. 12. 23.] [대통령령 제35935호,2025. 12. 52., 일부개정]",제19조의2 월별 부과ㆍ징수 제외대상 사업
4853,"고용보험 및 산업재해보상보험의 보험료징수 등에 관한 법률 시행령[시행2025. 12. 23.] [대통령령 제35935호,2025. 12. 53., 일부개정]",제19조의3 월평균보수의 산정방법 등
4854,"고용보험 및 산업재해보상보험의 보험료징수 등에 관한 법률 시행령[시행2025. 12. 23.] [대통령령 제35935호,2025. 12. 54., 일부개정]",제19조의4 월 중간에 종료되는 고용관계 변동 사유
4855,"고용보험 및 산업재해보상보험의 보험료징수 등에 관한 법률 시행령[시행2025. 12. 23.] [대통령령 제35935호,2025. 12. 55., 일부개정]",제19조의5 보험료 산정 시 월평균보수 등에서 제외하는 보수
4856,"고용보험 및 산업재해보상보험의 보험료징수 등에 관한 법률 시행령[시행2025. 12. 23.] [대통령령 제35935호,2025. 12. 56., 일부개정]",제19조의6 예술인의 고용보험료의 산정
4857,"고용보험 및 산업재해보상보험의 보험료징수 등에 관한 법률 시행령[시행2025. 12. 23.] [대통령령 제35935호,2025. 12. 57., 일부개정]",제19조의7 보수총액 등의 신고
4858,"고용보험 및 산업재해보상보험의 보험료징수 등에 관한 법률 시행령[시행2025. 12. 23.] [대통령령 제35935호,2025. 12. 58., 일부개정]",제19조의8 문서에 의한 보수총액 신고
4859,"고용보험 및 산업재해보상보험의 보험료징수 등에 관한 법률 시행령[시행2025. 12. 23.] [대통령령 제35935호,2025. 12. 59., 일부개정]",제19조의9 신용카드 등으로 하는 보험료등의 납부
4860,"고용보험 및 산업재해보상보험의 보험료징수 등에 관한 법률 시행령[시행2025. 12. 23.] [대통령령 제35935호,2025. 12. 60., 일부개정]",제20조 개산보험료의 신고와 납부
4861,"고용보험 및 산업재해보상보험의 보험료징수 등에 관한 법률 시행령[시행2025. 12. 23.] [대통령령 제35935호,2025. 12. 61., 일부개정]",제21조 전년도 보수총액의 적용
4862,"고용보험 및 산업재해보상보험의 보험료징수 등에 관한 법률 시행령[시행2025. 12. 23.] [대통령령 제35935호,2025. 12. 62., 일부개정]",제22조 개산보험료의 분할 납부
4863,"고용보험 및 산업재해보상보험의 보험료징수 등에 관한 법률 시행령[시행2025. 12. 23.] [대통령령 제35935호,2025. 12. 63., 일부개정]",제23조 개산보험료의 경정청구
4864,"고용보험 및 산업재해보상보험의 보험료징수 등에 관한 법률 시행령[시행2025. 12. 23.] [대통령령 제35935호,2025. 12. 64., 일부개정]",제24조 보험료율의 변동에 따른 보험료의 조정
4865,"고용보험 및 산업재해보상보험의 보험료징수 등에 관한 법률 시행령[시행2025. 12. 23.] [대통령령 제35935호,2025. 12. 65., 일부개정]",제25조 개산보험료의 감액조정의 기준
4866,"고용보험 및 산업재해보상보험의 보험료징수 등에 관한 법률 시행령[시행2025. 12. 23.] [대통령령 제35935호,2025. 12. 66., 일부개정]",제26조 확정보험료의 신고와 납부 등
4867,"고용보험 및 산업재해보상보험의 보험료징수 등에 관한 법률 시행령[시행2025. 12. 23.] [대통령령 제35935호,2025. 12. 67., 일부개정]",제27조 보험료징수의 특례
4868,"고용보험 및 산업재해보상보험의 보험료징수 등에 관한 법률 시행령[시행2025. 12. 23.] [대통령령 제35935호,2025. 12. 68., 일부개정]",제28조 고용보험료 지원대상
4869,"고용보험 및 산업재해보상보험의 보험료징수 등에 관한 법률 시행령[시행2025. 12. 23.] [대통령령 제35935호,2025. 12. 69., 일부개정]",제29조 고용보험료의 지원 수준 등
4870,"고용보험 및 산업재해보상보험의 보험료징수 등에 관한 법률 시행령[시행2025. 12. 23.] [대통령령 제35935호,2025. 12. 70., 일부개정]",제29조의2 월별보험료 납부 사업에 대한 지원 방법 및 절차
4871,"고용보험 및 산업재해보상보험의 보험료징수 등에 관한 법률 시행령[시행2025. 12. 23.] [대통령령 제35935호,2025. 12. 71., 일부개정]",제29조의3 고용보험료 신고ㆍ납부 사업에 대한 지원 방법 및 절차
4872,"고용보험 및 산업재해보상보험의 보험료징수 등에 관한 법률 시행령[시행2025. 12. 23.] [대통령령 제35935호,2025. 12. 72., 일부개정]",제30조 고용보험료 지원금의 환수
4873,"고용보험 및 산업재해보상보험의 보험료징수 등에 관한 법률 시행령[시행2025. 12. 23.] [대통령령 제35935호,2025. 12. 73., 일부개정]",제30조의2 천재지변 등에 따른 보험료 등의 경감 사유 등
4874,"고용보험 및 산업재해보상보험의 보험료징수 등에 관한 법률 시행령[시행2025. 12. 23.] [대통령령 제35935호,2025. 12. 74., 일부개정]",제30조의3 정보통신망을 이용한 신고 시의 보험료 경감 금액
4875,"고용보험 및 산업재해보상보험의 보험료징수 등에 관한 법률 시행령[시행2025. 12. 23.] [대통령령 제35935호,2025. 12. 75., 일부개정]",제30조의4 자동계좌이체 시의 보험료 경감 금액
4876,"고용보험 및 산업재해보상보험의 보험료징수 등에 관한 법률 시행령[시행2025. 12. 23.] [대통령령 제35935호,2025. 12. 76., 일부개정]",제30조의5 양수인의 제2차 납부의무
4877,"고용보험 및 산업재해보상보험의 보험료징수 등에 관한 법률 시행령[시행2025. 12. 23.] [대통령령 제35935호,2025. 12. 77., 일부개정]",제31조 보험료 등 과납액의 충당ㆍ반환 및 이자
4878,"고용보험 및 산업재해보상보험의 보험료징수 등에 관한 법률 시행령[시행2025. 12. 23.] [대통령령 제35935호,2025. 12. 78., 일부개정]",제31조의2 고용보험료 과납액의 근로자 반환
4879,"고용보험 및 산업재해보상보험의 보험료징수 등에 관한 법률 시행령[시행2025. 12. 23.] [대통령령 제35935호,2025. 12. 79., 일부개정]",제32조 가산금 징수의 예외
4880,"고용보험 및 산업재해보상보험의 보험료징수 등에 관한 법률 시행령[시행2025. 12. 23.] [대통령령 제35935호,2025. 12. 80., 일부개정]",제33조 연체금의 징수 등
4881,"고용보험 및 산업재해보상보험의 보험료징수 등에 관한 법률 시행령[시행2025. 12. 23.] [대통령령 제35935호,2025. 12. 81., 일부개정]",제34조 사업주에 대한 산재보험급여액의 징수기준
4882,"고용보험 및 산업재해보상보험의 보험료징수 등에 관한 법률 시행령[시행2025. 12. 23.] [대통령령 제35935호,2025. 12. 82., 일부개정]",제35조 산재보험가입자로부터의 보험급여액의 징수
4883,"고용보험 및 산업재해보상보험의 보험료징수 등에 관한 법률 시행령[시행2025. 12. 23.] [대통령령 제35935호,2025. 12. 83., 일부개정]",제36조 
4884,"고용보험 및 산업재해보상보험의 보험료징수 등에 관한 법률 시행령[시행2025. 12. 23.] [대통령령 제35935호,2025. 12. 84., 일부개정]",제37조 공매대행의 의뢰 등
4885,"고용보험 및 산업재해보상보험의 보험료징수 등에 관한 법률 시행령[시행2025. 12. 23.] [대통령령 제35935호,2025. 12. 85., 일부개정]",제38조 압류재산의 인도
4886,"고용보험 및 산업재해보상보험의 보험료징수 등에 관한 법률 시행령[시행2025. 12. 23.] [대통령령 제35935호,2025. 12. 86., 일부개정]",제39조 공매대행의 해제 요구
4887,"고용보험 및 산업재해보상보험의 보험료징수 등에 관한 법률 시행령[시행2025. 12. 23.] [대통령령 제35935호,2025. 12. 87., 일부개정]",제40조 공매대행에 관한 세부 사항
4888,"고용보험 및 산업재해보상보험의 보험료징수 등에 관한 법률 시행령[시행2025. 12. 23.] [대통령령 제35935호,2025. 12. 88., 일부개정]",제40조의2 상속재산의 가액
4889,"고용보험 및 산업재해보상보험의 보험료징수 등에 관한 법률 시행령[시행2025. 12. 23.] [대통령령 제35935호,2025. 12. 89., 일부개정]",제40조의3 상속인 대표자의 신고
4890,"고용보험 및 산업재해보상보험의 보험료징수 등에 관한 법률 시행령[시행2025. 12. 23.] [대통령령 제35935호,2025. 12. 90., 일부개정]",제40조의4 고액ㆍ상습 체납자의 인적사항 공개 제외 사유 등
4891,"고용보험 및 산업재해보상보험의 보험료징수 등에 관한 법률 시행령[시행2025. 12. 23.] [대통령령 제35935호,2025. 12. 91., 일부개정]",제40조의5 보험료정보공개심의위원회의 구성 및 운영
4892,"고용보험 및 산업재해보상보험의 보험료징수 등에 관한 법률 시행령[시행2025. 12. 23.] [대통령령 제35935호,2025. 12. 92., 일부개정]",제40조의6 「국세기본법 시행령」의 준용
4893,"고용보험 및 산업재해보상보험의 보험료징수 등에 관한 법률 시행령[시행2025. 12. 23.] [대통령령 제35935호,2025. 12. 93., 일부개정]",제41조 징수금의 결손처분
4894,"고용보험 및 산업재해보상보험의 보험료징수 등에 관한 법률 시행령[시행2025. 12. 23.] [대통령령 제35935호,2025. 12. 94., 일부개정]",제41조의2 체납 또는 결손처분 자료의 요구 등
4895,"고용보험 및 산업재해보상보험의 보험료징수 등에 관한 법률 시행령[시행2025. 12. 23.] [대통령령 제35935호,2025. 12. 95., 일부개정]",제41조의3 체납 또는 결손처분 자료 제공의 제외 사유
4896,"고용보험 및 산업재해보상보험의 보험료징수 등에 관한 법률 시행령[시행2025. 12. 23.] [대통령령 제35935호,2025. 12. 96., 일부개정]",제41조의4 체납 또는 결손처분 자료파일의 작성
4897,"고용보험 및 산업재해보상보험의 보험료징수 등에 관한 법률 시행령[시행2025. 12. 23.] [대통령령 제35935호,2025. 12. 97., 일부개정]",제41조의5 보험료등의 완납증명이 필요한 경우 등
4898,"고용보험 및 산업재해보상보험의 보험료징수 등에 관한 법률 시행령[시행2025. 12. 23.] [대통령령 제35935호,2025. 12. 98., 일부개정]",제42조 산재보험료 및 부담금의 정산ㆍ납입
4899,"고용보험 및 산업재해보상보험의 보험료징수 등에 관한 법률 시행령[시행2025. 12. 23.] [대통령령 제35935호,2025. 12. 99., 일부개정]",제43조 보험료 등의 회계기관
4900,"고용보험 및 산업재해보상보험의 보험료징수 등에 관한 법률 시행령[시행2025. 12. 23.] [대통령령 제35935호,2025. 12. 100., 일부개정]",제43조의2 서류의 송달
4901,"고용보험 및 산업재해보상보험의 보험료징수 등에 관한 법률 시행령[시행2025. 12. 23.] [대통령령 제35935호,2025. 12. 101., 일부개정]",제44조 제4장 보험사무대행기관
4902,"고용보험 및 산업재해보상보험의 보험료징수 등에 관한 법률 시행령[시행2025. 12. 23.] [대통령령 제35935호,2025. 12. 102., 일부개정]",제44조 보험사무대행기관
4903,"고용보험 및 산업재해보상보험의 보험료징수 등에 관한 법률 시행령[시행2025. 12. 23.] [대통령령 제35935호,2025. 12. 103., 일부개정]",제45조 보험사무를 위임할 수 있는 사업주의 범위
4904,"고용보험 및 산업재해보상보험의 보험료징수 등에 관한 법률 시행령[시행2025. 12. 23.] [대통령령 제35935호,2025. 12. 104., 일부개정]",제46조 위임대상 보험사무의 범위
4905,"고용보험 및 산업재해보상보험의 보험료징수 등에 관한 법률 시행령[시행2025. 12. 23.] [대통령령 제35935호,2025. 12. 105., 일부개정]",제47조 보험사무대행기관의 인가
4906,"고용보험 및 산업재해보상보험의 보험료징수 등에 관한 법률 시행령[시행2025. 12. 23.] [대통령령 제35935호,2025. 12. 106., 일부개정]",제48조 보험사무대행기관 인가의 제한 기간 등
4907,"고용보험 및 산업재해보상보험의 보험료징수 등에 관한 법률 시행령[시행2025. 12. 23.] [대통령령 제35935호,2025. 12. 107., 일부개정]",제49조 청문
4908,"고용보험 및 산업재해보상보험의 보험료징수 등에 관한 법률 시행령[시행2025. 12. 23.] [대통령령 제35935호,2025. 12. 108., 일부개정]",제50조 보험사무대행기관의 통지
4909,"고용보험 및 산업재해보상보험의 보험료징수 등에 관한 법률 시행령[시행2025. 12. 23.] [대통령령 제35935호,2025. 12. 109., 일부개정]",제51조 보험사무대행기관의 장부 비치 등
4910,"고용보험 및 산업재해보상보험의 보험료징수 등에 관한 법률 시행령[시행2025. 12. 23.] [대통령령 제35935호,2025. 12. 110., 일부개정]",제52조 보험사무대행기관에 대한 지원
4911,"고용보험 및 산업재해보상보험의 보험료징수 등에 관한 법률 시행령[시행2025. 12. 23.] [대통령령 제35935호,2025. 12. 111., 일부개정]",제53조 보험사무대행기관에 대한 지원 제한
4912,"고용보험 및 산업재해보상보험의 보험료징수 등에 관한 법률 시행령[시행2025. 12. 23.] [대통령령 제35935호,2025. 12. 112., 일부개정]",제54조 보험사무대행지원금의 부담
4913,"고용보험 및 산업재해보상보험의 보험료징수 등에 관한 법률 시행령[시행2025. 12. 23.] [대통령령 제35935호,2025. 12. 113., 일부개정]",제54조의2 제공요청 대상 자료의 범위
4914,"고용보험 및 산업재해보상보험의 보험료징수 등에 관한 법률 시행령[시행2025. 12. 23.] [대통령령 제35935호,2025. 12. 114., 일부개정]",제55조 제5장 보칙
4915,"고용보험 및 산업재해보상보험의 보험료징수 등에 관한 법률 시행령[시행2025. 12. 23.] [대통령령 제35935호,2025. 12. 115., 일부개정]",제55조 보고ㆍ제출ㆍ조사
4916,"고용보험 및 산업재해보상보험의 보험료징수 등에 관한 법률 시행령[시행2025. 12. 23.] [대통령령 제35935호,2025. 12. 116., 일부개정]",제56조 권한의 위임 및 위탁
4917,"고용보험 및 산업재해보상보험의 보험료징수 등에 관한 법률 시행령[시행2025. 12. 23.] [대통령령 제35935호,2025. 12. 117., 일부개정]",제56조의2 예산 및 사업운영계획의 승인
4918,"고용보험 및 산업재해보상보험의 보험료징수 등에 관한 법률 시행령[시행2025. 12. 23.] [대통령령 제35935호,2025. 12. 118., 일부개정]",제56조의3 실적 및 결산서의 제출
4919,"고용보험 및 산업재해보상보험의 보험료징수 등에 관한 법률 시행령[시행2025. 12. 23.] [대통령령 제35935호,2025. 12. 119., 일부개정]",제56조의4 보험료 등 징수 현황 보고
4920,"고용보험 및 산업재해보상보험의 보험료징수 등에 관한 법률 시행령[시행2025. 12. 23.] [대통령령 제35935호,2025. 12. 120., 일부개정]",제56조의5 예술인 고용보험 특례
4921,"고용보험 및 산업재해보상보험의 보험료징수 등에 관한 법률 시행령[시행2025. 12. 23.] [대통령령 제35935호,2025. 12. 121., 일부개정]",제56조의6 노무제공자 고용보험 특례
4922,"고용보험 및 산업재해보상보험의 보험료징수 등에 관한 법률 시행령[시행2025. 12. 23.] [대통령령 제35935호,2025. 12. 122., 일부개정]",제56조의7 노무제공플랫폼사업자에 대한 특례
4923,"고용보험 및 산업재해보상보험의 보험료징수 등에 관한 법률 시행령[시행2025. 12. 23.] [대통령령 제35935호,2025. 12. 123., 일부개정]",제56조의8 산재보험 노무제공자의 월 보수액 등
4924,"고용보험 및 산업재해보상보험의 보험료징수 등에 관한 법률 시행령[시행2025. 12. 23.] [대통령령 제35935호,2025. 12. 124., 일부개정]",제56조의9 산재보험 노무제공자의 휴업 신고 사유
4925,"고용보험 및 산업재해보상보험의 보험료징수 등에 관한 법률 시행령[시행2025. 12. 23.] [대통령령 제35935호,2025. 12. 125., 일부개정]",제56조의10 산재보험 노무제공자의 보험료 부담분의 산정
4926,"고용보험 및 산업재해보상보험의 보험료징수 등에 관한 법률 시행령[시행2025. 12. 23.] [대통령령 제35935호,2025. 12. 126., 일부개정]",제56조의11 산재보험 노무제공자에 대한 산재보험료의 감면
4927,"고용보험 및 산업재해보상보험의 보험료징수 등에 관한 법률 시행령[시행2025. 12. 23.] [대통령령 제35935호,2025. 12. 127., 일부개정]",제56조의13 산재보험 노무제공자의 월 보수액의 정정신고
4928,"고용보험 및 산업재해보상보험의 보험료징수 등에 관한 법률 시행령[시행2025. 12. 23.] [대통령령 제35935호,2025. 12. 128., 일부개정]",제56조의14 산재보험 노무제공자의 산재보험료 원천공제
4929,"고용보험 및 산업재해보상보험의 보험료징수 등에 관한 법률 시행령[시행2025. 12. 23.] [대통령령 제35935호,2025. 12. 129., 일부개정]",제56조의15 플랫폼 운영자의 월 보수액 신고 등
4930,"고용보험 및 산업재해보상보험의 보험료징수 등에 관한 법률 시행령[시행2025. 12. 23.] [대통령령 제35935호,2025. 12. 130., 일부개정]",제56조의16 플랫폼 종사자의 산재보험료 원천공제 및 납부
4931,"고용보험 및 산업재해보상보험의 보험료징수 등에 관한 법률 시행령[시행2025. 12. 23.] [대통령령 제35935호,2025. 12. 131., 일부개정]",제56조의17 플랫폼 운영자에 대한 지원
4932,"고용보험 및 산업재해보상보험의 보험료징수 등에 관한 법률 시행령[시행2025. 12. 23.] [대통령령 제35935호,2025. 12. 132., 일부개정]",제56조의18 가입대상 자영업자
4933,"고용보험 및 산업재해보상보험의 보험료징수 등에 관한 법률 시행령[시행2025. 12. 23.] [대통령령 제35935호,2025. 12. 133., 일부개정]",제56조의19 자영업자 고용보험료율
4934,"고용보험 및 산업재해보상보험의 보험료징수 등에 관한 법률 시행령[시행2025. 12. 23.] [대통령령 제35935호,2025. 12. 134., 일부개정]",제56조의20 준용
4935,"고용보험 및 산업재해보상보험의 보험료징수 등에 관한 법률 시행령[시행2025. 12. 23.] [대통령령 제35935호,2025. 12. 135., 일부개정]",제56조의21 산재보험관리기구에 대한 지원
4936,"고용보험 및 산업재해보상보험의 보험료징수 등에 관한 법률 시행령[시행2025. 12. 23.] [대통령령 제35935호,2025. 12. 136., 일부개정]",제56조의22 고유식별정보의 처리
4937,"고용보험 및 산업재해보상보험의 보험료징수 등에 관한 법률 시행령[시행2025. 12. 23.] [대통령령 제35935호,2025. 12. 137., 일부개정]",제56조의23 규제의 재검토
4938,"고용보험 및 산업재해보상보험의 보험료징수 등에 관한 법률 시행령[시행2025. 12. 23.] [대통령령 제35935호,2025. 12. 138., 일부개정]",제57조 제6장 과태료
4939,"고용보험 및 산업재해보상보험의 보험료징수 등에 관한 법률 시행령[시행2025. 12. 23.] [대통령령 제35935호,2025. 12. 139., 일부개정]",제57조 과태료의 부과기준
4940,"고용보험 및 산업재해보상보험의 보험료징수 등에 관한 법률 시행령[시행2025. 12. 23.] [대통령령 제35935호,2025. 12. 140., 일부개정]",제56조의12 산재보험 노무제공자의 월 보수액 신고 등
4941,"고용보험 및 산업재해보상보험의 보험료징수 등에 관한 법률 시행규칙[시행2026. 7. 1.] [고용노동부령 제473호,2026. 7. 1., 일부개정]",제1조 제1장 총칙
4942,"고용보험 및 산업재해보상보험의 보험료징수 등에 관한 법률 시행규칙[시행2026. 7. 1.] [고용노동부령 제473호,2026. 7. 2., 일부개정]",제1조 목적
4943,"고용보험 및 산업재해보상보험의 보험료징수 등에 관한 법률 시행규칙[시행2026. 7. 1.] [고용노동부령 제473호,2026. 7. 3., 일부개정]",제2조 대리인 선임 또는 해임신고
4944,"고용보험 및 산업재해보상보험의 보험료징수 등에 관한 법률 시행규칙[시행2026. 7. 1.] [고용노동부령 제473호,2026. 7. 4., 일부개정]",제2조의2 정보통신망을 이용한 신고 또는 신청의 방법ㆍ절차 등
4945,"고용보험 및 산업재해보상보험의 보험료징수 등에 관한 법률 시행규칙[시행2026. 7. 1.] [고용노동부령 제473호,2026. 7. 5., 일부개정]",제3조 제2장 보험관계의 성립 및 소멸
4946,"고용보험 및 산업재해보상보험의 보험료징수 등에 관한 법률 시행규칙[시행2026. 7. 1.] [고용노동부령 제473호,2026. 7. 6., 일부개정]",제3조 보험의 가입ㆍ해지신청
4947,"고용보험 및 산업재해보상보험의 보험료징수 등에 관한 법률 시행규칙[시행2026. 7. 1.] [고용노동부령 제473호,2026. 7. 7., 일부개정]",제4조 일괄적용 승인신청
4948,"고용보험 및 산업재해보상보험의 보험료징수 등에 관한 법률 시행규칙[시행2026. 7. 1.] [고용노동부령 제473호,2026. 7. 8., 일부개정]",제5조 일괄적용 해지신청
4949,"고용보험 및 산업재해보상보험의 보험료징수 등에 관한 법률 시행규칙[시행2026. 7. 1.] [고용노동부령 제473호,2026. 7. 9., 일부개정]",제6조 하수급인에 대한 사업주 인정 승인
4950,"고용보험 및 산업재해보상보험의 보험료징수 등에 관한 법률 시행규칙[시행2026. 7. 1.] [고용노동부령 제473호,2026. 7. 10., 일부개정]",제7조 보험관계의 성립ㆍ소멸신고
4951,"고용보험 및 산업재해보상보험의 보험료징수 등에 관한 법률 시행규칙[시행2026. 7. 1.] [고용노동부령 제473호,2026. 7. 11., 일부개정]",제8조 일괄적용사업의 사업 개시ㆍ종료 신고 등
4952,"고용보험 및 산업재해보상보험의 보험료징수 등에 관한 법률 시행규칙[시행2026. 7. 1.] [고용노동부령 제473호,2026. 7. 12., 일부개정]",제9조 보험관계 성립ㆍ소멸 등의 통지 등
4953,"고용보험 및 산업재해보상보험의 보험료징수 등에 관한 법률 시행규칙[시행2026. 7. 1.] [고용노동부령 제473호,2026. 7. 13., 일부개정]",제10조 보험관계의 변경신고
4954,"고용보험 및 산업재해보상보험의 보험료징수 등에 관한 법률 시행규칙[시행2026. 7. 1.] [고용노동부령 제473호,2026. 7. 14., 일부개정]",제11조 제3장 보험료
4955,"고용보험 및 산업재해보상보험의 보험료징수 등에 관한 법률 시행규칙[시행2026. 7. 1.] [고용노동부령 제473호,2026. 7. 15., 일부개정]",제11조 보험료 대행납부
4956,"고용보험 및 산업재해보상보험의 보험료징수 등에 관한 법률 시행규칙[시행2026. 7. 1.] [고용노동부령 제473호,2026. 7. 16., 일부개정]",제12조 사업 종류별 산재보험료율의 결정
4957,"고용보험 및 산업재해보상보험의 보험료징수 등에 관한 법률 시행규칙[시행2026. 7. 1.] [고용노동부령 제473호,2026. 7. 17., 일부개정]",제12조의2 통상적인 경로와 방법으로 출퇴근하는 중 발생한 재해에 관한 산재보험료율의 결정
4958,"고용보험 및 산업재해보상보험의 보험료징수 등에 관한 법률 시행규칙[시행2026. 7. 1.] [고용노동부령 제473호,2026. 7. 18., 일부개정]",제13조 개별실적요율의 결정
4959,"고용보험 및 산업재해보상보험의 보험료징수 등에 관한 법률 시행규칙[시행2026. 7. 1.] [고용노동부령 제473호,2026. 7. 19., 일부개정]",제13조의2 재해예방활동의 인정 신청 등
4960,"고용보험 및 산업재해보상보험의 보험료징수 등에 관한 법률 시행규칙[시행2026. 7. 1.] [고용노동부령 제473호,2026. 7. 20., 일부개정]",제13조의3 산재예방요율의 결정
4961,"고용보험 및 산업재해보상보험의 보험료징수 등에 관한 법률 시행규칙[시행2026. 7. 1.] [고용노동부령 제473호,2026. 7. 21., 일부개정]",제14조 공제계산서의 작성ㆍ발급 등
4962,"고용보험 및 산업재해보상보험의 보험료징수 등에 관한 법률 시행규칙[시행2026. 7. 1.] [고용노동부령 제473호,2026. 7. 22., 일부개정]",제15조 고용보험료의 원천공제
4963,"고용보험 및 산업재해보상보험의 보험료징수 등에 관한 법률 시행규칙[시행2026. 7. 1.] [고용노동부령 제473호,2026. 7. 23., 일부개정]",제16조 고용보험료 원천공제의 위임
4964,"고용보험 및 산업재해보상보험의 보험료징수 등에 관한 법률 시행규칙[시행2026. 7. 1.] [고용노동부령 제473호,2026. 7. 24., 일부개정]",제16조의2 
4965,"고용보험 및 산업재해보상보험의 보험료징수 등에 관한 법률 시행규칙[시행2026. 7. 1.] [고용노동부령 제473호,2026. 7. 25., 일부개정]",제16조의3 월평균보수의 변경신고
4966,"고용보험 및 산업재해보상보험의 보험료징수 등에 관한 법률 시행규칙[시행2026. 7. 1.] [고용노동부령 제473호,2026. 7. 26., 일부개정]",제16조의4 조사 등에 따른 월별보험료의 산정 결과 통보
4967,"고용보험 및 산업재해보상보험의 보험료징수 등에 관한 법률 시행규칙[시행2026. 7. 1.] [고용노동부령 제473호,2026. 7. 27., 일부개정]",제16조의5 월별보험료의 전자문서 고지 등
4968,"고용보험 및 산업재해보상보험의 보험료징수 등에 관한 법률 시행규칙[시행2026. 7. 1.] [고용노동부령 제473호,2026. 7. 28., 일부개정]",제16조의6 보수총액 등의 신고
4969,"고용보험 및 산업재해보상보험의 보험료징수 등에 관한 법률 시행규칙[시행2026. 7. 1.] [고용노동부령 제473호,2026. 7. 29., 일부개정]",제16조의7 고용ㆍ노무 등의 개시ㆍ종료 신고
4970,"고용보험 및 산업재해보상보험의 보험료징수 등에 관한 법률 시행규칙[시행2026. 7. 1.] [고용노동부령 제473호,2026. 7. 30., 일부개정]",제16조의8 노무제공플랫폼사업자의 신고 등
4971,"고용보험 및 산업재해보상보험의 보험료징수 등에 관한 법률 시행규칙[시행2026. 7. 1.] [고용노동부령 제473호,2026. 7. 31., 일부개정]",제16조의9 휴직ㆍ전보 등의 신고
4972,"고용보험 및 산업재해보상보험의 보험료징수 등에 관한 법률 시행규칙[시행2026. 7. 1.] [고용노동부령 제473호,2026. 7. 32., 일부개정]",제16조의10 보수총액의 수정신고
4973,"고용보험 및 산업재해보상보험의 보험료징수 등에 관한 법률 시행규칙[시행2026. 7. 1.] [고용노동부령 제473호,2026. 7. 33., 일부개정]",제17조 개산보험료의 신고와 납부
4974,"고용보험 및 산업재해보상보험의 보험료징수 등에 관한 법률 시행규칙[시행2026. 7. 1.] [고용노동부령 제473호,2026. 7. 34., 일부개정]",제18조 개산보험료의 분할 납부
4975,"고용보험 및 산업재해보상보험의 보험료징수 등에 관한 법률 시행규칙[시행2026. 7. 1.] [고용노동부령 제473호,2026. 7. 35., 일부개정]",제18조의2 전액 납부에 따른 경감액
4976,"고용보험 및 산업재해보상보험의 보험료징수 등에 관한 법률 시행규칙[시행2026. 7. 1.] [고용노동부령 제473호,2026. 7. 36., 일부개정]",제19조 개산보험료 및 확정보험료의 경정청구
4977,"고용보험 및 산업재해보상보험의 보험료징수 등에 관한 법률 시행규칙[시행2026. 7. 1.] [고용노동부령 제473호,2026. 7. 37., 일부개정]",제20조 보험료의 추가 징수 등 통지
4978,"고용보험 및 산업재해보상보험의 보험료징수 등에 관한 법률 시행규칙[시행2026. 7. 1.] [고용노동부령 제473호,2026. 7. 38., 일부개정]",제21조 개산보험료의 감액 조정신청
4979,"고용보험 및 산업재해보상보험의 보험료징수 등에 관한 법률 시행규칙[시행2026. 7. 1.] [고용노동부령 제473호,2026. 7. 39., 일부개정]",제22조 확정보험료의 신고와 납부
4980,"고용보험 및 산업재해보상보험의 보험료징수 등에 관한 법률 시행규칙[시행2026. 7. 1.] [고용노동부령 제473호,2026. 7. 40., 일부개정]",제23조 확정보험료의 수정신고
4981,"고용보험 및 산업재해보상보험의 보험료징수 등에 관한 법률 시행규칙[시행2026. 7. 1.] [고용노동부령 제473호,2026. 7. 41., 일부개정]",제24조 보험료 징수의 특례 적용
4982,"고용보험 및 산업재해보상보험의 보험료징수 등에 관한 법률 시행규칙[시행2026. 7. 1.] [고용노동부령 제473호,2026. 7. 42., 일부개정]",제25조 고용보험료의 지원신청 등
4983,"고용보험 및 산업재해보상보험의 보험료징수 등에 관한 법률 시행규칙[시행2026. 7. 1.] [고용노동부령 제473호,2026. 7. 43., 일부개정]",제26조 
4984,"고용보험 및 산업재해보상보험의 보험료징수 등에 관한 법률 시행규칙[시행2026. 7. 1.] [고용노동부령 제473호,2026. 7. 44., 일부개정]",제27조 
4985,"고용보험 및 산업재해보상보험의 보험료징수 등에 관한 법률 시행규칙[시행2026. 7. 1.] [고용노동부령 제473호,2026. 7. 45., 일부개정]",제28조 
4986,"고용보험 및 산업재해보상보험의 보험료징수 등에 관한 법률 시행규칙[시행2026. 7. 1.] [고용노동부령 제473호,2026. 7. 46., 일부개정]",제28조의2 보험료등의 경감 신청 등
4987,"고용보험 및 산업재해보상보험의 보험료징수 등에 관한 법률 시행규칙[시행2026. 7. 1.] [고용노동부령 제473호,2026. 7. 47., 일부개정]",제29조 보험료의 충당ㆍ반환
4988,"고용보험 및 산업재해보상보험의 보험료징수 등에 관한 법률 시행규칙[시행2026. 7. 1.] [고용노동부령 제473호,2026. 7. 48., 일부개정]",제30조 보험급여액 징수의 통지
4989,"고용보험 및 산업재해보상보험의 보험료징수 등에 관한 법률 시행규칙[시행2026. 7. 1.] [고용노동부령 제473호,2026. 7. 49., 일부개정]",제31조 징수금의 납입통지
4990,"고용보험 및 산업재해보상보험의 보험료징수 등에 관한 법률 시행규칙[시행2026. 7. 1.] [고용노동부령 제473호,2026. 7. 50., 일부개정]",제31조의2 정보통신망을 이용한 전자문서에 의한 통지
4991,"고용보험 및 산업재해보상보험의 보험료징수 등에 관한 법률 시행규칙[시행2026. 7. 1.] [고용노동부령 제473호,2026. 7. 51., 일부개정]",제32조 전자문서 독촉의 신청방법 등
4992,"고용보험 및 산업재해보상보험의 보험료징수 등에 관한 법률 시행규칙[시행2026. 7. 1.] [고용노동부령 제473호,2026. 7. 52., 일부개정]",제32조의2 보험료등의 납부기한 전 징수통지
4993,"고용보험 및 산업재해보상보험의 보험료징수 등에 관한 법률 시행규칙[시행2026. 7. 1.] [고용노동부령 제473호,2026. 7. 53., 일부개정]",제32조의3 분할 납부의 신청 등
4994,"고용보험 및 산업재해보상보험의 보험료징수 등에 관한 법률 시행규칙[시행2026. 7. 1.] [고용노동부령 제473호,2026. 7. 54., 일부개정]",제32조의4 분할 납부의 승인 통지
4995,"고용보험 및 산업재해보상보험의 보험료징수 등에 관한 법률 시행규칙[시행2026. 7. 1.] [고용노동부령 제473호,2026. 7. 55., 일부개정]",제32조의5 분할 납부의 승인취소 통지
4996,"고용보험 및 산업재해보상보험의 보험료징수 등에 관한 법률 시행규칙[시행2026. 7. 1.] [고용노동부령 제473호,2026. 7. 56., 일부개정]",제33조 공매대행 수수료
4997,"고용보험 및 산업재해보상보험의 보험료징수 등에 관한 법률 시행규칙[시행2026. 7. 1.] [고용노동부령 제473호,2026. 7. 57., 일부개정]",제33조의2 상속인 대표자 신고
4998,"고용보험 및 산업재해보상보험의 보험료징수 등에 관한 법률 시행규칙[시행2026. 7. 1.] [고용노동부령 제473호,2026. 7. 58., 일부개정]",제33조의3 「국세징수법 시행규칙」의 준용
4999,"고용보험 및 산업재해보상보험의 보험료징수 등에 관한 법률 시행규칙[시행2026. 7. 1.] [고용노동부령 제473호,2026. 7. 59., 일부개정]",제34조 제4장 보험사무대행기관
5000,"고용보험 및 산업재해보상보험의 보험료징수 등에 관한 법률 시행규칙[시행2026. 7. 1.] [고용노동부령 제473호,2026. 7. 60., 일부개정]",제34조 보험사무의 수임 또는 수임해지 신고
5001,"고용보험 및 산업재해보상보험의 보험료징수 등에 관한 법률 시행규칙[시행2026. 7. 1.] [고용노동부령 제473호,2026. 7. 61., 일부개정]",제35조 보험사무대행기관의 인가신청서 등
5002,"고용보험 및 산업재해보상보험의 보험료징수 등에 관한 법률 시행규칙[시행2026. 7. 1.] [고용노동부령 제473호,2026. 7. 62., 일부개정]",제36조 보험사무대행기관 인가취소의 통지
5003,"고용보험 및 산업재해보상보험의 보험료징수 등에 관한 법률 시행규칙[시행2026. 7. 1.] [고용노동부령 제473호,2026. 7. 63., 일부개정]",제37조 보험사무대행기관의 비치장부 등
5004,"고용보험 및 산업재해보상보험의 보험료징수 등에 관한 법률 시행규칙[시행2026. 7. 1.] [고용노동부령 제473호,2026. 7. 64., 일부개정]",제38조 보험사무대행기관의 보험사무지원금 신청
5005,"고용보험 및 산업재해보상보험의 보험료징수 등에 관한 법률 시행규칙[시행2026. 7. 1.] [고용노동부령 제473호,2026. 7. 65., 일부개정]",제39조 제5장 보칙
5006,"고용보험 및 산업재해보상보험의 보험료징수 등에 관한 법률 시행규칙[시행2026. 7. 1.] [고용노동부령 제473호,2026. 7. 66., 일부개정]",제39조 보험료등의 기금에의 납입
5007,"고용보험 및 산업재해보상보험의 보험료징수 등에 관한 법률 시행규칙[시행2026. 7. 1.] [고용노동부령 제473호,2026. 7. 67., 일부개정]",제40조 납부기한의 연장
5008,"고용보험 및 산업재해보상보험의 보험료징수 등에 관한 법률 시행규칙[시행2026. 7. 1.] [고용노동부령 제473호,2026. 7. 68., 일부개정]",제41조 증표
5009,"고용보험 및 산업재해보상보험의 보험료징수 등에 관한 법률 시행규칙[시행2026. 7. 1.] [고용노동부령 제473호,2026. 7. 69., 일부개정]",제42조 해외파견자에 대한 산재보험 가입신청 및 승인
5010,"고용보험 및 산업재해보상보험의 보험료징수 등에 관한 법률 시행규칙[시행2026. 7. 1.] [고용노동부령 제473호,2026. 7. 70., 일부개정]",제42조의2 노무제공자의 월 보수액 신고
5011,"고용보험 및 산업재해보상보험의 보험료징수 등에 관한 법률 시행규칙[시행2026. 7. 1.] [고용노동부령 제473호,2026. 7. 71., 일부개정]",제42조의3 노무제공플랫폼사업자의 지원 신청 등
5012,"고용보험 및 산업재해보상보험의 보험료징수 등에 관한 법률 시행규칙[시행2026. 7. 1.] [고용노동부령 제473호,2026. 7. 72., 일부개정]",제42조의4 학생연구자의 산재보험료 신고ㆍ납부 등
5013,"고용보험 및 산업재해보상보험의 보험료징수 등에 관한 법률 시행규칙[시행2026. 7. 1.] [고용노동부령 제473호,2026. 7. 73., 일부개정]",제42조의5 산재보험 노무제공자의 휴업 신고
5014,"고용보험 및 산업재해보상보험의 보험료징수 등에 관한 법률 시행규칙[시행2026. 7. 1.] [고용노동부령 제473호,2026. 7. 74., 일부개정]",제42조의6 산재보험 노무제공자의 월 보수액 신고 등
5015,"고용보험 및 산업재해보상보험의 보험료징수 등에 관한 법률 시행규칙[시행2026. 7. 1.] [고용노동부령 제473호,2026. 7. 75., 일부개정]",제42조의7 산재보험 노무제공자의 월 보수액의 정정 신고
5016,"고용보험 및 산업재해보상보험의 보험료징수 등에 관한 법률 시행규칙[시행2026. 7. 1.] [고용노동부령 제473호,2026. 7. 76., 일부개정]",제42조의8 산재보험 노무제공자의 산재보험료 원천공제
5017,"고용보험 및 산업재해보상보험의 보험료징수 등에 관한 법률 시행규칙[시행2026. 7. 1.] [고용노동부령 제473호,2026. 7. 77., 일부개정]",제42조의9 산재보험 노무제공자의 이름 등 변경 신고
5018,"고용보험 및 산업재해보상보험의 보험료징수 등에 관한 법률 시행규칙[시행2026. 7. 1.] [고용노동부령 제473호,2026. 7. 78., 일부개정]",제42조의10 플랫폼 운영자의 신고 등
5019,"고용보험 및 산업재해보상보험의 보험료징수 등에 관한 법률 시행규칙[시행2026. 7. 1.] [고용노동부령 제473호,2026. 7. 79., 일부개정]",제42조의11 플랫폼 운영자 등의 플랫폼 종사자 월 보수액 신고 등
5020,"고용보험 및 산업재해보상보험의 보험료징수 등에 관한 법률 시행규칙[시행2026. 7. 1.] [고용노동부령 제473호,2026. 7. 80., 일부개정]",제42조의12 플랫폼 종사자의 산재보험료 원천공제
5021,"고용보험 및 산업재해보상보험의 보험료징수 등에 관한 법률 시행규칙[시행2026. 7. 1.] [고용노동부령 제473호,2026. 7. 81., 일부개정]",제42조의13 플랫폼 운영자의 보험사무 지원금 신청 등
5022,"고용보험 및 산업재해보상보험의 보험료징수 등에 관한 법률 시행규칙[시행2026. 7. 1.] [고용노동부령 제473호,2026. 7. 82., 일부개정]",제43조 
5023,"고용보험 및 산업재해보상보험의 보험료징수 등에 관한 법률 시행규칙[시행2026. 7. 1.] [고용노동부령 제473호,2026. 7. 83., 일부개정]",제43조의2 중소기업 사업주 등의 산재보험 가입신청 및 승인
5024,"고용보험 및 산업재해보상보험의 보험료징수 등에 관한 법률 시행규칙[시행2026. 7. 1.] [고용노동부령 제473호,2026. 7. 84., 일부개정]",제44조 중소기업 사업주 등의 산재보험료 신고ㆍ납부 등
5025,"고용보험 및 산업재해보상보험의 보험료징수 등에 관한 법률 시행규칙[시행2026. 7. 1.] [고용노동부령 제473호,2026. 7. 85., 일부개정]",제44조의2 자영업자의 고용보험 가입신청 등
5026,"고용보험 및 산업재해보상보험의 보험료징수 등에 관한 법률 시행규칙[시행2026. 7. 1.] [고용노동부령 제473호,2026. 7. 86., 일부개정]",제44조의3 
5027,"고용보험 및 산업재해보상보험의 보험료징수 등에 관한 법률 시행규칙[시행2026. 7. 1.] [고용노동부령 제473호,2026. 7. 87., 일부개정]",제44조의4 
5028,"고용보험 및 산업재해보상보험의 보험료징수 등에 관한 법률 시행규칙[시행2026. 7. 1.] [고용노동부령 제473호,2026. 7. 88., 일부개정]",제44조의5 
5029,"고용보험 및 산업재해보상보험의 보험료징수 등에 관한 법률 시행규칙[시행2026. 7. 1.] [고용노동부령 제473호,2026. 7. 89., 일부개정]",제44조의6 
5030,"고용보험 및 산업재해보상보험의 보험료징수 등에 관한 법률 시행규칙[시행2026. 7. 1.] [고용노동부령 제473호,2026. 7. 90., 일부개정]",제45조 준용
5031,"고용보험 및 산업재해보상보험의 보험료징수 등에 관한 법률 시행규칙[시행2026. 7. 1.] [고용노동부령 제473호,2026. 7. 91., 일부개정]",제46조 산재보험관리기구의 승인 등
5032,"고용보험 및 산업재해보상보험의 보험료징수 등에 관한 법률 시행규칙[시행2026. 7. 1.] [고용노동부령 제473호,2026. 7. 92., 일부개정]",제47조 산재보험관리기구의 산재보험관리기구지원금 신청
5033,"고용보험 및 산업재해보상보험의 보험료징수 등에 관한 법률 시행규칙[시행2026. 7. 1.] [고용노동부령 제473호,2026. 7. 93., 일부개정]",제48조 
5034,"고용보험 및 산업재해보상보험의 보험료징수 등에 관한 법률[시행2024. 1. 1.] [법률 제19209호,2022. 12. 31., 일부개정]",제5조 보험가입자
5035,"고용보험 및 산업재해보상보험의 보험료징수 등에 관한 법률[시행2024. 1. 1.] [법률 제19209호,2022. 12. 32., 일부개정]",제16조의5 보험료 산정의 특례
5036,"고용보험 및 산업재해보상보험의 보험료징수 등에 관한 법률[시행2024. 1. 1.] [법률 제19209호,2022. 12. 33., 일부개정]",제20조 보험료징수의 특례
5037,"고용보험 및 산업재해보상보험의 보험료징수 등에 관한 법률[시행2024. 1. 1.] [법률 제19209호,2022. 12. 34., 일부개정]",제22조의5 제2차 납부의무
5038,"고용보험 및 산업재해보상보험의 보험료징수 등에 관한 법률[시행2024. 1. 1.] [법률 제19209호,2022. 12. 35., 일부개정]",제28조의5 연대납부의무에 관한 「민법」의 준용
5039,"고용보험 및 산업재해보상보험의 보험료징수 등에 관한 법률[시행2024. 1. 1.] [법률 제19209호,2022. 12. 36., 일부개정]",제37조 보험사무대행기관에 대한 지원 등
5040,"고용보험 및 산업재해보상보험의 보험료징수 등에 관한 법률[시행2024. 1. 1.] [법률 제19209호,2022. 12. 37., 일부개정]",제42조 시효의 중단
5041,"고용보험 및 산업재해보상보험의 보험료징수 등에 관한 법률[시행2024. 1. 1.] [법률 제19209호,2022. 12. 38., 일부개정]",제47조 해외파견자에 대한 특례
5042,"고용보험 및 산업재해보상보험의 보험료징수 등에 관한 법률[시행2024. 1. 1.] [법률 제19209호,2022. 12. 39., 일부개정]",제49조의6 제6장 벌칙
5043,"고용보험 및 산업재해보상보험의 보험료징수 등에 관한 법률[시행2024. 1. 1.] [법률 제19209호,2022. 12. 40., 일부개정]",제4조의2 정보통신망을 이용한 신고 또는 신청
5044,"고용보험 및 산업재해보상보험의 보험료징수 등에 관한 법률[시행2024. 1. 1.] [법률 제19209호,2022. 12. 41., 일부개정]",제13조 보험료
5045,"고용보험 및 산업재해보상보험의 보험료징수 등에 관한 법률[시행2024. 1. 1.] [법률 제19209호,2022. 12. 42., 일부개정]",제16조의11 수정신고
5046,"고용보험 및 산업재해보상보험의 보험료징수 등에 관한 법률[시행2024. 1. 1.] [법률 제19209호,2022. 12. 43., 일부개정]",제22조의3 산재보험료등의 면제에 관한 특례
5047,"고용보험 및 산업재해보상보험의 보험료징수 등에 관한 법률[시행2024. 1. 1.] [법률 제19209호,2022. 12. 44., 일부개정]",제28조의2 법인의 합병으로 인한 납부의무의 승계
5048,"고용보험 및 산업재해보상보험의 보험료징수 등에 관한 법률[시행2024. 1. 1.] [법률 제19209호,2022. 12. 45., 일부개정]",제28조의6 고액ㆍ상습 체납자의 인적사항 공개
5049,"고용보험 및 산업재해보상보험의 보험료징수 등에 관한 법률[시행2024. 1. 1.] [법률 제19209호,2022. 12. 46., 일부개정]",제32조 서류의 송달
5050,"고용보험 및 산업재해보상보험의 보험료징수 등에 관한 법률[시행2024. 1. 1.] [법률 제19209호,2022. 12. 47., 일부개정]",제44조 보고
5051,"고용보험 및 산업재해보상보험의 보험료징수 등에 관한 법률[시행2024. 1. 1.] [법률 제19209호,2022. 12. 48., 일부개정]",제48조의7 플랫폼 운영자의 산재보험 특례
5052,"고용보험 및 산업재해보상보험의 보험료징수 등에 관한 법률[시행2024. 1. 1.] [법률 제19209호,2022. 12. 49., 일부개정]",제1조 목적
5053,"고용보험 및 산업재해보상보험의 보험료징수 등에 관한 법률[시행2024. 1. 1.] [법률 제19209호,2022. 12. 50., 일부개정]",제14조 보험료율의 결정
5054,"고용보험 및 산업재해보상보험의 보험료징수 등에 관한 법률[시행2024. 1. 1.] [법률 제19209호,2022. 12. 51., 일부개정]",제22조의4 산재보험료등의 면제에 따른 지원의 제한 등에 관한 특례
5055,"고용보험 및 산업재해보상보험의 보험료징수 등에 관한 법률[시행2024. 1. 1.] [법률 제19209호,2022. 12. 52., 일부개정]",제28조 징수금의 체납처분 등
5056,"고용보험 및 산업재해보상보험의 보험료징수 등에 관한 법률[시행2024. 1. 1.] [법률 제19209호,2022. 12. 53., 일부개정]",제28조의7 「국세기본법」의 준용
5057,"고용보험 및 산업재해보상보험의 보험료징수 등에 관한 법률[시행2024. 1. 1.] [법률 제19209호,2022. 12. 54., 일부개정]",제38조 제5장 보칙
5058,"고용보험 및 산업재해보상보험의 보험료징수 등에 관한 법률[시행2024. 1. 1.] [법률 제19209호,2022. 12. 55., 일부개정]",제48조 현장실습생에 대한 특례
5059,"고용보험 및 산업재해보상보험의 보험료징수 등에 관한 법률[시행2024. 1. 1.] [법률 제19209호,2022. 12. 56., 일부개정]",제49조의6 벌칙
5060,"고용보험 및 산업재해보상보험의 보험료징수 등에 관한 법률[시행2024. 1. 1.] [법률 제19209호,2022. 12. 57., 일부개정]",제50조 과태료
5061,"고용보험 및 산업재해보상보험의 보험료징수 등에 관한 법률[시행2024. 1. 1.] [법률 제19209호,2022. 12. 58., 일부개정]",제9조 도급사업의 일괄적용
5062,"고용보험 및 산업재해보상보험의 보험료징수 등에 관한 법률[시행2024. 1. 1.] [법률 제19209호,2022. 12. 59., 일부개정]",제16조의7 월별보험료의 납부기한
5063,"고용보험 및 산업재해보상보험의 보험료징수 등에 관한 법률[시행2024. 1. 1.] [법률 제19209호,2022. 12. 60., 일부개정]",제19조의2 보험료 납부방법의 변경시기
5064,"고용보험 및 산업재해보상보험의 보험료징수 등에 관한 법률[시행2024. 1. 1.] [법률 제19209호,2022. 12. 61., 일부개정]",제23조 보험료등 과납액의 충당 및 반환
5065,"고용보험 및 산업재해보상보험의 보험료징수 등에 관한 법률[시행2024. 1. 1.] [법률 제19209호,2022. 12. 62., 일부개정]",제34조 보험사무대행기관에 대한 통지
5066,"고용보험 및 산업재해보상보험의 보험료징수 등에 관한 법률[시행2024. 1. 1.] [법률 제19209호,2022. 12. 63., 일부개정]",제45조의2 소액 처리
5067,"고용보험 및 산업재해보상보험의 보험료징수 등에 관한 법률[시행2024. 1. 1.] [법률 제19209호,2022. 12. 64., 일부개정]",제49조의3 
5068,"고용보험 및 산업재해보상보험의 보험료징수 등에 관한 법률[시행2024. 1. 1.] [법률 제19209호,2022. 12. 65., 일부개정]",제1조 제1장 총칙
5069,"고용보험 및 산업재해보상보험의 보험료징수 등에 관한 법률[시행2024. 1. 1.] [법률 제19209호,2022. 12. 66., 일부개정]",제5조 제2장 보험관계의 성립 및 소멸
5070,"고용보험 및 산업재해보상보험의 보험료징수 등에 관한 법률[시행2024. 1. 1.] [법률 제19209호,2022. 12. 67., 일부개정]",제13조 제3장 보험료
5071,"고용보험 및 산업재해보상보험의 보험료징수 등에 관한 법률[시행2024. 1. 1.] [법률 제19209호,2022. 12. 68., 일부개정]",제16조의3 월별보험료의 산정
5072,"고용보험 및 산업재해보상보험의 보험료징수 등에 관한 법률[시행2024. 1. 1.] [법률 제19209호,2022. 12. 69., 일부개정]",제21조의2 지원금의 환수
5073,"고용보험 및 산업재해보상보험의 보험료징수 등에 관한 법률[시행2024. 1. 1.] [법률 제19209호,2022. 12. 70., 일부개정]",제27조의2 납부기한 전 징수
5074,"고용보험 및 산업재해보상보험의 보험료징수 등에 관한 법률[시행2024. 1. 1.] [법률 제19209호,2022. 12. 71., 일부개정]",제38조 보험료의 수납절차
5075,"고용보험 및 산업재해보상보험의 보험료징수 등에 관한 법률[시행2024. 1. 1.] [법률 제19209호,2022. 12. 72., 일부개정]",제48조의2 예술인 고용보험 특례
5076,"고용보험 및 산업재해보상보험의 보험료징수 등에 관한 법률[시행2024. 1. 1.] [법률 제19209호,2022. 12. 73., 일부개정]",제49조의2 자영업자에 대한 특례
5077,"고용보험 및 산업재해보상보험의 보험료징수 등에 관한 법률[시행2024. 1. 1.] [법률 제19209호,2022. 12. 74., 일부개정]",제7조 보험관계의 성립일
5078,"고용보험 및 산업재해보상보험의 보험료징수 등에 관한 법률[시행2024. 1. 1.] [법률 제19209호,2022. 12. 75., 일부개정]",제16조의6 조사 등에 따른 월별보험료 산정
5079,"고용보험 및 산업재해보상보험의 보험료징수 등에 관한 법률[시행2024. 1. 1.] [법률 제19209호,2022. 12. 76., 일부개정]",제19조 건설업 등의 확정보험료의 신고ㆍ납부 및 정산
5080,"고용보험 및 산업재해보상보험의 보험료징수 등에 관한 법률[시행2024. 1. 1.] [법률 제19209호,2022. 12. 77., 일부개정]",제23조의2 산재보험 진료비 등의 충당
5081,"고용보험 및 산업재해보상보험의 보험료징수 등에 관한 법률[시행2024. 1. 1.] [법률 제19209호,2022. 12. 78., 일부개정]",제26조의2 징수금의 징수우선순위
5082,"고용보험 및 산업재해보상보험의 보험료징수 등에 관한 법률[시행2024. 1. 1.] [법률 제19209호,2022. 12. 79., 일부개정]",제29조의3 금융거래정보의 제공 요청 등
5083,"고용보험 및 산업재해보상보험의 보험료징수 등에 관한 법률[시행2024. 1. 1.] [법률 제19209호,2022. 12. 80., 일부개정]",제40조 자료제공의 요청
5084,"고용보험 및 산업재해보상보험의 보험료징수 등에 관한 법률[시행2024. 1. 1.] [법률 제19209호,2022. 12. 81., 일부개정]",제48조의3 노무제공자의 고용보험 특례
5085,"고용보험 및 산업재해보상보험의 보험료징수 등에 관한 법률[시행2024. 1. 1.] [법률 제19209호,2022. 12. 82., 일부개정]",제8조 사업의 일괄적용
5086,"고용보험 및 산업재해보상보험의 보험료징수 등에 관한 법률[시행2024. 1. 1.] [법률 제19209호,2022. 12. 83., 일부개정]",제11조 보험관계의 신고
5087,"고용보험 및 산업재해보상보험의 보험료징수 등에 관한 법률[시행2024. 1. 1.] [법률 제19209호,2022. 12. 84., 일부개정]",제16조의9 보험료의 정산
5088,"고용보험 및 산업재해보상보험의 보험료징수 등에 관한 법률[시행2024. 1. 1.] [법률 제19209호,2022. 12. 85., 일부개정]",제17조 건설업 등의 개산보험료의 신고와 납부
5089,"고용보험 및 산업재해보상보험의 보험료징수 등에 관한 법률[시행2024. 1. 1.] [법률 제19209호,2022. 12. 86., 일부개정]",제25조 연체금의 징수
5090,"고용보험 및 산업재해보상보험의 보험료징수 등에 관한 법률[시행2024. 1. 1.] [법률 제19209호,2022. 12. 87., 일부개정]",제28조의4 연대납부의무
5091,"고용보험 및 산업재해보상보험의 보험료징수 등에 관한 법률[시행2024. 1. 1.] [법률 제19209호,2022. 12. 88., 일부개정]",제36조 보험사무대행기관의 장부비치 등
5092,"고용보험 및 산업재해보상보험의 보험료징수 등에 관한 법률[시행2024. 1. 1.] [법률 제19209호,2022. 12. 89., 일부개정]",제46조의2 업무의 지도ㆍ감독
5093,"고용보험 및 산업재해보상보험의 보험료징수 등에 관한 법률[시행2024. 1. 1.] [법률 제19209호,2022. 12. 90., 일부개정]",제48조의5 학생연구자에 대한 특례
5094,"고용보험 및 산업재해보상보험의 보험료징수 등에 관한 법률[시행2024. 1. 1.] [법률 제19209호,2022. 12. 91., 일부개정]",제49조의4 「국민기초생활 보장법」의 수급자에 대한 특례
5095,"고용보험 및 산업재해보상보험의 보험료징수 등에 관한 법률[시행2024. 1. 1.] [법률 제19209호,2022. 12. 92., 일부개정]",제2조 정의
5096,"고용보험 및 산업재해보상보험의 보험료징수 등에 관한 법률[시행2024. 1. 1.] [법률 제19209호,2022. 12. 93., 일부개정]",제4조 보험사업의 수행주체
5097,"고용보험 및 산업재해보상보험의 보험료징수 등에 관한 법률[시행2024. 1. 1.] [법률 제19209호,2022. 12. 94., 일부개정]",제16조의2 보험료의 부과ㆍ징수
5098,"고용보험 및 산업재해보상보험의 보험료징수 등에 관한 법률[시행2024. 1. 1.] [법률 제19209호,2022. 12. 95., 일부개정]",제16조의10 보수총액 등의 신고
5099,"고용보험 및 산업재해보상보험의 보험료징수 등에 관한 법률[시행2024. 1. 1.] [법률 제19209호,2022. 12. 96., 일부개정]",제22조 
5100,"고용보험 및 산업재해보상보험의 보험료징수 등에 관한 법률[시행2024. 1. 1.] [법률 제19209호,2022. 12. 97., 일부개정]",제27조 징수금의 통지 및 독촉
5101,"고용보험 및 산업재해보상보험의 보험료징수 등에 관한 법률[시행2024. 1. 1.] [법률 제19209호,2022. 12. 98., 일부개정]",제29조의4 보험료등의 완납증명
5102,"고용보험 및 산업재해보상보험의 보험료징수 등에 관한 법률[시행2024. 1. 1.] [법률 제19209호,2022. 12. 99., 일부개정]",제39조 납부기한의 연장
5103,"고용보험 및 산업재해보상보험의 보험료징수 등에 관한 법률[시행2024. 1. 1.] [법률 제19209호,2022. 12. 100., 일부개정]",제49조의7 양벌규정
5104,"고용보험 및 산업재해보상보험의 보험료징수 등에 관한 법률[시행2024. 1. 1.] [법률 제19209호,2022. 12. 101., 일부개정]",제15조 보험료율의 특례
5105,"고용보험 및 산업재해보상보험의 보험료징수 등에 관한 법률[시행2024. 1. 1.] [법률 제19209호,2022. 12. 102., 일부개정]",제16조의12 신용카드 등으로 하는 보험료등의 납부
5106,"고용보험 및 산업재해보상보험의 보험료징수 등에 관한 법률[시행2024. 1. 1.] [법률 제19209호,2022. 12. 103., 일부개정]",제26조 산재보험가입자로부터의 보험급여액 징수 등
5107,"고용보험 및 산업재해보상보험의 보험료징수 등에 관한 법률[시행2024. 1. 1.] [법률 제19209호,2022. 12. 104., 일부개정]",제29조 징수금의 결손처분
5108,"고용보험 및 산업재해보상보험의 보험료징수 등에 관한 법률[시행2024. 1. 1.] [법률 제19209호,2022. 12. 105., 일부개정]",제31조 산재보험료 및 부담금 징수 등에 관한 특례
5109,"고용보험 및 산업재해보상보험의 보험료징수 등에 관한 법률[시행2024. 1. 1.] [법률 제19209호,2022. 12. 106., 일부개정]",제43조 보험료 정산에 따른 권리의 소멸시효
5110,"고용보험 및 산업재해보상보험의 보험료징수 등에 관한 법률[시행2024. 1. 1.] [법률 제19209호,2022. 12. 107., 일부개정]",제48조의6 산재보험 노무제공자의 산재보험 특례
5111,"고용보험 및 산업재해보상보험의 보험료징수 등에 관한 법률[시행2024. 1. 1.] [법률 제19209호,2022. 12. 108., 일부개정]",제3조 기준보수
5112,"고용보험 및 산업재해보상보험의 보험료징수 등에 관한 법률[시행2024. 1. 1.] [법률 제19209호,2022. 12. 109., 일부개정]",제16조 고용보험료의 원천공제
5113,"고용보험 및 산업재해보상보험의 보험료징수 등에 관한 법률[시행2024. 1. 1.] [법률 제19209호,2022. 12. 110., 일부개정]",제22조의2 보험료 등의 경감
5114,"고용보험 및 산업재해보상보험의 보험료징수 등에 관한 법률[시행2024. 1. 1.] [법률 제19209호,2022. 12. 111., 일부개정]",제28조의3 상속으로 인한 납부의무의 승계
5115,"고용보험 및 산업재해보상보험의 보험료징수 등에 관한 법률[시행2024. 1. 1.] [법률 제19209호,2022. 12. 112., 일부개정]",제33조 보험사무대행기관
5116,"고용보험 및 산업재해보상보험의 보험료징수 등에 관한 법률[시행2024. 1. 1.] [법률 제19209호,2022. 12. 113., 일부개정]",제45조 조사
5117,"고용보험 및 산업재해보상보험의 보험료징수 등에 관한 법률[시행2024. 1. 1.] [법률 제19209호,2022. 12. 114., 일부개정]",제49조 중소기업 사업주에 대한 특례
5118,"고용보험 및 산업재해보상보험의 보험료징수 등에 관한 법률[시행2024. 1. 1.] [법률 제19209호,2022. 12. 115., 일부개정]",제6조 보험의 의제가입
5119,"고용보험 및 산업재해보상보험의 보험료징수 등에 관한 법률[시행2024. 1. 1.] [법률 제19209호,2022. 12. 116., 일부개정]",제12조 보험관계의 변경신고
5120,"고용보험 및 산업재해보상보험의 보험료징수 등에 관한 법률[시행2024. 1. 1.] [법률 제19209호,2022. 12. 117., 일부개정]",제16조의4 월 중간 고용관계 변동 등에 따른 월별보험료 산정
5121,"고용보험 및 산업재해보상보험의 보험료징수 등에 관한 법률[시행2024. 1. 1.] [법률 제19209호,2022. 12. 118., 일부개정]",제21조 고용보험료의 지원
5122,"고용보험 및 산업재해보상보험의 보험료징수 등에 관한 법률[시행2024. 1. 1.] [법률 제19209호,2022. 12. 119., 일부개정]",제27조의3 보험료 등의 분할 납부
5123,"고용보험 및 산업재해보상보험의 보험료징수 등에 관한 법률[시행2024. 1. 1.] [법률 제19209호,2022. 12. 120., 일부개정]",제29조의2 체납 또는 결손처분 자료의 제공
5124,"고용보험 및 산업재해보상보험의 보험료징수 등에 관한 법률[시행2024. 1. 1.] [법률 제19209호,2022. 12. 121., 일부개정]",제30조 보험료 징수의 우선순위
5125,"고용보험 및 산업재해보상보험의 보험료징수 등에 관한 법률[시행2024. 1. 1.] [법률 제19209호,2022. 12. 122., 일부개정]",제41조 시효
5126,"고용보험 및 산업재해보상보험의 보험료징수 등에 관한 법률[시행2024. 1. 1.] [법률 제19209호,2022. 12. 123., 일부개정]",제48조의4 노무제공플랫폼사업자에 대한 특례
5127,"고용보험 및 산업재해보상보험의 보험료징수 등에 관한 법률[시행2024. 1. 1.] [법률 제19209호,2022. 12. 124., 일부개정]",제10조 보험관계의 소멸일
5128,"고용보험 및 산업재해보상보험의 보험료징수 등에 관한 법률[시행2024. 1. 1.] [법률 제19209호,2022. 12. 125., 일부개정]",제16조의8 월별보험료의 고지
5129,"고용보험 및 산업재해보상보험의 보험료징수 등에 관한 법률[시행2024. 1. 1.] [법률 제19209호,2022. 12. 126., 일부개정]",제18조 보험료율의 인상 또는 인하 등에 따른 조치
5130,"고용보험 및 산업재해보상보험의 보험료징수 등에 관한 법률[시행2024. 1. 1.] [법률 제19209호,2022. 12. 127., 일부개정]",제24조 가산금의 징수
5131,"고용보험 및 산업재해보상보험의 보험료징수 등에 관한 법률[시행2024. 1. 1.] [법률 제19209호,2022. 12. 128., 일부개정]",제33조 제4장 보험사무대행기관
5132,"고용보험 및 산업재해보상보험의 보험료징수 등에 관한 법률[시행2024. 1. 1.] [법률 제19209호,2022. 12. 129., 일부개정]",제35조 보험사무대행기관의 의무
5133,"고용보험 및 산업재해보상보험의 보험료징수 등에 관한 법률[시행2024. 1. 1.] [법률 제19209호,2022. 12. 130., 일부개정]",제46조 업무의 위임 및 위탁
5134,"고용보험 및 산업재해보상보험의 보험료징수 등에 관한 법률[시행2024. 1. 1.] [법률 제19209호,2022. 12. 131., 일부개정]",제49조의5 산재보험관리기구의 산재보험 가입에 대한 특례
5135,"고용보험법[시행2026. 5. 12.] [법률 제21133호,2025. 11. 11., 일부개정]",제11조의2 보험사업의 평가
5136,"고용보험법[시행2026. 5. 12.] [법률 제21133호,2025. 11. 12., 일부개정]",제20조 고용창출의 지원
5137,"고용보험법[시행2026. 5. 12.] [법률 제21133호,2025. 11. 13., 일부개정]",제36조 업무의 대행
5138,"고용보험법[시행2026. 5. 12.] [법률 제21133호,2025. 11. 14., 일부개정]",제45조 급여의 기초가 되는 임금일액
5139,"고용보험법[시행2026. 5. 12.] [법률 제21133호,2025. 11. 15., 일부개정]",제56조 지급일 및 지급 방법
5140,"고용보험법[시행2026. 5. 12.] [법률 제21133호,2025. 11. 16., 일부개정]",제69조의2 자영업자인 피보험자의 실업급여의 종류
5141,"고용보험법[시행2026. 5. 12.] [법률 제21133호,2025. 11. 17., 일부개정]",제77조의7 노무제공플랫폼사업자에 대한 특례
5142,"고용보험법[시행2026. 5. 12.] [법률 제21133호,2025. 11. 18., 일부개정]",제87조 심사와 재심사
5143,"고용보험법[시행2026. 5. 12.] [법률 제21133호,2025. 11. 19., 일부개정]",제104조 다른 법률과의 관계
5144,"고용보험법[시행2026. 5. 12.] [법률 제21133호,2025. 11. 20., 일부개정]",제113조 
5145,"고용보험법[시행2026. 5. 12.] [법률 제21133호,2025. 11. 21., 일부개정]",제114조 시범사업의 실시
5146,"고용보험법[시행2026. 5. 12.] [법률 제21133호,2025. 11. 22., 일부개정]",제9조 보험관계의 성립ㆍ소멸
5147,"고용보험법[시행2026. 5. 12.] [법률 제21133호,2025. 11. 23., 일부개정]",제19조 고용안정ㆍ직업능력개발 사업의 실시
5148,"고용보험법[시행2026. 5. 12.] [법률 제21133호,2025. 11. 24., 일부개정]",제26조의2 지원의 제한
5149,"고용보험법[시행2026. 5. 12.] [법률 제21133호,2025. 11. 25., 일부개정]",제38조 수급권의 보호
5150,"고용보험법[시행2026. 5. 12.] [법률 제21133호,2025. 11. 26., 일부개정]",제52조 개별연장급여
5151,"고용보험법[시행2026. 5. 12.] [법률 제21133호,2025. 11. 27., 일부개정]",제64조 조기재취업 수당
5152,"고용보험법[시행2026. 5. 12.] [법률 제21133호,2025. 11. 28., 일부개정]",제70조 제5장 육아휴직 급여 등
5153,"고용보험법[시행2026. 5. 12.] [법률 제21133호,2025. 11. 29., 일부개정]",제75조의2 출산전후휴가 급여등의 수급권 대위
5154,"고용보험법[시행2026. 5. 12.] [법률 제21133호,2025. 11. 30., 일부개정]",제80조 기금의 용도
5155,"고용보험법[시행2026. 5. 12.] [법률 제21133호,2025. 11. 31., 일부개정]",제94조 심사관의 권한
5156,"고용보험법[시행2026. 5. 12.] [법률 제21133호,2025. 11. 32., 일부개정]",제108조 보고 등
5157,"고용보험법[시행2026. 5. 12.] [법률 제21133호,2025. 11. 33., 일부개정]",제6조 보험료
5158,"고용보험법[시행2026. 5. 12.] [법률 제21133호,2025. 11. 34., 일부개정]",제30조 직업능력개발 훈련 시설에 대한 지원 등
5159,"고용보험법[시행2026. 5. 12.] [법률 제21133호,2025. 11. 35., 일부개정]",제38조의2 공과금의 면제
5160,"고용보험법[시행2026. 5. 12.] [법률 제21133호,2025. 11. 36., 일부개정]",제53조 특별연장급여
5161,"고용보험법[시행2026. 5. 12.] [법률 제21133호,2025. 11. 37., 일부개정]",제63조 질병 등의 특례
5162,"고용보험법[시행2026. 5. 12.] [법률 제21133호,2025. 11. 38., 일부개정]",제65조 직업능력개발 수당
5163,"고용보험법[시행2026. 5. 12.] [법률 제21133호,2025. 11. 39., 일부개정]",제69조의8 자영업자인 피보험자에 대한 실업급여의 지급 제한
5164,"고용보험법[시행2026. 5. 12.] [법률 제21133호,2025. 11. 40., 일부개정]",제76조 지급 기간 등
5165,"고용보험법[시행2026. 5. 12.] [법률 제21133호,2025. 11. 41., 일부개정]",제79조 기금의 관리ㆍ운용
5166,"고용보험법[시행2026. 5. 12.] [법률 제21133호,2025. 11. 42., 일부개정]",제95조 실비변상
5167,"고용보험법[시행2026. 5. 12.] [법률 제21133호,2025. 11. 43., 일부개정]",제109조 조사 등
5168,"고용보험법[시행2026. 5. 12.] [법률 제21133호,2025. 11. 44., 일부개정]",제117조 양벌규정
5169,"고용보험법[시행2026. 5. 12.] [법률 제21133호,2025. 11. 45., 일부개정]",제1조 목적
5170,"고용보험법[시행2026. 5. 12.] [법률 제21133호,2025. 11. 46., 일부개정]",제14조 피보험자격의 상실일
5171,"고용보험법[시행2026. 5. 12.] [법률 제21133호,2025. 11. 47., 일부개정]",제24조 건설근로자 등의 고용안정 지원
5172,"고용보험법[시행2026. 5. 12.] [법률 제21133호,2025. 11. 48., 일부개정]",제34조 지방자치단체 등에 대한 지원
5173,"고용보험법[시행2026. 5. 12.] [법률 제21133호,2025. 11. 49., 일부개정]",제43조 수급자격의 인정
5174,"고용보험법[시행2026. 5. 12.] [법률 제21133호,2025. 11. 50., 일부개정]",제46조 구직급여일액
5175,"고용보험법[시행2026. 5. 12.] [법률 제21133호,2025. 11. 51., 일부개정]",제55조의2 국민연금 보험료의 지원
5176,"고용보험법[시행2026. 5. 12.] [법률 제21133호,2025. 11. 52., 일부개정]",제69조의2 제4장제4절 자영업자인 피보험자에 대한 실업급여 적용의 특례
5177,"고용보험법[시행2026. 5. 12.] [법률 제21133호,2025. 11. 53., 일부개정]",제74조 준용
5178,"고용보험법[시행2026. 5. 12.] [법률 제21133호,2025. 11. 54., 일부개정]",제77조의6 노무제공자인 피보험자에 대한 적용
5179,"고용보험법[시행2026. 5. 12.] [법률 제21133호,2025. 11. 55., 일부개정]",제102조 준용 규정
5180,"고용보험법[시행2026. 5. 12.] [법률 제21133호,2025. 11. 56., 일부개정]",제113조의2 「국민기초생활 보장법」의 수급자에 대한 특례
5181,"고용보험법[시행2026. 5. 12.] [법률 제21133호,2025. 11. 57., 일부개정]",제5조 국고의 부담
5182,"고용보험법[시행2026. 5. 12.] [법률 제21133호,2025. 11. 58., 일부개정]",제8조 적용 범위
5183,"고용보험법[시행2026. 5. 12.] [법률 제21133호,2025. 11. 59., 일부개정]",제10조 적용 제외
5184,"고용보험법[시행2026. 5. 12.] [법률 제21133호,2025. 11. 60., 일부개정]",제18조 피보험자격의 취득기준
5185,"고용보험법[시행2026. 5. 12.] [법률 제21133호,2025. 11. 61., 일부개정]",제29조 피보험자등에 대한 직업능력개발 지원
5186,"고용보험법[시행2026. 5. 12.] [법률 제21133호,2025. 11. 62., 일부개정]",제39조 
5187,"고용보험법[시행2026. 5. 12.] [법률 제21133호,2025. 11. 63., 일부개정]",제54조 연장급여의 수급기간 및 구직급여일액
5188,"고용보험법[시행2026. 5. 12.] [법률 제21133호,2025. 11. 64., 일부개정]",제61조 부정행위에 따른 급여의 지급 제한
5189,"고용보험법[시행2026. 5. 12.] [법률 제21133호,2025. 11. 65., 일부개정]",제67조 이주비
5190,"고용보험법[시행2026. 5. 12.] [법률 제21133호,2025. 11. 66., 일부개정]",제69조의6 소정급여일수
5191,"고용보험법[시행2026. 5. 12.] [법률 제21133호,2025. 11. 67., 일부개정]",제70조 육아휴직 급여
5192,"고용보험법[시행2026. 5. 12.] [법률 제21133호,2025. 11. 68., 일부개정]",제77조의2 제5장의2 예술인인 피보험자에 대한 고용보험 특례
5193,"고용보험법[시행2026. 5. 12.] [법률 제21133호,2025. 11. 69., 일부개정]",제83조 기금의 출납
5194,"고용보험법[시행2026. 5. 12.] [법률 제21133호,2025. 11. 70., 일부개정]",제97조 결정의 방법
5195,"고용보험법[시행2026. 5. 12.] [법률 제21133호,2025. 11. 71., 일부개정]",제111조 진찰명령
5196,"고용보험법[시행2026. 5. 12.] [법률 제21133호,2025. 11. 72., 일부개정]",제116조 제9장 벌칙
5197,"고용보험법[시행2026. 5. 12.] [법률 제21133호,2025. 11. 73., 일부개정]",제4조 고용보험사업
5198,"고용보험법[시행2026. 5. 12.] [법률 제21133호,2025. 11. 74., 일부개정]",제10조의2 외국인 근로자ㆍ예술인ㆍ노무제공자에 대한 적용
5199,"고용보험법[시행2026. 5. 12.] [법률 제21133호,2025. 11. 75., 일부개정]",제17조 피보험자격의 확인
5200,"고용보험법[시행2026. 5. 12.] [법률 제21133호,2025. 11. 76., 일부개정]",제27조 사업주에 대한 직업능력개발 훈련의 지원
5201,"고용보험법[시행2026. 5. 12.] [법률 제21133호,2025. 11. 77., 일부개정]",제32조 건설근로자 등의 직업능력개발 지원
5202,"고용보험법[시행2026. 5. 12.] [법률 제21133호,2025. 11. 78., 일부개정]",제37조의2 실업급여수급계좌
5203,"고용보험법[시행2026. 5. 12.] [법률 제21133호,2025. 11. 79., 일부개정]",제40조 구직급여의 수급 요건
5204,"고용보험법[시행2026. 5. 12.] [법률 제21133호,2025. 11. 80., 일부개정]",제50조 소정급여일수 및 피보험기간
5205,"고용보험법[시행2026. 5. 12.] [법률 제21133호,2025. 11. 81., 일부개정]",제62조 반환명령 등
5206,"고용보험법[시행2026. 5. 12.] [법률 제21133호,2025. 11. 82., 일부개정]",제66조 광역 구직활동비
5207,"고용보험법[시행2026. 5. 12.] [법률 제21133호,2025. 11. 83., 일부개정]",제69조의7 폐업사유에 따른 수급자격의 제한
5208,"고용보험법[시행2026. 5. 12.] [법률 제21133호,2025. 11. 84., 일부개정]",제70조 제5장제1절 육아휴직 급여 및 육아기 근로시간 단축 급여
5209,"고용보험법[시행2026. 5. 12.] [법률 제21133호,2025. 11. 85., 일부개정]",제77조 준용
5210,"고용보험법[시행2026. 5. 12.] [법률 제21133호,2025. 11. 86., 일부개정]",제78조 제6장 고용보험기금
5211,"고용보험법[시행2026. 5. 12.] [법률 제21133호,2025. 11. 87., 일부개정]",제82조 기금계정의 설치
5212,"고용보험법[시행2026. 5. 12.] [법률 제21133호,2025. 11. 88., 일부개정]",제92조 보정 및 각하
5213,"고용보험법[시행2026. 5. 12.] [법률 제21133호,2025. 11. 89., 일부개정]",제96조 결정
5214,"고용보험법[시행2026. 5. 12.] [법률 제21133호,2025. 11. 90., 일부개정]",제110조 자료 제공의 요청
5215,"고용보험법[시행2026. 5. 12.] [법률 제21133호,2025. 11. 91., 일부개정]",제116조 벌칙
5216,"고용보험법[시행2026. 5. 12.] [법률 제21133호,2025. 11. 92., 일부개정]",제7조 고용보험위원회
5217,"고용보험법[시행2026. 5. 12.] [법률 제21133호,2025. 11. 93., 일부개정]",제19조 제3장 고용안정ㆍ직업능력개발 사업
5218,"고용보험법[시행2026. 5. 12.] [법률 제21133호,2025. 11. 94., 일부개정]",제28조 비용 지원의 기준 등
5219,"고용보험법[시행2026. 5. 12.] [법률 제21133호,2025. 11. 95., 일부개정]",제31조 직업능력개발의 촉진
5220,"고용보험법[시행2026. 5. 12.] [법률 제21133호,2025. 11. 96., 일부개정]",제40조 제4장제2절 구직급여
5221,"고용보험법[시행2026. 5. 12.] [법률 제21133호,2025. 11. 97., 일부개정]",제51조 훈련연장급여
5222,"고용보험법[시행2026. 5. 12.] [법률 제21133호,2025. 11. 98., 일부개정]",제64조 제4장제3절 취업촉진 수당
5223,"고용보험법[시행2026. 5. 12.] [법률 제21133호,2025. 11. 99., 일부개정]",제69조의9 준용
5224,"고용보험법[시행2026. 5. 12.] [법률 제21133호,2025. 11. 100., 일부개정]",제76조의2 기간제근로자 또는 파견근로자에 대한 적용
5225,"고용보험법[시행2026. 5. 12.] [법률 제21133호,2025. 11. 101., 일부개정]",제78조 기금의 설치 및 조성
5226,"고용보험법[시행2026. 5. 12.] [법률 제21133호,2025. 11. 102., 일부개정]",제81조 기금운용 계획 등
5227,"고용보험법[시행2026. 5. 12.] [법률 제21133호,2025. 11. 103., 일부개정]",제93조 원처분등의 집행 정지
5228,"고용보험법[시행2026. 5. 12.] [법률 제21133호,2025. 11. 104., 일부개정]",제107조 소멸시효
5229,"고용보험법[시행2026. 5. 12.] [법률 제21133호,2025. 11. 105., 일부개정]",제2조 정의
5230,"고용보험법[시행2026. 5. 12.] [법률 제21133호,2025. 11. 106., 일부개정]",제12조 국제교류ㆍ협력
5231,"고용보험법[시행2026. 5. 12.] [법률 제21133호,2025. 11. 107., 일부개정]",제21조 고용조정의 지원
5232,"고용보험법[시행2026. 5. 12.] [법률 제21133호,2025. 11. 108., 일부개정]",제44조 실업의 인정
5233,"고용보험법[시행2026. 5. 12.] [법률 제21133호,2025. 11. 109., 일부개정]",제58조 이직 사유에 따른 수급자격의 제한
5234,"고용보험법[시행2026. 5. 12.] [법률 제21133호,2025. 11. 110., 일부개정]",제69조의4 기초일액
5235,"고용보험법[시행2026. 5. 12.] [법률 제21133호,2025. 11. 111., 일부개정]",제72조 
5236,"고용보험법[시행2026. 5. 12.] [법률 제21133호,2025. 11. 112., 일부개정]",제75조 출산전후휴가 급여 등
5237,"고용보험법[시행2026. 5. 12.] [법률 제21133호,2025. 11. 113., 일부개정]",제77조의2 예술인인 피보험자에 대한 적용
5238,"고용보험법[시행2026. 5. 12.] [법률 제21133호,2025. 11. 114., 일부개정]",제85조 잉여금과 손실금의 처리
5239,"고용보험법[시행2026. 5. 12.] [법률 제21133호,2025. 11. 115., 일부개정]",제89조 고용보험심사관
5240,"고용보험법[시행2026. 5. 12.] [법률 제21133호,2025. 11. 116., 일부개정]",제99조 고용보험심사위원회
5241,"고용보험법[시행2026. 5. 12.] [법률 제21133호,2025. 11. 117., 일부개정]",제105조 제8장 보칙
5242,"고용보험법[시행2026. 5. 12.] [법률 제21133호,2025. 11. 118., 일부개정]",제115조의2 벌칙 적용 시의 공무원 의제
5243,"고용보험법[시행2026. 5. 12.] [법률 제21133호,2025. 11. 119., 일부개정]",제1조 제1장 총칙
5244,"고용보험법[시행2026. 5. 12.] [법률 제21133호,2025. 11. 120., 일부개정]",제13조 제2장 피보험자의 관리
5245,"고용보험법[시행2026. 5. 12.] [법률 제21133호,2025. 11. 121., 일부개정]",제22조 지역 고용의 촉진
5246,"고용보험법[시행2026. 5. 12.] [법률 제21133호,2025. 11. 122., 일부개정]",제37조 제4장 실업급여
5247,"고용보험법[시행2026. 5. 12.] [법률 제21133호,2025. 11. 123., 일부개정]",제47조 실업인정대상기간 중의 취업 등의 신고
5248,"고용보험법[시행2026. 5. 12.] [법률 제21133호,2025. 11. 124., 일부개정]",제59조 
5249,"고용보험법[시행2026. 5. 12.] [법률 제21133호,2025. 11. 125., 일부개정]",제69조의5 구직급여일액
5250,"고용보험법[시행2026. 5. 12.] [법률 제21133호,2025. 11. 126., 일부개정]",제71조 육아휴직의 확인
5251,"고용보험법[시행2026. 5. 12.] [법률 제21133호,2025. 11. 127., 일부개정]",제77조의3 예술인인 피보험자에 대한 구직급여
5252,"고용보험법[시행2026. 5. 12.] [법률 제21133호,2025. 11. 128., 일부개정]",제77조의10 준용
5253,"고용보험법[시행2026. 5. 12.] [법률 제21133호,2025. 11. 129., 일부개정]",제84조 기금의 적립
5254,"고용보험법[시행2026. 5. 12.] [법률 제21133호,2025. 11. 130., 일부개정]",제91조 청구의 방식
5255,"고용보험법[시행2026. 5. 12.] [법률 제21133호,2025. 11. 131., 일부개정]",제98조 결정의 효력
5256,"고용보험법[시행2026. 5. 12.] [법률 제21133호,2025. 11. 132., 일부개정]",제105조 불이익 처우의 금지
5257,"고용보험법[시행2026. 5. 12.] [법률 제21133호,2025. 11. 133., 일부개정]",제112조 포상금의 지급
5258,"고용보험법[시행2026. 5. 12.] [법률 제21133호,2025. 11. 134., 일부개정]",제3조 보험의 관장
5259,"고용보험법[시행2026. 5. 12.] [법률 제21133호,2025. 11. 135., 일부개정]",제16조 
5260,"고용보험법[시행2026. 5. 12.] [법률 제21133호,2025. 11. 136., 일부개정]",제26조 고용촉진 시설에 대한 지원
5261,"고용보험법[시행2026. 5. 12.] [법률 제21133호,2025. 11. 137., 일부개정]",제37조 실업급여의 종류
5262,"고용보험법[시행2026. 5. 12.] [법률 제21133호,2025. 11. 138., 일부개정]",제41조 피보험 단위기간
5263,"고용보험법[시행2026. 5. 12.] [법률 제21133호,2025. 11. 139., 일부개정]",제49조 대기기간
5264,"고용보험법[시행2026. 5. 12.] [법률 제21133호,2025. 11. 140., 일부개정]",제55조 연장급여의 상호 조정 등
5265,"고용보험법[시행2026. 5. 12.] [법률 제21133호,2025. 11. 141., 일부개정]",제69조 준용
5266,"고용보험법[시행2026. 5. 12.] [법률 제21133호,2025. 11. 142., 일부개정]",제73조의2 육아기 근로시간 단축 급여
5267,"고용보험법[시행2026. 5. 12.] [법률 제21133호,2025. 11. 143., 일부개정]",제77조의6 제5장의3 노무제공자인 피보험자에 대한 고용보험 특례
5268,"고용보험법[시행2026. 5. 12.] [법률 제21133호,2025. 11. 144., 일부개정]",제77조의8 노무제공자인 피보험자에 대한 구직급여
5269,"고용보험법[시행2026. 5. 12.] [법률 제21133호,2025. 11. 145., 일부개정]",제86조 차입금
5270,"고용보험법[시행2026. 5. 12.] [법률 제21133호,2025. 11. 146., 일부개정]",제88조 대리인의 선임
5271,"고용보험법[시행2026. 5. 12.] [법률 제21133호,2025. 11. 147., 일부개정]",제100조 재심사의 상대방
5272,"고용보험법[시행2026. 5. 12.] [법률 제21133호,2025. 11. 148., 일부개정]",제103조 고지
5273,"고용보험법[시행2026. 5. 12.] [법률 제21133호,2025. 11. 149., 일부개정]",제115조 권한의 위임ㆍ위탁
5274,"고용보험법[시행2026. 5. 12.] [법률 제21133호,2025. 11. 150., 일부개정]",제13조 피보험자격의 취득일
5275,"고용보험법[시행2026. 5. 12.] [법률 제21133호,2025. 11. 151., 일부개정]",제23조 고령자등 고용촉진의 지원
5276,"고용보험법[시행2026. 5. 12.] [법률 제21133호,2025. 11. 152., 일부개정]",제35조 부정행위에 따른 지원의 제한 등
5277,"고용보험법[시행2026. 5. 12.] [법률 제21133호,2025. 11. 153., 일부개정]",제43조의2 둘 이상의 피보험자격 취득 시 수급자격의 인정
5278,"고용보험법[시행2026. 5. 12.] [법률 제21133호,2025. 11. 154., 일부개정]",제57조 지급되지 아니한 구직급여
5279,"고용보험법[시행2026. 5. 12.] [법률 제21133호,2025. 11. 155., 일부개정]",제69조의3 구직급여의 수급 요건
5280,"고용보험법[시행2026. 5. 12.] [법률 제21133호,2025. 11. 156., 일부개정]",제75조 제5장제2절 출산전후휴가 급여 등
5281,"고용보험법[시행2026. 5. 12.] [법률 제21133호,2025. 11. 157., 일부개정]",제77조의4 예술인의 출산전후급여등
5282,"고용보험법[시행2026. 5. 12.] [법률 제21133호,2025. 11. 158., 일부개정]",제77조의9 노무제공자의 출산전후급여등
5283,"고용보험법[시행2026. 5. 12.] [법률 제21133호,2025. 11. 159., 일부개정]",제90조 심사의 청구 등
5284,"고용보험법[시행2026. 5. 12.] [법률 제21133호,2025. 11. 160., 일부개정]",제106조 준용
5285,"고용보험법[시행2026. 5. 12.] [법률 제21133호,2025. 11. 161., 일부개정]",제118조 과태료
5286,"고용보험법[시행2026. 5. 12.] [법률 제21133호,2025. 11. 162., 일부개정]",제11조 보험 관련 조사ㆍ연구
5287,"고용보험법[시행2026. 5. 12.] [법률 제21133호,2025. 11. 163., 일부개정]",제15조 피보험자격에 관한 신고 등
5288,"고용보험법[시행2026. 5. 12.] [법률 제21133호,2025. 11. 164., 일부개정]",제25조 고용안정 및 취업 촉진
5289,"고용보험법[시행2026. 5. 12.] [법률 제21133호,2025. 11. 165., 일부개정]",제33조 고용정보의 제공 및 고용 지원 기반의 구축 등
5290,"고용보험법[시행2026. 5. 12.] [법률 제21133호,2025. 11. 166., 일부개정]",제37조 제4장제1절 통칙
5291,"고용보험법[시행2026. 5. 12.] [법률 제21133호,2025. 11. 167., 일부개정]",제42조 실업의 신고
5292,"고용보험법[시행2026. 5. 12.] [법률 제21133호,2025. 11. 168., 일부개정]",제48조 수급기간 및 수급일수
5293,"고용보험법[시행2026. 5. 12.] [법률 제21133호,2025. 11. 169., 일부개정]",제60조 훈련 거부 등에 따른 급여의 지급 제한
5294,"고용보험법[시행2026. 5. 12.] [법률 제21133호,2025. 11. 170., 일부개정]",제68조 취업촉진 수당의 지급 제한
5295,"고용보험법[시행2026. 5. 12.] [법률 제21133호,2025. 11. 171., 일부개정]",제73조 육아휴직 급여의 지급 제한 등
5296,"고용보험법[시행2026. 5. 12.] [법률 제21133호,2025. 11. 172., 일부개정]",제77조의5 준용
5297,"고용보험법[시행2026. 5. 12.] [법률 제21133호,2025. 11. 173., 일부개정]",제87조 제7장 심사 및 재심사청구
5298,"고용보험법[시행2026. 5. 12.] [법률 제21133호,2025. 11. 174., 일부개정]",제101조 심리
5299,"고용보험법[시행2026. 8. 20.] [법률 제21372호,2026. 2. 19., 일부개정]",제13조 피보험자격의 취득일
5300,"고용보험법[시행2026. 8. 20.] [법률 제21372호,2026. 2. 20., 일부개정]",제23조 고령자등 고용촉진의 지원
5301,"고용보험법[시행2026. 8. 20.] [법률 제21372호,2026. 2. 21., 일부개정]",제36조 업무의 대행
5302,"고용보험법[시행2026. 8. 20.] [법률 제21372호,2026. 2. 22., 일부개정]",제39조 
5303,"고용보험법[시행2026. 8. 20.] [법률 제21372호,2026. 2. 23., 일부개정]",제49조 대기기간
5304,"고용보험법[시행2026. 8. 20.] [법률 제21372호,2026. 2. 24., 일부개정]",제55조 연장급여의 상호 조정 등
5305,"고용보험법[시행2026. 8. 20.] [법률 제21372호,2026. 2. 25., 일부개정]",제66조 광역 구직활동비
5306,"고용보험법[시행2026. 8. 20.] [법률 제21372호,2026. 2. 26., 일부개정]",제72조 
5307,"고용보험법[시행2026. 8. 20.] [법률 제21372호,2026. 2. 27., 일부개정]",제77조의10 준용
5308,"고용보험법[시행2026. 8. 20.] [법률 제21372호,2026. 2. 28., 일부개정]",제79조 기금의 관리ㆍ운용
5309,"고용보험법[시행2026. 8. 20.] [법률 제21372호,2026. 2. 29., 일부개정]",제92조 보정 및 각하
5310,"고용보험법[시행2026. 8. 20.] [법률 제21372호,2026. 2. 30., 일부개정]",제97조 결정의 방법
5311,"고용보험법[시행2026. 8. 20.] [법률 제21372호,2026. 2. 31., 일부개정]",제109조 조사 등
5312,"고용보험법[시행2026. 8. 20.] [법률 제21372호,2026. 2. 32., 일부개정]",제10조의2 외국인 근로자ㆍ예술인ㆍ노무제공자에 대한 적용
5313,"고용보험법[시행2026. 8. 20.] [법률 제21372호,2026. 2. 33., 일부개정]",제26조의2 지원의 제한
5314,"고용보험법[시행2026. 8. 20.] [법률 제21372호,2026. 2. 34., 일부개정]",제37조 제4장제1절 통칙
5315,"고용보험법[시행2026. 8. 20.] [법률 제21372호,2026. 2. 35., 일부개정]",제38조 수급권의 보호
5316,"고용보험법[시행2026. 8. 20.] [법률 제21372호,2026. 2. 36., 일부개정]",제51조 훈련연장급여
5317,"고용보험법[시행2026. 8. 20.] [법률 제21372호,2026. 2. 37., 일부개정]",제53조 특별연장급여
5318,"고용보험법[시행2026. 8. 20.] [법률 제21372호,2026. 2. 38., 일부개정]",제69조의2 제4장제4절 자영업자인 피보험자에 대한 실업급여 적용의 특례
5319,"고용보험법[시행2026. 8. 20.] [법률 제21372호,2026. 2. 39., 일부개정]",제71조 육아휴직의 확인
5320,"고용보험법[시행2026. 8. 20.] [법률 제21372호,2026. 2. 40., 일부개정]",제75조 출산전후휴가 급여 등
5321,"고용보험법[시행2026. 8. 20.] [법률 제21372호,2026. 2. 41., 일부개정]",제77조의8 노무제공자인 피보험자에 대한 구직급여
5322,"고용보험법[시행2026. 8. 20.] [법률 제21372호,2026. 2. 42., 일부개정]",제91조 청구의 방식
5323,"고용보험법[시행2026. 8. 20.] [법률 제21372호,2026. 2. 43., 일부개정]",제110조 자료 제공의 요청
5324,"고용보험법[시행2026. 8. 20.] [법률 제21372호,2026. 2. 44., 일부개정]",제4조 고용보험사업
5325,"고용보험법[시행2026. 8. 20.] [법률 제21372호,2026. 2. 45., 일부개정]",제17조 피보험자격의 확인
5326,"고용보험법[시행2026. 8. 20.] [법률 제21372호,2026. 2. 46., 일부개정]",제19조 제3장 고용안정ㆍ직업능력개발 사업
5327,"고용보험법[시행2026. 8. 20.] [법률 제21372호,2026. 2. 47., 일부개정]",제31조 직업능력개발의 촉진
5328,"고용보험법[시행2026. 8. 20.] [법률 제21372호,2026. 2. 48., 일부개정]",제42조 실업의 신고
5329,"고용보험법[시행2026. 8. 20.] [법률 제21372호,2026. 2. 49., 일부개정]",제44조 실업의 인정
5330,"고용보험법[시행2026. 8. 20.] [법률 제21372호,2026. 2. 50., 일부개정]",제59조 
5331,"고용보험법[시행2026. 8. 20.] [법률 제21372호,2026. 2. 51., 일부개정]",제62조 반환명령 등
5332,"고용보험법[시행2026. 8. 20.] [법률 제21372호,2026. 2. 52., 일부개정]",제69조의5 구직급여일액
5333,"고용보험법[시행2026. 8. 20.] [법률 제21372호,2026. 2. 53., 일부개정]",제69조의8 자영업자인 피보험자에 대한 실업급여의 지급 제한
5334,"고용보험법[시행2026. 8. 20.] [법률 제21372호,2026. 2. 54., 일부개정]",제77조의2 제5장의2 예술인인 피보험자에 대한 고용보험 특례
5335,"고용보험법[시행2026. 8. 20.] [법률 제21372호,2026. 2. 55., 일부개정]",제77조의4 예술인의 출산전후급여등
5336,"고용보험법[시행2026. 8. 20.] [법률 제21372호,2026. 2. 56., 일부개정]",제84조 기금의 적립
5337,"고용보험법[시행2026. 8. 20.] [법률 제21372호,2026. 2. 57., 일부개정]",제87조 제7장 심사 및 재심사청구
5338,"고용보험법[시행2026. 8. 20.] [법률 제21372호,2026. 2. 58., 일부개정]",제102조 준용 규정
5339,"고용보험법[시행2026. 8. 20.] [법률 제21372호,2026. 2. 59., 일부개정]",제105조 제8장 보칙
5340,"고용보험법[시행2026. 8. 20.] [법률 제21372호,2026. 2. 60., 일부개정]",제116조 제9장 벌칙
5341,"고용보험법[시행2026. 8. 20.] [법률 제21372호,2026. 2. 61., 일부개정]",제118조 과태료
5342,"고용보험법[시행2026. 8. 20.] [법률 제21372호,2026. 2. 62., 일부개정]",제1조 목적
5343,"고용보험법[시행2026. 8. 20.] [법률 제21372호,2026. 2. 63., 일부개정]",제19조 고용안정ㆍ직업능력개발 사업의 실시
5344,"고용보험법[시행2026. 8. 20.] [법률 제21372호,2026. 2. 64., 일부개정]",제32조 건설근로자 등의 직업능력개발 지원
5345,"고용보험법[시행2026. 8. 20.] [법률 제21372호,2026. 2. 65., 일부개정]",제41조 피보험 단위기간
5346,"고용보험법[시행2026. 8. 20.] [법률 제21372호,2026. 2. 66., 일부개정]",제45조 급여의 기초가 되는 임금일액
5347,"고용보험법[시행2026. 8. 20.] [법률 제21372호,2026. 2. 67., 일부개정]",제58조 이직 사유에 따른 수급자격의 제한
5348,"고용보험법[시행2026. 8. 20.] [법률 제21372호,2026. 2. 68., 일부개정]",제63조 질병 등의 특례
5349,"고용보험법[시행2026. 8. 20.] [법률 제21372호,2026. 2. 69., 일부개정]",제70조 제5장 육아휴직 급여 등
5350,"고용보험법[시행2026. 8. 20.] [법률 제21372호,2026. 2. 70., 일부개정]",제76조의2 기간제근로자 또는 파견근로자에 대한 적용
5351,"고용보험법[시행2026. 8. 20.] [법률 제21372호,2026. 2. 71., 일부개정]",제77조의6 제5장의3 노무제공자인 피보험자에 대한 고용보험 특례
5352,"고용보험법[시행2026. 8. 20.] [법률 제21372호,2026. 2. 72., 일부개정]",제82조 기금계정의 설치
5353,"고용보험법[시행2026. 8. 20.] [법률 제21372호,2026. 2. 73., 일부개정]",제88조 대리인의 선임
5354,"고용보험법[시행2026. 8. 20.] [법률 제21372호,2026. 2. 74., 일부개정]",제100조 재심사의 상대방
5355,"고용보험법[시행2026. 8. 20.] [법률 제21372호,2026. 2. 75., 일부개정]",제106조 준용
5356,"고용보험법[시행2026. 8. 20.] [법률 제21372호,2026. 2. 76., 일부개정]",제115조 권한의 위임ㆍ위탁
5357,"고용보험법[시행2026. 8. 20.] [법률 제21372호,2026. 2. 77., 일부개정]",제3조 보험의 관장
5358,"고용보험법[시행2026. 8. 20.] [법률 제21372호,2026. 2. 78., 일부개정]",제18조 피보험자격의 취득기준
5359,"고용보험법[시행2026. 8. 20.] [법률 제21372호,2026. 2. 79., 일부개정]",제43조의2 둘 이상의 피보험자격 취득 시 수급자격의 인정
5360,"고용보험법[시행2026. 8. 20.] [법률 제21372호,2026. 2. 80., 일부개정]",제60조 훈련 거부 등에 따른 급여의 지급 제한
5361,"고용보험법[시행2026. 8. 20.] [법률 제21372호,2026. 2. 81., 일부개정]",제69조의7 폐업사유에 따른 수급자격의 제한
5362,"고용보험법[시행2026. 8. 20.] [법률 제21372호,2026. 2. 82., 일부개정]",제77조의2 예술인인 피보험자에 대한 적용
5363,"고용보험법[시행2026. 8. 20.] [법률 제21372호,2026. 2. 83., 일부개정]",제86조 차입금
5364,"고용보험법[시행2026. 8. 20.] [법률 제21372호,2026. 2. 84., 일부개정]",제103조 고지
5365,"고용보험법[시행2026. 8. 20.] [법률 제21372호,2026. 2. 85., 일부개정]",제117조 양벌규정
5366,"고용보험법[시행2026. 8. 20.] [법률 제21372호,2026. 2. 86., 일부개정]",제8조 적용 범위
5367,"고용보험법[시행2026. 8. 20.] [법률 제21372호,2026. 2. 87., 일부개정]",제13조 제2장 피보험자의 관리
5368,"고용보험법[시행2026. 8. 20.] [법률 제21372호,2026. 2. 88., 일부개정]",제24조 건설근로자 등의 고용안정 지원
5369,"고용보험법[시행2026. 8. 20.] [법률 제21372호,2026. 2. 89., 일부개정]",제37조 제4장 실업급여
5370,"고용보험법[시행2026. 8. 20.] [법률 제21372호,2026. 2. 90., 일부개정]",제38조의2 공과금의 면제
5371,"고용보험법[시행2026. 8. 20.] [법률 제21372호,2026. 2. 91., 일부개정]",제50조 소정급여일수 및 피보험기간
5372,"고용보험법[시행2026. 8. 20.] [법률 제21372호,2026. 2. 92., 일부개정]",제54조 연장급여의 수급기간 및 구직급여일액
5373,"고용보험법[시행2026. 8. 20.] [법률 제21372호,2026. 2. 93., 일부개정]",제67조 이주비
5374,"고용보험법[시행2026. 8. 20.] [법률 제21372호,2026. 2. 94., 일부개정]",제73조 육아휴직 급여의 지급 제한 등
5375,"고용보험법[시행2026. 8. 20.] [법률 제21372호,2026. 2. 95., 일부개정]",제74조 준용
5376,"고용보험법[시행2026. 8. 20.] [법률 제21372호,2026. 2. 96., 일부개정]",제78조 제6장 고용보험기금
5377,"고용보험법[시행2026. 8. 20.] [법률 제21372호,2026. 2. 97., 일부개정]",제95조 실비변상
5378,"고용보험법[시행2026. 8. 20.] [법률 제21372호,2026. 2. 98., 일부개정]",제112조 포상금의 지급
5379,"고용보험법[시행2026. 8. 20.] [법률 제21372호,2026. 2. 99., 일부개정]",제10조 적용 제외
5380,"고용보험법[시행2026. 8. 20.] [법률 제21372호,2026. 2. 100., 일부개정]",제11조의2 보험사업의 평가
5381,"고용보험법[시행2026. 8. 20.] [법률 제21372호,2026. 2. 101., 일부개정]",제25조 고용안정 및 취업 촉진
5382,"고용보험법[시행2026. 8. 20.] [법률 제21372호,2026. 2. 102., 일부개정]",제37조 실업급여의 종류
5383,"고용보험법[시행2026. 8. 20.] [법률 제21372호,2026. 2. 103., 일부개정]",제69조 준용
5384,"고용보험법[시행2026. 8. 20.] [법률 제21372호,2026. 2. 104., 일부개정]",제75조 제5장제2절 출산전후휴가 급여 등
5385,"고용보험법[시행2026. 8. 20.] [법률 제21372호,2026. 2. 105., 일부개정]",제77조의9 노무제공자의 출산전후급여등
5386,"고용보험법[시행2026. 8. 20.] [법률 제21372호,2026. 2. 106., 일부개정]",제93조 원처분등의 집행 정지
5387,"고용보험법[시행2026. 8. 20.] [법률 제21372호,2026. 2. 107., 일부개정]",제96조 결정
5388,"고용보험법[시행2026. 8. 20.] [법률 제21372호,2026. 2. 108., 일부개정]",제111조 진찰명령
5389,"고용보험법[시행2026. 8. 20.] [법률 제21372호,2026. 2. 109., 일부개정]",제113조의2 「국민기초생활 보장법」의 수급자에 대한 특례
5390,"고용보험법[시행2026. 8. 20.] [법률 제21372호,2026. 2. 110., 일부개정]",제1조 제1장 총칙
5391,"고용보험법[시행2026. 8. 20.] [법률 제21372호,2026. 2. 111., 일부개정]",제6조 보험료
5392,"고용보험법[시행2026. 8. 20.] [법률 제21372호,2026. 2. 112., 일부개정]",제15조 피보험자격에 관한 신고 등
5393,"고용보험법[시행2026. 8. 20.] [법률 제21372호,2026. 2. 113., 일부개정]",제21조 고용조정의 지원
5394,"고용보험법[시행2026. 8. 20.] [법률 제21372호,2026. 2. 114., 일부개정]",제29조 피보험자등에 대한 직업능력개발 지원
5395,"고용보험법[시행2026. 8. 20.] [법률 제21372호,2026. 2. 115., 일부개정]",제33조 고용정보의 제공 및 고용 지원 기반의 구축 등
5396,"고용보험법[시행2026. 8. 20.] [법률 제21372호,2026. 2. 116., 일부개정]",제40조 구직급여의 수급 요건
5397,"고용보험법[시행2026. 8. 20.] [법률 제21372호,2026. 2. 117., 일부개정]",제46조 구직급여일액
5398,"고용보험법[시행2026. 8. 20.] [법률 제21372호,2026. 2. 118., 일부개정]",제57조 지급되지 아니한 구직급여
5399,"고용보험법[시행2026. 8. 20.] [법률 제21372호,2026. 2. 119., 일부개정]",제64조 제4장제3절 취업촉진 수당
5400,"고용보험법[시행2026. 8. 20.] [법률 제21372호,2026. 2. 120., 일부개정]",제69조의4 기초일액
5401,"고용보험법[시행2026. 8. 20.] [법률 제21372호,2026. 2. 121., 일부개정]",제69조의9 준용
5402,"고용보험법[시행2026. 8. 20.] [법률 제21372호,2026. 2. 122., 일부개정]",제77조 준용
5403,"고용보험법[시행2026. 8. 20.] [법률 제21372호,2026. 2. 123., 일부개정]",제77조의5 준용
5404,"고용보험법[시행2026. 8. 20.] [법률 제21372호,2026. 2. 124., 일부개정]",제83조 기금의 출납
5405,"고용보험법[시행2026. 8. 20.] [법률 제21372호,2026. 2. 125., 일부개정]",제87조 심사와 재심사
5406,"고용보험법[시행2026. 8. 20.] [법률 제21372호,2026. 2. 126., 일부개정]",제101조 심리
5407,"고용보험법[시행2026. 8. 20.] [법률 제21372호,2026. 2. 127., 일부개정]",제105조 불이익 처우의 금지
5408,"고용보험법[시행2026. 8. 20.] [법률 제21372호,2026. 2. 128., 일부개정]",제115조의2 벌칙 적용 시의 공무원 의제
5409,"고용보험법[시행2026. 8. 20.] [법률 제21372호,2026. 2. 129., 일부개정]",제11조 보험 관련 조사ㆍ연구
5410,"고용보험법[시행2026. 8. 20.] [법률 제21372호,2026. 2. 130., 일부개정]",제26조 고용촉진 시설에 대한 지원
5411,"고용보험법[시행2026. 8. 20.] [법률 제21372호,2026. 2. 131., 일부개정]",제37조의2 실업급여수급계좌
5412,"고용보험법[시행2026. 8. 20.] [법률 제21372호,2026. 2. 132., 일부개정]",제52조 개별연장급여
5413,"고용보험법[시행2026. 8. 20.] [법률 제21372호,2026. 2. 133., 일부개정]",제68조 취업촉진 수당의 지급 제한
5414,"고용보험법[시행2026. 8. 20.] [법률 제21372호,2026. 2. 134., 일부개정]",제73조의2 육아기 근로시간 단축 급여
5415,"고용보험법[시행2026. 8. 20.] [법률 제21372호,2026. 2. 135., 일부개정]",제78조 기금의 설치 및 조성
5416,"고용보험법[시행2026. 8. 20.] [법률 제21372호,2026. 2. 136., 일부개정]",제94조 심사관의 권한
5417,"고용보험법[시행2026. 8. 20.] [법률 제21372호,2026. 2. 137., 일부개정]",제113조 
5418,"고용보험법[시행2026. 8. 20.] [법률 제21372호,2026. 2. 138., 일부개정]",제7조 고용보험위원회
5419,"고용보험법[시행2026. 8. 20.] [법률 제21372호,2026. 2. 139., 일부개정]",제14조 피보험자격의 상실일
5420,"고용보험법[시행2026. 8. 20.] [법률 제21372호,2026. 2. 140., 일부개정]",제22조 지역 고용의 촉진
5421,"고용보험법[시행2026. 8. 20.] [법률 제21372호,2026. 2. 141., 일부개정]",제28조 비용 지원의 기준 등
5422,"고용보험법[시행2026. 8. 20.] [법률 제21372호,2026. 2. 142., 일부개정]",제34조 지방자치단체 등에 대한 지원
5423,"고용보험법[시행2026. 8. 20.] [법률 제21372호,2026. 2. 143., 일부개정]",제48조 수급기간 및 수급일수
5424,"고용보험법[시행2026. 8. 20.] [법률 제21372호,2026. 2. 144., 일부개정]",제55조의2 국민연금 보험료의 지원
5425,"고용보험법[시행2026. 8. 20.] [법률 제21372호,2026. 2. 145., 일부개정]",제65조 직업능력개발 수당
5426,"고용보험법[시행2026. 8. 20.] [법률 제21372호,2026. 2. 146., 일부개정]",제69조의2 자영업자인 피보험자의 실업급여의 종류
5427,"고용보험법[시행2026. 8. 20.] [법률 제21372호,2026. 2. 147., 일부개정]",제70조 육아휴직 급여
5428,"고용보험법[시행2026. 8. 20.] [법률 제21372호,2026. 2. 148., 일부개정]",제75조의2 출산전후휴가 급여등의 수급권 대위
5429,"고용보험법[시행2026. 8. 20.] [법률 제21372호,2026. 2. 149., 일부개정]",제77조의7 노무제공플랫폼사업자에 대한 특례
5430,"고용보험법[시행2026. 8. 20.] [법률 제21372호,2026. 2. 150., 일부개정]",제80조 기금의 용도
5431,"고용보험법[시행2026. 8. 20.] [법률 제21372호,2026. 2. 151., 일부개정]",제90조 심사의 청구 등
5432,"고용보험법[시행2026. 8. 20.] [법률 제21372호,2026. 2. 152., 일부개정]",제98조 결정의 효력
5433,"고용보험법[시행2026. 8. 20.] [법률 제21372호,2026. 2. 153., 일부개정]",제108조 보고 등
5434,"고용보험법[시행2026. 8. 20.] [법률 제21372호,2026. 2. 154., 일부개정]",제9조 보험관계의 성립ㆍ소멸
5435,"고용보험법[시행2026. 8. 20.] [법률 제21372호,2026. 2. 155., 일부개정]",제12조 국제교류ㆍ협력
5436,"고용보험법[시행2026. 8. 20.] [법률 제21372호,2026. 2. 156., 일부개정]",제27조 사업주에 대한 직업능력개발 훈련의 지원
5437,"고용보험법[시행2026. 8. 20.] [법률 제21372호,2026. 2. 157., 일부개정]",제35조 부정행위에 따른 지원의 제한 등
5438,"고용보험법[시행2026. 8. 20.] [법률 제21372호,2026. 2. 158., 일부개정]",제40조 제4장제2절 구직급여
5439,"고용보험법[시행2026. 8. 20.] [법률 제21372호,2026. 2. 159., 일부개정]",제47조 실업인정대상기간 중의 취업 등의 신고
5440,"고용보험법[시행2026. 8. 20.] [법률 제21372호,2026. 2. 160., 일부개정]",제56조 지급일 및 지급 방법
5441,"고용보험법[시행2026. 8. 20.] [법률 제21372호,2026. 2. 161., 일부개정]",제64조 조기재취업 수당
5442,"고용보험법[시행2026. 8. 20.] [법률 제21372호,2026. 2. 162., 일부개정]",제69조의3 구직급여의 수급 요건
5443,"고용보험법[시행2026. 8. 20.] [법률 제21372호,2026. 2. 163., 일부개정]",제70조 제5장제1절 육아휴직 급여 및 육아기 근로시간 단축 급여
5444,"고용보험법[시행2026. 8. 20.] [법률 제21372호,2026. 2. 164., 일부개정]",제76조 지급 기간 등
5445,"고용보험법[시행2026. 8. 20.] [법률 제21372호,2026. 2. 165., 일부개정]",제77조의6 노무제공자인 피보험자에 대한 적용
5446,"고용보험법[시행2026. 8. 20.] [법률 제21372호,2026. 2. 166., 일부개정]",제81조 기금운용 계획 등
5447,"고용보험법[시행2026. 8. 20.] [법률 제21372호,2026. 2. 167., 일부개정]",제89조 고용보험심사관
5448,"고용보험법[시행2026. 8. 20.] [법률 제21372호,2026. 2. 168., 일부개정]",제99조 고용보험심사위원회
5449,"고용보험법[시행2026. 8. 20.] [법률 제21372호,2026. 2. 169., 일부개정]",제107조 소멸시효
5450,"고용보험법[시행2026. 8. 20.] [법률 제21372호,2026. 2. 170., 일부개정]",제114조 시범사업의 실시
5451,"고용보험법[시행2026. 8. 20.] [법률 제21372호,2026. 2. 171., 일부개정]",제2조 정의
5452,"고용보험법[시행2026. 8. 20.] [법률 제21372호,2026. 2. 172., 일부개정]",제5조 국고의 부담
5453,"고용보험법[시행2026. 8. 20.] [법률 제21372호,2026. 2. 173., 일부개정]",제16조 
5454,"고용보험법[시행2026. 8. 20.] [법률 제21372호,2026. 2. 174., 일부개정]",제20조 고용창출의 지원
5455,"고용보험법[시행2026. 8. 20.] [법률 제21372호,2026. 2. 175., 일부개정]",제30조 직업능력개발 훈련 시설에 대한 지원 등
5456,"고용보험법[시행2026. 8. 20.] [법률 제21372호,2026. 2. 176., 일부개정]",제43조 수급자격의 인정
5457,"고용보험법[시행2026. 8. 20.] [법률 제21372호,2026. 2. 177., 일부개정]",제61조 부정행위에 따른 급여의 지급 제한
5458,"고용보험법[시행2026. 8. 20.] [법률 제21372호,2026. 2. 178., 일부개정]",제69조의6 소정급여일수
5459,"고용보험법[시행2026. 8. 20.] [법률 제21372호,2026. 2. 179., 일부개정]",제77조의3 예술인인 피보험자에 대한 구직급여
5460,"고용보험법[시행2026. 8. 20.] [법률 제21372호,2026. 2. 180., 일부개정]",제85조 잉여금과 손실금의 처리
5461,"고용보험법[시행2026. 8. 20.] [법률 제21372호,2026. 2. 181., 일부개정]",제104조 다른 법률과의 관계
5462,"고용보험법[시행2026. 8. 20.] [법률 제21372호,2026. 2. 182., 일부개정]",제116조 벌칙
5463,"고용보험법[시행2026. 9. 18.] [법률 제21473호,2026. 3. 17., 일부개정]",제10조 적용 제외
5464,"고용보험법[시행2026. 9. 18.] [법률 제21473호,2026. 3. 18., 일부개정]",제24조 건설근로자 등의 고용안정 지원
5465,"고용보험법[시행2026. 9. 18.] [법률 제21473호,2026. 3. 19., 일부개정]",제26조의2 지원의 제한
5466,"고용보험법[시행2026. 9. 18.] [법률 제21473호,2026. 3. 20., 일부개정]",제40조 구직급여의 수급 요건
5467,"고용보험법[시행2026. 9. 18.] [법률 제21473호,2026. 3. 21., 일부개정]",제54조 연장급여의 수급기간 및 구직급여일액
5468,"고용보험법[시행2026. 9. 18.] [법률 제21473호,2026. 3. 22., 일부개정]",제69조의2 자영업자인 피보험자의 실업급여의 종류
5469,"고용보험법[시행2026. 9. 18.] [법률 제21473호,2026. 3. 23., 일부개정]",제69조의5 구직급여일액
5470,"고용보험법[시행2026. 9. 18.] [법률 제21473호,2026. 3. 24., 일부개정]",제76조의2 기간제근로자 또는 파견근로자에 대한 적용
5471,"고용보험법[시행2026. 9. 18.] [법률 제21473호,2026. 3. 25., 일부개정]",제79조 기금의 관리ㆍ운용
5472,"고용보험법[시행2026. 9. 18.] [법률 제21473호,2026. 3. 26., 일부개정]",제95조 실비변상
5473,"고용보험법[시행2026. 9. 18.] [법률 제21473호,2026. 3. 27., 일부개정]",제112조 포상금의 지급
5474,"고용보험법[시행2026. 9. 18.] [법률 제21473호,2026. 3. 28., 일부개정]",제6조 보험료
5475,"고용보험법[시행2026. 9. 18.] [법률 제21473호,2026. 3. 29., 일부개정]",제1조 제1장 총칙
5476,"고용보험법[시행2026. 9. 18.] [법률 제21473호,2026. 3. 30., 일부개정]",제19조 고용안정ㆍ직업능력개발 사업의 실시
5477,"고용보험법[시행2026. 9. 18.] [법률 제21473호,2026. 3. 31., 일부개정]",제31조 직업능력개발의 촉진
5478,"고용보험법[시행2026. 9. 18.] [법률 제21473호,2026. 3. 32., 일부개정]",제37조 제4장제1절 통칙
5479,"고용보험법[시행2026. 9. 18.] [법률 제21473호,2026. 3. 33., 일부개정]",제43조의2 둘 이상의 피보험자격 취득 시 수급자격의 인정
5480,"고용보험법[시행2026. 9. 18.] [법률 제21473호,2026. 3. 34., 일부개정]",제50조 소정급여일수 및 피보험기간
5481,"고용보험법[시행2026. 9. 18.] [법률 제21473호,2026. 3. 35., 일부개정]",제61조 부정행위에 따른 급여의 지급 제한
5482,"고용보험법[시행2026. 9. 18.] [법률 제21473호,2026. 3. 36., 일부개정]",제66조 광역 구직활동비
5483,"고용보험법[시행2026. 9. 18.] [법률 제21473호,2026. 3. 37., 일부개정]",제69조의9 준용
5484,"고용보험법[시행2026. 9. 18.] [법률 제21473호,2026. 3. 38., 일부개정]",제73조 육아휴직 급여의 지급 제한 등
5485,"고용보험법[시행2026. 9. 18.] [법률 제21473호,2026. 3. 39., 일부개정]",제77조의8 노무제공자인 피보험자에 대한 구직급여
5486,"고용보험법[시행2026. 9. 18.] [법률 제21473호,2026. 3. 40., 일부개정]",제86조 차입금
5487,"고용보험법[시행2026. 9. 18.] [법률 제21473호,2026. 3. 41., 일부개정]",제92조 보정 및 각하
5488,"고용보험법[시행2026. 9. 18.] [법률 제21473호,2026. 3. 42., 일부개정]",제101조 심리
5489,"고용보험법[시행2026. 9. 18.] [법률 제21473호,2026. 3. 43., 일부개정]",제107조 소멸시효
5490,"고용보험법[시행2026. 9. 18.] [법률 제21473호,2026. 3. 44., 일부개정]",제115조 권한의 위임ㆍ위탁
5491,"고용보험법[시행2026. 9. 18.] [법률 제21473호,2026. 3. 45., 일부개정]",제9조 보험관계의 성립ㆍ소멸
5492,"고용보험법[시행2026. 9. 18.] [법률 제21473호,2026. 3. 46., 일부개정]",제13조 제2장 피보험자의 관리
5493,"고용보험법[시행2026. 9. 18.] [법률 제21473호,2026. 3. 47., 일부개정]",제22조 지역 고용의 촉진
5494,"고용보험법[시행2026. 9. 18.] [법률 제21473호,2026. 3. 48., 일부개정]",제28조 비용 지원의 기준 등
5495,"고용보험법[시행2026. 9. 18.] [법률 제21473호,2026. 3. 49., 일부개정]",제37조의2 실업급여수급계좌
5496,"고용보험법[시행2026. 9. 18.] [법률 제21473호,2026. 3. 50., 일부개정]",제41조 피보험 단위기간
5497,"고용보험법[시행2026. 9. 18.] [법률 제21473호,2026. 3. 51., 일부개정]",제53조 특별연장급여
5498,"고용보험법[시행2026. 9. 18.] [법률 제21473호,2026. 3. 52., 일부개정]",제58조 이직 사유에 따른 수급자격의 제한
5499,"고용보험법[시행2026. 9. 18.] [법률 제21473호,2026. 3. 53., 일부개정]",제69조 준용
5500,"고용보험법[시행2026. 9. 18.] [법률 제21473호,2026. 3. 54., 일부개정]",제69조의7 폐업사유에 따른 수급자격의 제한
5501,"고용보험법[시행2026. 9. 18.] [법률 제21473호,2026. 3. 55., 일부개정]",제77조의3 예술인인 피보험자에 대한 구직급여
5502,"고용보험법[시행2026. 9. 18.] [법률 제21473호,2026. 3. 56., 일부개정]",제77조의9 노무제공자의 출산전후급여등
5503,"고용보험법[시행2026. 9. 18.] [법률 제21473호,2026. 3. 57., 일부개정]",제85조 잉여금과 손실금의 처리
5504,"고용보험법[시행2026. 9. 18.] [법률 제21473호,2026. 3. 58., 일부개정]",제103조 고지
5505,"고용보험법[시행2026. 9. 18.] [법률 제21473호,2026. 3. 59., 일부개정]",제105조 불이익 처우의 금지
5506,"고용보험법[시행2026. 9. 18.] [법률 제21473호,2026. 3. 60., 일부개정]",제116조 제9장 벌칙
5507,"고용보험법[시행2026. 9. 18.] [법률 제21473호,2026. 3. 61., 일부개정]",제118조 과태료
5508,"고용보험법[시행2026. 9. 18.] [법률 제21473호,2026. 3. 62., 일부개정]",제10조의2 외국인 근로자ㆍ예술인ㆍ노무제공자에 대한 적용
5509,"고용보험법[시행2026. 9. 18.] [법률 제21473호,2026. 3. 63., 일부개정]",제11조의2 보험사업의 평가
5510,"고용보험법[시행2026. 9. 18.] [법률 제21473호,2026. 3. 64., 일부개정]",제25조 고용안정 및 취업 촉진
5511,"고용보험법[시행2026. 9. 18.] [법률 제21473호,2026. 3. 65., 일부개정]",제38조의2 공과금의 면제
5512,"고용보험법[시행2026. 9. 18.] [법률 제21473호,2026. 3. 66., 일부개정]",제56조 지급일 및 지급 방법
5513,"고용보험법[시행2026. 9. 18.] [법률 제21473호,2026. 3. 67., 일부개정]",제69조의3 구직급여의 수급 요건
5514,"고용보험법[시행2026. 9. 18.] [법률 제21473호,2026. 3. 68., 일부개정]",제76조 지급 기간 등
5515,"고용보험법[시행2026. 9. 18.] [법률 제21473호,2026. 3. 69., 일부개정]",제80조 기금의 용도
5516,"고용보험법[시행2026. 9. 18.] [법률 제21473호,2026. 3. 70., 일부개정]",제96조 결정
5517,"고용보험법[시행2026. 9. 18.] [법률 제21473호,2026. 3. 71., 일부개정]",제111조 진찰명령
5518,"고용보험법[시행2026. 9. 18.] [법률 제21473호,2026. 3. 72., 일부개정]",제2조 정의
5519,"고용보험법[시행2026. 9. 18.] [법률 제21473호,2026. 3. 73., 일부개정]",제18조 피보험자격의 취득기준
5520,"고용보험법[시행2026. 9. 18.] [법률 제21473호,2026. 3. 74., 일부개정]",제34조 지방자치단체 등에 대한 지원
5521,"고용보험법[시행2026. 9. 18.] [법률 제21473호,2026. 3. 75., 일부개정]",제47조 실업인정대상기간 중의 취업 등의 신고
5522,"고용보험법[시행2026. 9. 18.] [법률 제21473호,2026. 3. 76., 일부개정]",제64조 제4장제3절 취업촉진 수당
5523,"고용보험법[시행2026. 9. 18.] [법률 제21473호,2026. 3. 77., 일부개정]",제70조 제5장제1절 육아휴직 급여 및 육아기 근로시간 단축 급여
5524,"고용보험법[시행2026. 9. 18.] [법률 제21473호,2026. 3. 78., 일부개정]",제71조 육아휴직의 확인
5525,"고용보험법[시행2026. 9. 18.] [법률 제21473호,2026. 3. 79., 일부개정]",제77조의6 제5장의3 노무제공자인 피보험자에 대한 고용보험 특례
5526,"고용보험법[시행2026. 9. 18.] [법률 제21473호,2026. 3. 80., 일부개정]",제89조 고용보험심사관
5527,"고용보험법[시행2026. 9. 18.] [법률 제21473호,2026. 3. 81., 일부개정]",제104조 다른 법률과의 관계
5528,"고용보험법[시행2026. 9. 18.] [법률 제21473호,2026. 3. 82., 일부개정]",제117조 양벌규정
5529,"고용보험법[시행2026. 9. 18.] [법률 제21473호,2026. 3. 83., 일부개정]",제3조 보험의 관장
5530,"고용보험법[시행2026. 9. 18.] [법률 제21473호,2026. 3. 84., 일부개정]",제17조 피보험자격의 확인
5531,"고용보험법[시행2026. 9. 18.] [법률 제21473호,2026. 3. 85., 일부개정]",제35조 부정행위에 따른 지원의 제한 등
5532,"고용보험법[시행2026. 9. 18.] [법률 제21473호,2026. 3. 86., 일부개정]",제46조 구직급여일액
5533,"고용보험법[시행2026. 9. 18.] [법률 제21473호,2026. 3. 87., 일부개정]",제70조 육아휴직 급여
5534,"고용보험법[시행2026. 9. 18.] [법률 제21473호,2026. 3. 88., 일부개정]",제77조의6 노무제공자인 피보험자에 대한 적용
5535,"고용보험법[시행2026. 9. 18.] [법률 제21473호,2026. 3. 89., 일부개정]",제88조 대리인의 선임
5536,"고용보험법[시행2026. 9. 18.] [법률 제21473호,2026. 3. 90., 일부개정]",제105조 제8장 보칙
5537,"고용보험법[시행2026. 9. 18.] [법률 제21473호,2026. 3. 91., 일부개정]",제116조 벌칙
5538,"고용보험법[시행2026. 9. 18.] [법률 제21473호,2026. 3. 92., 일부개정]",제7조 고용보험위원회
5539,"고용보험법[시행2026. 9. 18.] [법률 제21473호,2026. 3. 93., 일부개정]",제14조 피보험자격의 상실일
5540,"고용보험법[시행2026. 9. 18.] [법률 제21473호,2026. 3. 94., 일부개정]",제20조 고용창출의 지원
5541,"고용보험법[시행2026. 9. 18.] [법률 제21473호,2026. 3. 95., 일부개정]",제30조 직업능력개발 훈련 시설에 대한 지원 등
5542,"고용보험법[시행2026. 9. 18.] [법률 제21473호,2026. 3. 96., 일부개정]",제37조 실업급여의 종류
5543,"고용보험법[시행2026. 9. 18.] [법률 제21473호,2026. 3. 97., 일부개정]",제42조 실업의 신고
5544,"고용보험법[시행2026. 9. 18.] [법률 제21473호,2026. 3. 98., 일부개정]",제52조 개별연장급여
5545,"고용보험법[시행2026. 9. 18.] [법률 제21473호,2026. 3. 99., 일부개정]",제59조 
5546,"고용보험법[시행2026. 9. 18.] [법률 제21473호,2026. 3. 100., 일부개정]",제68조 취업촉진 수당의 지급 제한
5547,"고용보험법[시행2026. 9. 18.] [법률 제21473호,2026. 3. 101., 일부개정]",제75조 제5장제2절 출산전후휴가 급여 등
5548,"고용보험법[시행2026. 9. 18.] [법률 제21473호,2026. 3. 102., 일부개정]",제77조의2 제5장의2 예술인인 피보험자에 대한 고용보험 특례
5549,"고용보험법[시행2026. 9. 18.] [법률 제21473호,2026. 3. 103., 일부개정]",제78조 제6장 고용보험기금
5550,"고용보험법[시행2026. 9. 18.] [법률 제21473호,2026. 3. 104., 일부개정]",제83조 기금의 출납
5551,"고용보험법[시행2026. 9. 18.] [법률 제21473호,2026. 3. 105., 일부개정]",제100조 재심사의 상대방
5552,"고용보험법[시행2026. 9. 18.] [법률 제21473호,2026. 3. 106., 일부개정]",제108조 보고 등
5553,"고용보험법[시행2026. 9. 18.] [법률 제21473호,2026. 3. 107., 일부개정]",제114조 시범사업의 실시
5554,"고용보험법[시행2026. 9. 18.] [법률 제21473호,2026. 3. 108., 일부개정]",제12조 국제교류ㆍ협력
5555,"고용보험법[시행2026. 9. 18.] [법률 제21473호,2026. 3. 109., 일부개정]",제23조 고령자등 고용촉진의 지원
5556,"고용보험법[시행2026. 9. 18.] [법률 제21473호,2026. 3. 110., 일부개정]",제27조 사업주에 대한 직업능력개발 훈련의 지원
5557,"고용보험법[시행2026. 9. 18.] [법률 제21473호,2026. 3. 111., 일부개정]",제38조 수급권의 보호
5558,"고용보험법[시행2026. 9. 18.] [법률 제21473호,2026. 3. 112., 일부개정]",제40조 제4장제2절 구직급여
5559,"고용보험법[시행2026. 9. 18.] [법률 제21473호,2026. 3. 113., 일부개정]",제55조 연장급여의 상호 조정 등
5560,"고용보험법[시행2026. 9. 18.] [법률 제21473호,2026. 3. 114., 일부개정]",제57조 지급되지 아니한 구직급여
5561,"고용보험법[시행2026. 9. 18.] [법률 제21473호,2026. 3. 115., 일부개정]",제69조의2 제4장제4절 자영업자인 피보험자에 대한 실업급여 적용의 특례
5562,"고용보험법[시행2026. 9. 18.] [법률 제21473호,2026. 3. 116., 일부개정]",제69조의6 소정급여일수
5563,"고용보험법[시행2026. 9. 18.] [법률 제21473호,2026. 3. 117., 일부개정]",제75조 출산전후휴가 급여 등
5564,"고용보험법[시행2026. 9. 18.] [법률 제21473호,2026. 3. 118., 일부개정]",제77조 준용
5565,"고용보험법[시행2026. 9. 18.] [법률 제21473호,2026. 3. 119., 일부개정]",제78조 기금의 설치 및 조성
5566,"고용보험법[시행2026. 9. 18.] [법률 제21473호,2026. 3. 120., 일부개정]",제82조 기금계정의 설치
5567,"고용보험법[시행2026. 9. 18.] [법률 제21473호,2026. 3. 121., 일부개정]",제98조 결정의 효력
5568,"고용보험법[시행2026. 9. 18.] [법률 제21473호,2026. 3. 122., 일부개정]",제113조의2 「국민기초생활 보장법」의 수급자에 대한 특례
5569,"고용보험법[시행2026. 9. 18.] [법률 제21473호,2026. 3. 123., 일부개정]",제5조 국고의 부담
5570,"고용보험법[시행2026. 9. 18.] [법률 제21473호,2026. 3. 124., 일부개정]",제15조 피보험자격에 관한 신고 등
5571,"고용보험법[시행2026. 9. 18.] [법률 제21473호,2026. 3. 125., 일부개정]",제33조 고용정보의 제공 및 고용 지원 기반의 구축 등
5572,"고용보험법[시행2026. 9. 18.] [법률 제21473호,2026. 3. 126., 일부개정]",제36조 업무의 대행
5573,"고용보험법[시행2026. 9. 18.] [법률 제21473호,2026. 3. 127., 일부개정]",제45조 급여의 기초가 되는 임금일액
5574,"고용보험법[시행2026. 9. 18.] [법률 제21473호,2026. 3. 128., 일부개정]",제48조 수급기간 및 수급일수
5575,"고용보험법[시행2026. 9. 18.] [법률 제21473호,2026. 3. 129., 일부개정]",제63조 질병 등의 특례
5576,"고용보험법[시행2026. 9. 18.] [법률 제21473호,2026. 3. 130., 일부개정]",제64조 조기재취업 수당
5577,"고용보험법[시행2026. 9. 18.] [법률 제21473호,2026. 3. 131., 일부개정]",제70조 제5장 육아휴직 급여 등
5578,"고용보험법[시행2026. 9. 18.] [법률 제21473호,2026. 3. 132., 일부개정]",제72조 
5579,"고용보험법[시행2026. 9. 18.] [법률 제21473호,2026. 3. 133., 일부개정]",제77조의5 준용
5580,"고용보험법[시행2026. 9. 18.] [법률 제21473호,2026. 3. 134., 일부개정]",제77조의7 노무제공플랫폼사업자에 대한 특례
5581,"고용보험법[시행2026. 9. 18.] [법률 제21473호,2026. 3. 135., 일부개정]",제87조 제7장 심사 및 재심사청구
5582,"고용보험법[시행2026. 9. 18.] [법률 제21473호,2026. 3. 136., 일부개정]",제91조 청구의 방식
5583,"고용보험법[시행2026. 9. 18.] [법률 제21473호,2026. 3. 137., 일부개정]",제102조 준용 규정
5584,"고용보험법[시행2026. 9. 18.] [법률 제21473호,2026. 3. 138., 일부개정]",제115조의2 벌칙 적용 시의 공무원 의제
5585,"고용보험법[시행2026. 9. 18.] [법률 제21473호,2026. 3. 139., 일부개정]",제11조 보험 관련 조사ㆍ연구
5586,"고용보험법[시행2026. 9. 18.] [법률 제21473호,2026. 3. 140., 일부개정]",제26조 고용촉진 시설에 대한 지원
5587,"고용보험법[시행2026. 9. 18.] [법률 제21473호,2026. 3. 141., 일부개정]",제39조 
5588,"고용보험법[시행2026. 9. 18.] [법률 제21473호,2026. 3. 142., 일부개정]",제55조의2 국민연금 보험료의 지원
5589,"고용보험법[시행2026. 9. 18.] [법률 제21473호,2026. 3. 143., 일부개정]",제69조의4 기초일액
5590,"고용보험법[시행2026. 9. 18.] [법률 제21473호,2026. 3. 144., 일부개정]",제75조의2 출산전후휴가 급여등의 수급권 대위
5591,"고용보험법[시행2026. 9. 18.] [법률 제21473호,2026. 3. 145., 일부개정]",제81조 기금운용 계획 등
5592,"고용보험법[시행2026. 9. 18.] [법률 제21473호,2026. 3. 146., 일부개정]",제94조 심사관의 권한
5593,"고용보험법[시행2026. 9. 18.] [법률 제21473호,2026. 3. 147., 일부개정]",제97조 결정의 방법
5594,"고용보험법[시행2026. 9. 18.] [법률 제21473호,2026. 3. 148., 일부개정]",제110조 자료 제공의 요청
5595,"고용보험법[시행2026. 9. 18.] [법률 제21473호,2026. 3. 149., 일부개정]",제1조 목적
5596,"고용보험법[시행2026. 9. 18.] [법률 제21473호,2026. 3. 150., 일부개정]",제4조 고용보험사업
5597,"고용보험법[시행2026. 9. 18.] [법률 제21473호,2026. 3. 151., 일부개정]",제16조 
5598,"고용보험법[시행2026. 9. 18.] [법률 제21473호,2026. 3. 152., 일부개정]",제19조 제3장 고용안정ㆍ직업능력개발 사업
5599,"고용보험법[시행2026. 9. 18.] [법률 제21473호,2026. 3. 153., 일부개정]",제32조 건설근로자 등의 직업능력개발 지원
5600,"고용보험법[시행2026. 9. 18.] [법률 제21473호,2026. 3. 154., 일부개정]",제37조 제4장 실업급여
5601,"고용보험법[시행2026. 9. 18.] [법률 제21473호,2026. 3. 155., 일부개정]",제44조 실업의 인정
5602,"고용보험법[시행2026. 9. 18.] [법률 제21473호,2026. 3. 156., 일부개정]",제49조 대기기간
5603,"고용보험법[시행2026. 9. 18.] [법률 제21473호,2026. 3. 157., 일부개정]",제62조 반환명령 등
5604,"고용보험법[시행2026. 9. 18.] [법률 제21473호,2026. 3. 158., 일부개정]",제65조 직업능력개발 수당
5605,"고용보험법[시행2026. 9. 18.] [법률 제21473호,2026. 3. 159., 일부개정]",제73조의2 육아기 근로시간 단축 급여
5606,"고용보험법[시행2026. 9. 18.] [법률 제21473호,2026. 3. 160., 일부개정]",제77조의4 예술인의 출산전후급여등
5607,"고용보험법[시행2026. 9. 18.] [법률 제21473호,2026. 3. 161., 일부개정]",제87조 심사와 재심사
5608,"고용보험법[시행2026. 9. 18.] [법률 제21473호,2026. 3. 162., 일부개정]",제90조 심사의 청구 등
5609,"고용보험법[시행2026. 9. 18.] [법률 제21473호,2026. 3. 163., 일부개정]",제106조 준용
5610,"고용보험법[시행2026. 9. 18.] [법률 제21473호,2026. 3. 164., 일부개정]",제8조 적용 범위
5611,"고용보험법[시행2026. 9. 18.] [법률 제21473호,2026. 3. 165., 일부개정]",제13조 피보험자격의 취득일
5612,"고용보험법[시행2026. 9. 18.] [법률 제21473호,2026. 3. 166., 일부개정]",제21조 고용조정의 지원
5613,"고용보험법[시행2026. 9. 18.] [법률 제21473호,2026. 3. 167., 일부개정]",제29조 피보험자등에 대한 직업능력개발 지원
5614,"고용보험법[시행2026. 9. 18.] [법률 제21473호,2026. 3. 168., 일부개정]",제43조 수급자격의 인정
5615,"고용보험법[시행2026. 9. 18.] [법률 제21473호,2026. 3. 169., 일부개정]",제51조 훈련연장급여
5616,"고용보험법[시행2026. 9. 18.] [법률 제21473호,2026. 3. 170., 일부개정]",제60조 훈련 거부 등에 따른 급여의 지급 제한
5617,"고용보험법[시행2026. 9. 18.] [법률 제21473호,2026. 3. 171., 일부개정]",제67조 이주비
5618,"고용보험법[시행2026. 9. 18.] [법률 제21473호,2026. 3. 172., 일부개정]",제69조의8 자영업자인 피보험자에 대한 실업급여의 지급 제한
5619,"고용보험법[시행2026. 9. 18.] [법률 제21473호,2026. 3. 173., 일부개정]",제74조 준용
5620,"고용보험법[시행2026. 9. 18.] [법률 제21473호,2026. 3. 174., 일부개정]",제77조의2 예술인인 피보험자에 대한 적용
5621,"고용보험법[시행2026. 9. 18.] [법률 제21473호,2026. 3. 175., 일부개정]",제77조의10 준용
5622,"고용보험법[시행2026. 9. 18.] [법률 제21473호,2026. 3. 176., 일부개정]",제84조 기금의 적립
5623,"고용보험법[시행2026. 9. 18.] [법률 제21473호,2026. 3. 177., 일부개정]",제93조 원처분등의 집행 정지
5624,"고용보험법[시행2026. 9. 18.] [법률 제21473호,2026. 3. 178., 일부개정]",제99조 고용보험심사위원회
5625,"고용보험법[시행2026. 9. 18.] [법률 제21473호,2026. 3. 179., 일부개정]",제109조 조사 등
5626,"고용보험법[시행2026. 9. 18.] [법률 제21473호,2026. 3. 180., 일부개정]",제113조 
5627,"고용보험법[시행2026. 11. 27.] [법률 제21699호,2026. 5. 26., 일부개정]",제1조 제1장 총칙
5628,"고용보험법[시행2026. 11. 27.] [법률 제21699호,2026. 5. 27., 일부개정]",제3조 보험의 관장
5629,"고용보험법[시행2026. 11. 27.] [법률 제21699호,2026. 5. 28., 일부개정]",제13조 피보험자격의 취득일
5630,"고용보험법[시행2026. 11. 27.] [법률 제21699호,2026. 5. 29., 일부개정]",제24조 건설근로자 등의 고용안정 지원
5631,"고용보험법[시행2026. 11. 27.] [법률 제21699호,2026. 5. 30., 일부개정]",제36조 업무의 대행
5632,"고용보험법[시행2026. 11. 27.] [법률 제21699호,2026. 5. 31., 일부개정]",제43조 수급자격의 인정
5633,"고용보험법[시행2026. 11. 27.] [법률 제21699호,2026. 5. 32., 일부개정]",제55조의2 국민연금 보험료의 지원
5634,"고용보험법[시행2026. 11. 27.] [법률 제21699호,2026. 5. 33., 일부개정]",제70조 제5장제1절 육아휴직 급여 및 육아기 근로시간 단축 급여
5635,"고용보험법[시행2026. 11. 27.] [법률 제21699호,2026. 5. 34., 일부개정]",제77조 준용
5636,"고용보험법[시행2026. 11. 27.] [법률 제21699호,2026. 5. 35., 일부개정]",제79조 기금의 관리ㆍ운용
5637,"고용보험법[시행2026. 11. 27.] [법률 제21699호,2026. 5. 36., 일부개정]",제91조 청구의 방식
5638,"고용보험법[시행2026. 11. 27.] [법률 제21699호,2026. 5. 37., 일부개정]",제104조 다른 법률과의 관계
5639,"고용보험법[시행2026. 11. 27.] [법률 제21699호,2026. 5. 38., 일부개정]",제115조의2 벌칙 적용 시의 공무원 의제
5640,"고용보험법[시행2026. 11. 27.] [법률 제21699호,2026. 5. 39., 일부개정]",제11조 보험 관련 조사ㆍ연구
5641,"고용보험법[시행2026. 11. 27.] [법률 제21699호,2026. 5. 40., 일부개정]",제21조 고용조정의 지원
5642,"고용보험법[시행2026. 11. 27.] [법률 제21699호,2026. 5. 41., 일부개정]",제35조 부정행위에 따른 지원의 제한 등
5643,"고용보험법[시행2026. 11. 27.] [법률 제21699호,2026. 5. 42., 일부개정]",제42조 실업의 신고
5644,"고용보험법[시행2026. 11. 27.] [법률 제21699호,2026. 5. 43., 일부개정]",제43조의2 둘 이상의 피보험자격 취득 시 수급자격의 인정
5645,"고용보험법[시행2026. 11. 27.] [법률 제21699호,2026. 5. 44., 일부개정]",제55조 연장급여의 상호 조정 등
5646,"고용보험법[시행2026. 11. 27.] [법률 제21699호,2026. 5. 45., 일부개정]",제66조 광역 구직활동비
5647,"고용보험법[시행2026. 11. 27.] [법률 제21699호,2026. 5. 46., 일부개정]",제70조 제5장 육아휴직 급여 등
5648,"고용보험법[시행2026. 11. 27.] [법률 제21699호,2026. 5. 47., 일부개정]",제78조 기금의 설치 및 조성
5649,"고용보험법[시행2026. 11. 27.] [법률 제21699호,2026. 5. 48., 일부개정]",제92조 보정 및 각하
5650,"고용보험법[시행2026. 11. 27.] [법률 제21699호,2026. 5. 49., 일부개정]",제105조 제8장 보칙
5651,"고용보험법[시행2026. 11. 27.] [법률 제21699호,2026. 5. 50., 일부개정]",제116조 제9장 벌칙
5652,"고용보험법[시행2026. 11. 27.] [법률 제21699호,2026. 5. 51., 일부개정]",제6조 보험료
5653,"고용보험법[시행2026. 11. 27.] [법률 제21699호,2026. 5. 52., 일부개정]",제11조의2 보험사업의 평가
5654,"고용보험법[시행2026. 11. 27.] [법률 제21699호,2026. 5. 53., 일부개정]",제16조 
5655,"고용보험법[시행2026. 11. 27.] [법률 제21699호,2026. 5. 54., 일부개정]",제20조 고용창출의 지원
5656,"고용보험법[시행2026. 11. 27.] [법률 제21699호,2026. 5. 55., 일부개정]",제33조 고용정보의 제공 및 고용 지원 기반의 구축 등
5657,"고용보험법[시행2026. 11. 27.] [법률 제21699호,2026. 5. 56., 일부개정]",제40조 구직급여의 수급 요건
5658,"고용보험법[시행2026. 11. 27.] [법률 제21699호,2026. 5. 57., 일부개정]",제56조 지급일 및 지급 방법
5659,"고용보험법[시행2026. 11. 27.] [법률 제21699호,2026. 5. 58., 일부개정]",제68조 취업촉진 수당의 지급 제한
5660,"고용보험법[시행2026. 11. 27.] [법률 제21699호,2026. 5. 59., 일부개정]",제72조 
5661,"고용보험법[시행2026. 11. 27.] [법률 제21699호,2026. 5. 60., 일부개정]",제77조의2 예술인인 피보험자에 대한 적용
5662,"고용보험법[시행2026. 11. 27.] [법률 제21699호,2026. 5. 61., 일부개정]",제77조의8 노무제공자인 피보험자에 대한 구직급여
5663,"고용보험법[시행2026. 11. 27.] [법률 제21699호,2026. 5. 62., 일부개정]",제88조 대리인의 선임
5664,"고용보험법[시행2026. 11. 27.] [법률 제21699호,2026. 5. 63., 일부개정]",제101조 심리
5665,"고용보험법[시행2026. 11. 27.] [법률 제21699호,2026. 5. 64., 일부개정]",제106조 준용
5666,"고용보험법[시행2026. 11. 27.] [법률 제21699호,2026. 5. 65., 일부개정]",제117조 양벌규정
5667,"고용보험법[시행2026. 11. 27.] [법률 제21699호,2026. 5. 66., 일부개정]",제7조 고용보험위원회
5668,"고용보험법[시행2026. 11. 27.] [법률 제21699호,2026. 5. 67., 일부개정]",제10조 적용 제외
5669,"고용보험법[시행2026. 11. 27.] [법률 제21699호,2026. 5. 68., 일부개정]",제19조 고용안정ㆍ직업능력개발 사업의 실시
5670,"고용보험법[시행2026. 11. 27.] [법률 제21699호,2026. 5. 69., 일부개정]",제31조 직업능력개발의 촉진
5671,"고용보험법[시행2026. 11. 27.] [법률 제21699호,2026. 5. 70., 일부개정]",제37조 실업급여의 종류
5672,"고용보험법[시행2026. 11. 27.] [법률 제21699호,2026. 5. 71., 일부개정]",제38조의2 공과금의 면제
5673,"고용보험법[시행2026. 11. 27.] [법률 제21699호,2026. 5. 72., 일부개정]",제59조 
5674,"고용보험법[시행2026. 11. 27.] [법률 제21699호,2026. 5. 73., 일부개정]",제65조 직업능력개발 수당
5675,"고용보험법[시행2026. 11. 27.] [법률 제21699호,2026. 5. 74., 일부개정]",제67조 이주비
5676,"고용보험법[시행2026. 11. 27.] [법률 제21699호,2026. 5. 75., 일부개정]",제69조의9 준용
5677,"고용보험법[시행2026. 11. 27.] [법률 제21699호,2026. 5. 76., 일부개정]",제70조 육아휴직 급여
5678,"고용보험법[시행2026. 11. 27.] [법률 제21699호,2026. 5. 77., 일부개정]",제76조의2 기간제근로자 또는 파견근로자에 대한 적용
5679,"고용보험법[시행2026. 11. 27.] [법률 제21699호,2026. 5. 78., 일부개정]",제78조 제6장 고용보험기금
5680,"고용보험법[시행2026. 11. 27.] [법률 제21699호,2026. 5. 79., 일부개정]",제93조 원처분등의 집행 정지
5681,"고용보험법[시행2026. 11. 27.] [법률 제21699호,2026. 5. 80., 일부개정]",제105조 불이익 처우의 금지
5682,"고용보험법[시행2026. 11. 27.] [법률 제21699호,2026. 5. 81., 일부개정]",제116조 벌칙
5683,"고용보험법[시행2026. 11. 27.] [법률 제21699호,2026. 5. 82., 일부개정]",제9조 보험관계의 성립ㆍ소멸
5684,"고용보험법[시행2026. 11. 27.] [법률 제21699호,2026. 5. 83., 일부개정]",제28조 비용 지원의 기준 등
5685,"고용보험법[시행2026. 11. 27.] [법률 제21699호,2026. 5. 84., 일부개정]",제50조 소정급여일수 및 피보험기간
5686,"고용보험법[시행2026. 11. 27.] [법률 제21699호,2026. 5. 85., 일부개정]",제64조 제4장제3절 취업촉진 수당
5687,"고용보험법[시행2026. 11. 27.] [법률 제21699호,2026. 5. 86., 일부개정]",제69조의7 폐업사유에 따른 수급자격의 제한
5688,"고용보험법[시행2026. 11. 27.] [법률 제21699호,2026. 5. 87., 일부개정]",제76조 지급 기간 등
5689,"고용보험법[시행2026. 11. 27.] [법률 제21699호,2026. 5. 88., 일부개정]",제77조의10 준용
5690,"고용보험법[시행2026. 11. 27.] [법률 제21699호,2026. 5. 89., 일부개정]",제80조 기금의 용도
5691,"고용보험법[시행2026. 11. 27.] [법률 제21699호,2026. 5. 90., 일부개정]",제89조 고용보험심사관
5692,"고용보험법[시행2026. 11. 27.] [법률 제21699호,2026. 5. 91., 일부개정]",제103조 고지
5693,"고용보험법[시행2026. 11. 27.] [법률 제21699호,2026. 5. 92., 일부개정]",제115조 권한의 위임ㆍ위탁
5694,"고용보험법[시행2026. 11. 27.] [법률 제21699호,2026. 5. 93., 일부개정]",제19조 제3장 고용안정ㆍ직업능력개발 사업
5695,"고용보험법[시행2026. 11. 27.] [법률 제21699호,2026. 5. 94., 일부개정]",제30조 직업능력개발 훈련 시설에 대한 지원 등
5696,"고용보험법[시행2026. 11. 27.] [법률 제21699호,2026. 5. 95., 일부개정]",제39조 
5697,"고용보험법[시행2026. 11. 27.] [법률 제21699호,2026. 5. 96., 일부개정]",제57조 지급되지 아니한 구직급여
5698,"고용보험법[시행2026. 11. 27.] [법률 제21699호,2026. 5. 97., 일부개정]",제69조의2 제4장제4절 자영업자인 피보험자에 대한 실업급여 적용의 특례
5699,"고용보험법[시행2026. 11. 27.] [법률 제21699호,2026. 5. 98., 일부개정]",제73조의2 육아기 근로시간 단축 급여
5700,"고용보험법[시행2026. 11. 27.] [법률 제21699호,2026. 5. 99., 일부개정]",제77조의4 예술인의 출산전후급여등
5701,"고용보험법[시행2026. 11. 27.] [법률 제21699호,2026. 5. 100., 일부개정]",제82조 기금계정의 설치
5702,"고용보험법[시행2026. 11. 27.] [법률 제21699호,2026. 5. 101., 일부개정]",제97조 결정의 방법
5703,"고용보험법[시행2026. 11. 27.] [법률 제21699호,2026. 5. 102., 일부개정]",제110조 자료 제공의 요청
5704,"고용보험법[시행2026. 11. 27.] [법률 제21699호,2026. 5. 103., 일부개정]",제112조 포상금의 지급
5705,"고용보험법[시행2026. 11. 27.] [법률 제21699호,2026. 5. 104., 일부개정]",제2조 정의
5706,"고용보험법[시행2026. 11. 27.] [법률 제21699호,2026. 5. 105., 일부개정]",제13조 제2장 피보험자의 관리
5707,"고용보험법[시행2026. 11. 27.] [법률 제21699호,2026. 5. 106., 일부개정]",제23조 고령자등 고용촉진의 지원
5708,"고용보험법[시행2026. 11. 27.] [법률 제21699호,2026. 5. 107., 일부개정]",제37조 제4장제1절 통칙
5709,"고용보험법[시행2026. 11. 27.] [법률 제21699호,2026. 5. 108., 일부개정]",제46조 구직급여일액
5710,"고용보험법[시행2026. 11. 27.] [법률 제21699호,2026. 5. 109., 일부개정]",제52조 개별연장급여
5711,"고용보험법[시행2026. 11. 27.] [법률 제21699호,2026. 5. 110., 일부개정]",제61조 부정행위에 따른 급여의 지급 제한
5712,"고용보험법[시행2026. 11. 27.] [법률 제21699호,2026. 5. 111., 일부개정]",제69조의4 기초일액
5713,"고용보험법[시행2026. 11. 27.] [법률 제21699호,2026. 5. 112., 일부개정]",제75조의2 출산전후휴가 급여등의 수급권 대위
5714,"고용보험법[시행2026. 11. 27.] [법률 제21699호,2026. 5. 113., 일부개정]",제77조의5 준용
5715,"고용보험법[시행2026. 11. 27.] [법률 제21699호,2026. 5. 114., 일부개정]",제83조 기금의 출납
5716,"고용보험법[시행2026. 11. 27.] [법률 제21699호,2026. 5. 115., 일부개정]",제85조 잉여금과 손실금의 처리
5717,"고용보험법[시행2026. 11. 27.] [법률 제21699호,2026. 5. 116., 일부개정]",제98조 결정의 효력
5718,"고용보험법[시행2026. 11. 27.] [법률 제21699호,2026. 5. 117., 일부개정]",제113조 
5719,"고용보험법[시행2026. 11. 27.] [법률 제21699호,2026. 5. 118., 일부개정]",제118조 과태료
5720,"고용보험법[시행2026. 11. 27.] [법률 제21699호,2026. 5. 119., 일부개정]",제4조 고용보험사업
5721,"고용보험법[시행2026. 11. 27.] [법률 제21699호,2026. 5. 120., 일부개정]",제15조 피보험자격에 관한 신고 등
5722,"고용보험법[시행2026. 11. 27.] [법률 제21699호,2026. 5. 121., 일부개정]",제26조 고용촉진 시설에 대한 지원
5723,"고용보험법[시행2026. 11. 27.] [법률 제21699호,2026. 5. 122., 일부개정]",제32조 건설근로자 등의 직업능력개발 지원
5724,"고용보험법[시행2026. 11. 27.] [법률 제21699호,2026. 5. 123., 일부개정]",제40조 제4장제2절 구직급여
5725,"고용보험법[시행2026. 11. 27.] [법률 제21699호,2026. 5. 124., 일부개정]",제47조 실업인정대상기간 중의 취업 등의 신고
5726,"고용보험법[시행2026. 11. 27.] [법률 제21699호,2026. 5. 125., 일부개정]",제58조 이직 사유에 따른 수급자격의 제한
5727,"고용보험법[시행2026. 11. 27.] [법률 제21699호,2026. 5. 126., 일부개정]",제69조의2 자영업자인 피보험자의 실업급여의 종류
5728,"고용보험법[시행2026. 11. 27.] [법률 제21699호,2026. 5. 127., 일부개정]",제74조 준용
5729,"고용보험법[시행2026. 11. 27.] [법률 제21699호,2026. 5. 128., 일부개정]",제77조의6 제5장의3 노무제공자인 피보험자에 대한 고용보험 특례
5730,"고용보험법[시행2026. 11. 27.] [법률 제21699호,2026. 5. 129., 일부개정]",제86조 차입금
5731,"고용보험법[시행2026. 11. 27.] [법률 제21699호,2026. 5. 130., 일부개정]",제100조 재심사의 상대방
5732,"고용보험법[시행2026. 11. 27.] [법률 제21699호,2026. 5. 131., 일부개정]",제107조 소멸시효
5733,"고용보험법[시행2026. 11. 27.] [법률 제21699호,2026. 5. 132., 일부개정]",제113조의2 「국민기초생활 보장법」의 수급자에 대한 특례
5734,"고용보험법[시행2026. 11. 27.] [법률 제21699호,2026. 5. 133., 일부개정]",제10조의2 외국인 근로자ㆍ예술인ㆍ노무제공자에 대한 적용
5735,"고용보험법[시행2026. 11. 27.] [법률 제21699호,2026. 5. 134., 일부개정]",제17조 피보험자격의 확인
5736,"고용보험법[시행2026. 11. 27.] [법률 제21699호,2026. 5. 135., 일부개정]",제26조의2 지원의 제한
5737,"고용보험법[시행2026. 11. 27.] [법률 제21699호,2026. 5. 136., 일부개정]",제37조의2 실업급여수급계좌
5738,"고용보험법[시행2026. 11. 27.] [법률 제21699호,2026. 5. 137., 일부개정]",제49조 대기기간
5739,"고용보험법[시행2026. 11. 27.] [법률 제21699호,2026. 5. 138., 일부개정]",제60조 훈련 거부 등에 따른 급여의 지급 제한
5740,"고용보험법[시행2026. 11. 27.] [법률 제21699호,2026. 5. 139., 일부개정]",제75조 출산전후휴가 급여 등
5741,"고용보험법[시행2026. 11. 27.] [법률 제21699호,2026. 5. 140., 일부개정]",제77조의6 노무제공자인 피보험자에 대한 적용
5742,"고용보험법[시행2026. 11. 27.] [법률 제21699호,2026. 5. 141., 일부개정]",제87조 심사와 재심사
5743,"고용보험법[시행2026. 11. 27.] [법률 제21699호,2026. 5. 142., 일부개정]",제95조 실비변상
5744,"고용보험법[시행2026. 11. 27.] [법률 제21699호,2026. 5. 143., 일부개정]",제108조 보고 등
5745,"고용보험법[시행2026. 11. 27.] [법률 제21699호,2026. 5. 144., 일부개정]",제1조 목적
5746,"고용보험법[시행2026. 11. 27.] [법률 제21699호,2026. 5. 145., 일부개정]",제22조 지역 고용의 촉진
5747,"고용보험법[시행2026. 11. 27.] [법률 제21699호,2026. 5. 146., 일부개정]",제37조 제4장 실업급여
5748,"고용보험법[시행2026. 11. 27.] [법률 제21699호,2026. 5. 147., 일부개정]",제44조 실업의 인정
5749,"고용보험법[시행2026. 11. 27.] [법률 제21699호,2026. 5. 148., 일부개정]",제54조 연장급여의 수급기간 및 구직급여일액
5750,"고용보험법[시행2026. 11. 27.] [법률 제21699호,2026. 5. 149., 일부개정]",제64조 조기재취업 수당
5751,"고용보험법[시행2026. 11. 27.] [법률 제21699호,2026. 5. 150., 일부개정]",제69조 준용
5752,"고용보험법[시행2026. 11. 27.] [법률 제21699호,2026. 5. 151., 일부개정]",제69조의8 자영업자인 피보험자에 대한 실업급여의 지급 제한
5753,"고용보험법[시행2026. 11. 27.] [법률 제21699호,2026. 5. 152., 일부개정]",제71조 육아휴직의 확인
5754,"고용보험법[시행2026. 11. 27.] [법률 제21699호,2026. 5. 153., 일부개정]",제77조의2 제5장의2 예술인인 피보험자에 대한 고용보험 특례
5755,"고용보험법[시행2026. 11. 27.] [법률 제21699호,2026. 5. 154., 일부개정]",제77조의9 노무제공자의 출산전후급여등
5756,"고용보험법[시행2026. 11. 27.] [법률 제21699호,2026. 5. 155., 일부개정]",제90조 심사의 청구 등
5757,"고용보험법[시행2026. 11. 27.] [법률 제21699호,2026. 5. 156., 일부개정]",제94조 심사관의 권한
5758,"고용보험법[시행2026. 11. 27.] [법률 제21699호,2026. 5. 157., 일부개정]",제102조 준용 규정
5759,"고용보험법[시행2026. 11. 27.] [법률 제21699호,2026. 5. 158., 일부개정]",제114조 시범사업의 실시
5760,"고용보험법[시행2026. 11. 27.] [법률 제21699호,2026. 5. 159., 일부개정]",제8조 적용 범위
5761,"고용보험법[시행2026. 11. 27.] [법률 제21699호,2026. 5. 160., 일부개정]",제18조 피보험자격의 취득기준
5762,"고용보험법[시행2026. 11. 27.] [법률 제21699호,2026. 5. 161., 일부개정]",제27조 사업주에 대한 직업능력개발 훈련의 지원
5763,"고용보험법[시행2026. 11. 27.] [법률 제21699호,2026. 5. 162., 일부개정]",제29조 피보험자등에 대한 직업능력개발 지원
5764,"고용보험법[시행2026. 11. 27.] [법률 제21699호,2026. 5. 163., 일부개정]",제38조 수급권의 보호
5765,"고용보험법[시행2026. 11. 27.] [법률 제21699호,2026. 5. 164., 일부개정]",제48조 수급기간 및 수급일수
5766,"고용보험법[시행2026. 11. 27.] [법률 제21699호,2026. 5. 165., 일부개정]",제51조 훈련연장급여
5767,"고용보험법[시행2026. 11. 27.] [법률 제21699호,2026. 5. 166., 일부개정]",제63조 질병 등의 특례
5768,"고용보험법[시행2026. 11. 27.] [법률 제21699호,2026. 5. 167., 일부개정]",제69조의6 소정급여일수
5769,"고용보험법[시행2026. 11. 27.] [법률 제21699호,2026. 5. 168., 일부개정]",제73조 육아휴직 급여의 지급 제한 등
5770,"고용보험법[시행2026. 11. 27.] [법률 제21699호,2026. 5. 169., 일부개정]",제77조의3 예술인인 피보험자에 대한 구직급여
5771,"고용보험법[시행2026. 11. 27.] [법률 제21699호,2026. 5. 170., 일부개정]",제77조의7 노무제공플랫폼사업자에 대한 특례
5772,"고용보험법[시행2026. 11. 27.] [법률 제21699호,2026. 5. 171., 일부개정]",제81조 기금운용 계획 등
5773,"고용보험법[시행2026. 11. 27.] [법률 제21699호,2026. 5. 172., 일부개정]",제87조 제7장 심사 및 재심사청구
5774,"고용보험법[시행2026. 11. 27.] [법률 제21699호,2026. 5. 173., 일부개정]",제96조 결정
5775,"고용보험법[시행2026. 11. 27.] [법률 제21699호,2026. 5. 174., 일부개정]",제99조 고용보험심사위원회
5776,"고용보험법[시행2026. 11. 27.] [법률 제21699호,2026. 5. 175., 일부개정]",제109조 조사 등
5777,"고용보험법[시행2026. 11. 27.] [법률 제21699호,2026. 5. 176., 일부개정]",제5조 국고의 부담
5778,"고용보험법[시행2026. 11. 27.] [법률 제21699호,2026. 5. 177., 일부개정]",제12조 국제교류ㆍ협력
5779,"고용보험법[시행2026. 11. 27.] [법률 제21699호,2026. 5. 178., 일부개정]",제14조 피보험자격의 상실일
5780,"고용보험법[시행2026. 11. 27.] [법률 제21699호,2026. 5. 179., 일부개정]",제25조 고용안정 및 취업 촉진
5781,"고용보험법[시행2026. 11. 27.] [법률 제21699호,2026. 5. 180., 일부개정]",제34조 지방자치단체 등에 대한 지원
5782,"고용보험법[시행2026. 11. 27.] [법률 제21699호,2026. 5. 181., 일부개정]",제41조 피보험 단위기간
5783,"고용보험법[시행2026. 11. 27.] [법률 제21699호,2026. 5. 182., 일부개정]",제45조 급여의 기초가 되는 임금일액
5784,"고용보험법[시행2026. 11. 27.] [법률 제21699호,2026. 5. 183., 일부개정]",제53조 특별연장급여
5785,"고용보험법[시행2026. 11. 27.] [법률 제21699호,2026. 5. 184., 일부개정]",제62조 반환명령 등
5786,"고용보험법[시행2026. 11. 27.] [법률 제21699호,2026. 5. 185., 일부개정]",제69조의3 구직급여의 수급 요건
5787,"고용보험법[시행2026. 11. 27.] [법률 제21699호,2026. 5. 186., 일부개정]",제69조의5 구직급여일액
5788,"고용보험법[시행2026. 11. 27.] [법률 제21699호,2026. 5. 187., 일부개정]",제75조 제5장제2절 출산전후휴가 급여 등
5789,"고용보험법[시행2026. 11. 27.] [법률 제21699호,2026. 5. 188., 일부개정]",제84조 기금의 적립
5790,"고용보험법[시행2026. 11. 27.] [법률 제21699호,2026. 5. 189., 일부개정]",제111조 진찰명령
5791,"고용보험법[시행2027. 1. 1.] [법률 제21473호,2026. 3. 17., 일부개정]",제8조 적용 범위
5792,"고용보험법[시행2027. 1. 1.] [법률 제21473호,2026. 3. 18., 일부개정]",제18조 피보험자격의 취득기준
5793,"고용보험법[시행2027. 1. 1.] [법률 제21473호,2026. 3. 19., 일부개정]",제20조 고용창출의 지원
5794,"고용보험법[시행2027. 1. 1.] [법률 제21473호,2026. 3. 20., 일부개정]",제32조 건설근로자 등의 직업능력개발 지원
5795,"고용보험법[시행2027. 1. 1.] [법률 제21473호,2026. 3. 21., 일부개정]",제40조 제4장제2절 구직급여
5796,"고용보험법[시행2027. 1. 1.] [법률 제21473호,2026. 3. 22., 일부개정]",제41조 피보험 단위기간
5797,"고용보험법[시행2027. 1. 1.] [법률 제21473호,2026. 3. 23., 일부개정]",제55조 연장급여의 상호 조정 등
5798,"고용보험법[시행2027. 1. 1.] [법률 제21473호,2026. 3. 24., 일부개정]",제67조 이주비
5799,"고용보험법[시행2027. 1. 1.] [법률 제21473호,2026. 3. 25., 일부개정]",제69조의9 준용
5800,"고용보험법[시행2027. 1. 1.] [법률 제21473호,2026. 3. 26., 일부개정]",제77조의3 예술인인 피보험자에 대한 구직급여
5801,"고용보험법[시행2027. 1. 1.] [법률 제21473호,2026. 3. 27., 일부개정]",제78조 제6장 고용보험기금
5802,"고용보험법[시행2027. 1. 1.] [법률 제21473호,2026. 3. 28., 일부개정]",제85조 잉여금과 손실금의 처리
5803,"고용보험법[시행2027. 1. 1.] [법률 제21473호,2026. 3. 29., 일부개정]",제91조 청구의 방식
5804,"고용보험법[시행2027. 1. 1.] [법률 제21473호,2026. 3. 30., 일부개정]",제99조 고용보험심사위원회
5805,"고용보험법[시행2027. 1. 1.] [법률 제21473호,2026. 3. 31., 일부개정]",제105조 불이익 처우의 금지
5806,"고용보험법[시행2027. 1. 1.] [법률 제21473호,2026. 3. 32., 일부개정]",제115조의2 벌칙 적용 시의 공무원 의제
5807,"고용보험법[시행2027. 1. 1.] [법률 제21473호,2026. 3. 33., 일부개정]",제10조 적용 제외
5808,"고용보험법[시행2027. 1. 1.] [법률 제21473호,2026. 3. 34., 일부개정]",제16조 
5809,"고용보험법[시행2027. 1. 1.] [법률 제21473호,2026. 3. 35., 일부개정]",제22조 지역 고용의 촉진
5810,"고용보험법[시행2027. 1. 1.] [법률 제21473호,2026. 3. 36., 일부개정]",제39조 
5811,"고용보험법[시행2027. 1. 1.] [법률 제21473호,2026. 3. 37., 일부개정]",제43조 수급자격의 인정
5812,"고용보험법[시행2027. 1. 1.] [법률 제21473호,2026. 3. 38., 일부개정]",제56조 지급일 및 지급 방법
5813,"고용보험법[시행2027. 1. 1.] [법률 제21473호,2026. 3. 39., 일부개정]",제69조의2 자영업자인 피보험자의 실업급여의 종류
5814,"고용보험법[시행2027. 1. 1.] [법률 제21473호,2026. 3. 40., 일부개정]",제72조 
5815,"고용보험법[시행2027. 1. 1.] [법률 제21473호,2026. 3. 41., 일부개정]",제77조 준용
5816,"고용보험법[시행2027. 1. 1.] [법률 제21473호,2026. 3. 42., 일부개정]",제77조의6 노무제공자인 피보험자에 대한 적용
5817,"고용보험법[시행2027. 1. 1.] [법률 제21473호,2026. 3. 43., 일부개정]",제87조 심사와 재심사
5818,"고용보험법[시행2027. 1. 1.] [법률 제21473호,2026. 3. 44., 일부개정]",제101조 심리
5819,"고용보험법[시행2027. 1. 1.] [법률 제21473호,2026. 3. 45., 일부개정]",제1조 제1장 총칙
5820,"고용보험법[시행2027. 1. 1.] [법률 제21473호,2026. 3. 46., 일부개정]",제9조 보험관계의 성립ㆍ소멸
5821,"고용보험법[시행2027. 1. 1.] [법률 제21473호,2026. 3. 47., 일부개정]",제17조 피보험자격의 확인
5822,"고용보험법[시행2027. 1. 1.] [법률 제21473호,2026. 3. 48., 일부개정]",제21조 고용조정의 지원
5823,"고용보험법[시행2027. 1. 1.] [법률 제21473호,2026. 3. 49., 일부개정]",제33조 고용정보의 제공 및 고용 지원 기반의 구축 등
5824,"고용보험법[시행2027. 1. 1.] [법률 제21473호,2026. 3. 50., 일부개정]",제45조 급여의 기초가 되는 임금일액
5825,"고용보험법[시행2027. 1. 1.] [법률 제21473호,2026. 3. 51., 일부개정]",제52조 개별연장급여
5826,"고용보험법[시행2027. 1. 1.] [법률 제21473호,2026. 3. 52., 일부개정]",제59조 
5827,"고용보험법[시행2027. 1. 1.] [법률 제21473호,2026. 3. 53., 일부개정]",제64조 제4장제3절 취업촉진 수당
5828,"고용보험법[시행2027. 1. 1.] [법률 제21473호,2026. 3. 54., 일부개정]",제69조의5 구직급여일액
5829,"고용보험법[시행2027. 1. 1.] [법률 제21473호,2026. 3. 55., 일부개정]",제69조의7 폐업사유에 따른 수급자격의 제한
5830,"고용보험법[시행2027. 1. 1.] [법률 제21473호,2026. 3. 56., 일부개정]",제76조 지급 기간 등
5831,"고용보험법[시행2027. 1. 1.] [법률 제21473호,2026. 3. 57., 일부개정]",제82조 기금계정의 설치
5832,"고용보험법[시행2027. 1. 1.] [법률 제21473호,2026. 3. 58., 일부개정]",제97조 결정의 방법
5833,"고용보험법[시행2027. 1. 1.] [법률 제21473호,2026. 3. 59., 일부개정]",제106조 준용
5834,"고용보험법[시행2027. 1. 1.] [법률 제21473호,2026. 3. 60., 일부개정]",제116조 제9장 벌칙
5835,"고용보험법[시행2027. 1. 1.] [법률 제21473호,2026. 3. 61., 일부개정]",제3조 보험의 관장
5836,"고용보험법[시행2027. 1. 1.] [법률 제21473호,2026. 3. 62., 일부개정]",제7조 고용보험위원회
5837,"고용보험법[시행2027. 1. 1.] [법률 제21473호,2026. 3. 63., 일부개정]",제19조 제3장 고용안정ㆍ직업능력개발 사업
5838,"고용보험법[시행2027. 1. 1.] [법률 제21473호,2026. 3. 64., 일부개정]",제40조 구직급여의 수급 요건
5839,"고용보험법[시행2027. 1. 1.] [법률 제21473호,2026. 3. 65., 일부개정]",제68조 취업촉진 수당의 지급 제한
5840,"고용보험법[시행2027. 1. 1.] [법률 제21473호,2026. 3. 66., 일부개정]",제70조 제5장 육아휴직 급여 등
5841,"고용보험법[시행2027. 1. 1.] [법률 제21473호,2026. 3. 67., 일부개정]",제77조의4 예술인의 출산전후급여등
5842,"고용보험법[시행2027. 1. 1.] [법률 제21473호,2026. 3. 68., 일부개정]",제78조 기금의 설치 및 조성
5843,"고용보험법[시행2027. 1. 1.] [법률 제21473호,2026. 3. 69., 일부개정]",제83조 기금의 출납
5844,"고용보험법[시행2027. 1. 1.] [법률 제21473호,2026. 3. 70., 일부개정]",제98조 결정의 효력
5845,"고용보험법[시행2027. 1. 1.] [법률 제21473호,2026. 3. 71., 일부개정]",제112조 포상금의 지급
5846,"고용보험법[시행2027. 1. 1.] [법률 제21473호,2026. 3. 72., 일부개정]",제115조 권한의 위임ㆍ위탁
5847,"고용보험법[시행2027. 1. 1.] [법률 제21473호,2026. 3. 73., 일부개정]",제11조 보험 관련 조사ㆍ연구
5848,"고용보험법[시행2027. 1. 1.] [법률 제21473호,2026. 3. 74., 일부개정]",제14조 피보험자격의 상실일
5849,"고용보험법[시행2027. 1. 1.] [법률 제21473호,2026. 3. 75., 일부개정]",제24조 건설근로자 등의 고용안정 지원
5850,"고용보험법[시행2027. 1. 1.] [법률 제21473호,2026. 3. 76., 일부개정]",제34조 지방자치단체 등에 대한 지원
5851,"고용보험법[시행2027. 1. 1.] [법률 제21473호,2026. 3. 77., 일부개정]",제46조 구직급여일액
5852,"고용보험법[시행2027. 1. 1.] [법률 제21473호,2026. 3. 78., 일부개정]",제51조 훈련연장급여
5853,"고용보험법[시행2027. 1. 1.] [법률 제21473호,2026. 3. 79., 일부개정]",제64조 조기재취업 수당
5854,"고용보험법[시행2027. 1. 1.] [법률 제21473호,2026. 3. 80., 일부개정]",제69조의8 자영업자인 피보험자에 대한 실업급여의 지급 제한
5855,"고용보험법[시행2027. 1. 1.] [법률 제21473호,2026. 3. 81., 일부개정]",제71조 육아휴직의 확인
5856,"고용보험법[시행2027. 1. 1.] [법률 제21473호,2026. 3. 82., 일부개정]",제77조의2 제5장의2 예술인인 피보험자에 대한 고용보험 특례
5857,"고용보험법[시행2027. 1. 1.] [법률 제21473호,2026. 3. 83., 일부개정]",제77조의5 준용
5858,"고용보험법[시행2027. 1. 1.] [법률 제21473호,2026. 3. 84., 일부개정]",제79조 기금의 관리ㆍ운용
5859,"고용보험법[시행2027. 1. 1.] [법률 제21473호,2026. 3. 85., 일부개정]",제94조 심사관의 권한
5860,"고용보험법[시행2027. 1. 1.] [법률 제21473호,2026. 3. 86., 일부개정]",제110조 자료 제공의 요청
5861,"고용보험법[시행2027. 1. 1.] [법률 제21473호,2026. 3. 87., 일부개정]",제6조 보험료
5862,"고용보험법[시행2027. 1. 1.] [법률 제21473호,2026. 3. 88., 일부개정]",제13조 피보험자격의 취득일
5863,"고용보험법[시행2027. 1. 1.] [법률 제21473호,2026. 3. 89., 일부개정]",제25조 고용안정 및 취업 촉진
5864,"고용보험법[시행2027. 1. 1.] [법률 제21473호,2026. 3. 90., 일부개정]",제36조 업무의 대행
5865,"고용보험법[시행2027. 1. 1.] [법률 제21473호,2026. 3. 91., 일부개정]",제47조 실업인정대상기간 중의 취업 등의 신고
5866,"고용보험법[시행2027. 1. 1.] [법률 제21473호,2026. 3. 92., 일부개정]",제50조 소정급여일수 및 피보험기간
5867,"고용보험법[시행2027. 1. 1.] [법률 제21473호,2026. 3. 93., 일부개정]",제60조 훈련 거부 등에 따른 급여의 지급 제한
5868,"고용보험법[시행2027. 1. 1.] [법률 제21473호,2026. 3. 94., 일부개정]",제62조 반환명령 등
5869,"고용보험법[시행2027. 1. 1.] [법률 제21473호,2026. 3. 95., 일부개정]",제69조의6 소정급여일수
5870,"고용보험법[시행2027. 1. 1.] [법률 제21473호,2026. 3. 96., 일부개정]",제75조 출산전후휴가 급여 등
5871,"고용보험법[시행2027. 1. 1.] [법률 제21473호,2026. 3. 97., 일부개정]",제77조의9 노무제공자의 출산전후급여등
5872,"고용보험법[시행2027. 1. 1.] [법률 제21473호,2026. 3. 98., 일부개정]",제87조 제7장 심사 및 재심사청구
5873,"고용보험법[시행2027. 1. 1.] [법률 제21473호,2026. 3. 99., 일부개정]",제89조 고용보험심사관
5874,"고용보험법[시행2027. 1. 1.] [법률 제21473호,2026. 3. 100., 일부개정]",제103조 고지
5875,"고용보험법[시행2027. 1. 1.] [법률 제21473호,2026. 3. 101., 일부개정]",제114조 시범사업의 실시
5876,"고용보험법[시행2027. 1. 1.] [법률 제21473호,2026. 3. 102., 일부개정]",제1조 목적
5877,"고용보험법[시행2027. 1. 1.] [법률 제21473호,2026. 3. 103., 일부개정]",제10조의2 외국인 근로자ㆍ예술인ㆍ노무제공자에 대한 적용
5878,"고용보험법[시행2027. 1. 1.] [법률 제21473호,2026. 3. 104., 일부개정]",제15조 피보험자격에 관한 신고 등
5879,"고용보험법[시행2027. 1. 1.] [법률 제21473호,2026. 3. 105., 일부개정]",제23조 고령자등 고용촉진의 지원
5880,"고용보험법[시행2027. 1. 1.] [법률 제21473호,2026. 3. 106., 일부개정]",제30조 직업능력개발 훈련 시설에 대한 지원 등
5881,"고용보험법[시행2027. 1. 1.] [법률 제21473호,2026. 3. 107., 일부개정]",제43조의2 둘 이상의 피보험자격 취득 시 수급자격의 인정
5882,"고용보험법[시행2027. 1. 1.] [법률 제21473호,2026. 3. 108., 일부개정]",제58조 이직 사유에 따른 수급자격의 제한
5883,"고용보험법[시행2027. 1. 1.] [법률 제21473호,2026. 3. 109., 일부개정]",제69조의4 기초일액
5884,"고용보험법[시행2027. 1. 1.] [법률 제21473호,2026. 3. 110., 일부개정]",제74조 준용
5885,"고용보험법[시행2027. 1. 1.] [법률 제21473호,2026. 3. 111., 일부개정]",제77조의8 노무제공자인 피보험자에 대한 구직급여
5886,"고용보험법[시행2027. 1. 1.] [법률 제21473호,2026. 3. 112., 일부개정]",제84조 기금의 적립
5887,"고용보험법[시행2027. 1. 1.] [법률 제21473호,2026. 3. 113., 일부개정]",제100조 재심사의 상대방
5888,"고용보험법[시행2027. 1. 1.] [법률 제21473호,2026. 3. 114., 일부개정]",제104조 다른 법률과의 관계
5889,"고용보험법[시행2027. 1. 1.] [법률 제21473호,2026. 3. 115., 일부개정]",제113조의2 「국민기초생활 보장법」의 수급자에 대한 특례
5890,"고용보험법[시행2027. 1. 1.] [법률 제21473호,2026. 3. 116., 일부개정]",제4조 고용보험사업
5891,"고용보험법[시행2027. 1. 1.] [법률 제21473호,2026. 3. 117., 일부개정]",제27조 사업주에 대한 직업능력개발 훈련의 지원
5892,"고용보험법[시행2027. 1. 1.] [법률 제21473호,2026. 3. 118., 일부개정]",제37조 제4장제1절 통칙
5893,"고용보험법[시행2027. 1. 1.] [법률 제21473호,2026. 3. 119., 일부개정]",제37조의2 실업급여수급계좌
5894,"고용보험법[시행2027. 1. 1.] [법률 제21473호,2026. 3. 120., 일부개정]",제48조 수급기간 및 수급일수
5895,"고용보험법[시행2027. 1. 1.] [법률 제21473호,2026. 3. 121., 일부개정]",제61조 부정행위에 따른 급여의 지급 제한
5896,"고용보험법[시행2027. 1. 1.] [법률 제21473호,2026. 3. 122., 일부개정]",제75조 제5장제2절 출산전후휴가 급여 등
5897,"고용보험법[시행2027. 1. 1.] [법률 제21473호,2026. 3. 123., 일부개정]",제77조의7 노무제공플랫폼사업자에 대한 특례
5898,"고용보험법[시행2027. 1. 1.] [법률 제21473호,2026. 3. 124., 일부개정]",제95조 실비변상
5899,"고용보험법[시행2027. 1. 1.] [법률 제21473호,2026. 3. 125., 일부개정]",제108조 보고 등
5900,"고용보험법[시행2027. 1. 1.] [법률 제21473호,2026. 3. 126., 일부개정]",제111조 진찰명령
5901,"고용보험법[시행2027. 1. 1.] [법률 제21473호,2026. 3. 127., 일부개정]",제116조 벌칙
5902,"고용보험법[시행2027. 1. 1.] [법률 제21473호,2026. 3. 128., 일부개정]",제12조 국제교류ㆍ협력
5903,"고용보험법[시행2027. 1. 1.] [법률 제21473호,2026. 3. 129., 일부개정]",제26조의2 지원의 제한
5904,"고용보험법[시행2027. 1. 1.] [법률 제21473호,2026. 3. 130., 일부개정]",제37조 실업급여의 종류
5905,"고용보험법[시행2027. 1. 1.] [법률 제21473호,2026. 3. 131., 일부개정]",제49조 대기기간
5906,"고용보험법[시행2027. 1. 1.] [법률 제21473호,2026. 3. 132., 일부개정]",제63조 질병 등의 특례
5907,"고용보험법[시행2027. 1. 1.] [법률 제21473호,2026. 3. 133., 일부개정]",제73조의2 육아기 근로시간 단축 급여
5908,"고용보험법[시행2027. 1. 1.] [법률 제21473호,2026. 3. 134., 일부개정]",제75조의2 출산전후휴가 급여등의 수급권 대위
5909,"고용보험법[시행2027. 1. 1.] [법률 제21473호,2026. 3. 135., 일부개정]",제77조의10 준용
5910,"고용보험법[시행2027. 1. 1.] [법률 제21473호,2026. 3. 136., 일부개정]",제86조 차입금
5911,"고용보험법[시행2027. 1. 1.] [법률 제21473호,2026. 3. 137., 일부개정]",제90조 심사의 청구 등
5912,"고용보험법[시행2027. 1. 1.] [법률 제21473호,2026. 3. 138., 일부개정]",제105조 제8장 보칙
5913,"고용보험법[시행2027. 1. 1.] [법률 제21473호,2026. 3. 139., 일부개정]",제113조 
5914,"고용보험법[시행2027. 1. 1.] [법률 제21473호,2026. 3. 140., 일부개정]",제19조 고용안정ㆍ직업능력개발 사업의 실시
5915,"고용보험법[시행2027. 1. 1.] [법률 제21473호,2026. 3. 141., 일부개정]",제31조 직업능력개발의 촉진
5916,"고용보험법[시행2027. 1. 1.] [법률 제21473호,2026. 3. 142., 일부개정]",제42조 실업의 신고
5917,"고용보험법[시행2027. 1. 1.] [법률 제21473호,2026. 3. 143., 일부개정]",제55조의2 국민연금 보험료의 지원
5918,"고용보험법[시행2027. 1. 1.] [법률 제21473호,2026. 3. 144., 일부개정]",제69조 준용
5919,"고용보험법[시행2027. 1. 1.] [법률 제21473호,2026. 3. 145., 일부개정]",제70조 제5장제1절 육아휴직 급여 및 육아기 근로시간 단축 급여
5920,"고용보험법[시행2027. 1. 1.] [법률 제21473호,2026. 3. 146., 일부개정]",제77조의2 예술인인 피보험자에 대한 적용
5921,"고용보험법[시행2027. 1. 1.] [법률 제21473호,2026. 3. 147., 일부개정]",제88조 대리인의 선임
5922,"고용보험법[시행2027. 1. 1.] [법률 제21473호,2026. 3. 148., 일부개정]",제102조 준용 규정
5923,"고용보험법[시행2027. 1. 1.] [법률 제21473호,2026. 3. 149., 일부개정]",제2조 정의
5924,"고용보험법[시행2027. 1. 1.] [법률 제21473호,2026. 3. 150., 일부개정]",제11조의2 보험사업의 평가
5925,"고용보험법[시행2027. 1. 1.] [법률 제21473호,2026. 3. 151., 일부개정]",제28조 비용 지원의 기준 등
5926,"고용보험법[시행2027. 1. 1.] [법률 제21473호,2026. 3. 152., 일부개정]",제37조 제4장 실업급여
5927,"고용보험법[시행2027. 1. 1.] [법률 제21473호,2026. 3. 153., 일부개정]",제38조 수급권의 보호
5928,"고용보험법[시행2027. 1. 1.] [법률 제21473호,2026. 3. 154., 일부개정]",제53조 특별연장급여
5929,"고용보험법[시행2027. 1. 1.] [법률 제21473호,2026. 3. 155., 일부개정]",제65조 직업능력개발 수당
5930,"고용보험법[시행2027. 1. 1.] [법률 제21473호,2026. 3. 156., 일부개정]",제69조의3 구직급여의 수급 요건
5931,"고용보험법[시행2027. 1. 1.] [법률 제21473호,2026. 3. 157., 일부개정]",제73조 육아휴직 급여의 지급 제한 등
5932,"고용보험법[시행2027. 1. 1.] [법률 제21473호,2026. 3. 158., 일부개정]",제76조의2 기간제근로자 또는 파견근로자에 대한 적용
5933,"고용보험법[시행2027. 1. 1.] [법률 제21473호,2026. 3. 159., 일부개정]",제81조 기금운용 계획 등
5934,"고용보험법[시행2027. 1. 1.] [법률 제21473호,2026. 3. 160., 일부개정]",제92조 보정 및 각하
5935,"고용보험법[시행2027. 1. 1.] [법률 제21473호,2026. 3. 161., 일부개정]",제96조 결정
5936,"고용보험법[시행2027. 1. 1.] [법률 제21473호,2026. 3. 162., 일부개정]",제107조 소멸시효
5937,"고용보험법[시행2027. 1. 1.] [법률 제21473호,2026. 3. 163., 일부개정]",제117조 양벌규정
5938,"고용보험법[시행2027. 1. 1.] [법률 제21473호,2026. 3. 164., 일부개정]",제5조 국고의 부담
5939,"고용보험법[시행2027. 1. 1.] [법률 제21473호,2026. 3. 165., 일부개정]",제13조 제2장 피보험자의 관리
5940,"고용보험법[시행2027. 1. 1.] [법률 제21473호,2026. 3. 166., 일부개정]",제26조 고용촉진 시설에 대한 지원
5941,"고용보험법[시행2027. 1. 1.] [법률 제21473호,2026. 3. 167., 일부개정]",제29조 피보험자등에 대한 직업능력개발 지원
5942,"고용보험법[시행2027. 1. 1.] [법률 제21473호,2026. 3. 168., 일부개정]",제35조 부정행위에 따른 지원의 제한 등
5943,"고용보험법[시행2027. 1. 1.] [법률 제21473호,2026. 3. 169., 일부개정]",제38조의2 공과금의 면제
5944,"고용보험법[시행2027. 1. 1.] [법률 제21473호,2026. 3. 170., 일부개정]",제44조 실업의 인정
5945,"고용보험법[시행2027. 1. 1.] [법률 제21473호,2026. 3. 171., 일부개정]",제54조 연장급여의 수급기간 및 구직급여일액
5946,"고용보험법[시행2027. 1. 1.] [법률 제21473호,2026. 3. 172., 일부개정]",제57조 지급되지 아니한 구직급여
5947,"고용보험법[시행2027. 1. 1.] [법률 제21473호,2026. 3. 173., 일부개정]",제66조 광역 구직활동비
5948,"고용보험법[시행2027. 1. 1.] [법률 제21473호,2026. 3. 174., 일부개정]",제69조의2 제4장제4절 자영업자인 피보험자에 대한 실업급여 적용의 특례
5949,"고용보험법[시행2027. 1. 1.] [법률 제21473호,2026. 3. 175., 일부개정]",제70조 육아휴직 급여
5950,"고용보험법[시행2027. 1. 1.] [법률 제21473호,2026. 3. 176., 일부개정]",제77조의6 제5장의3 노무제공자인 피보험자에 대한 고용보험 특례
5951,"고용보험법[시행2027. 1. 1.] [법률 제21473호,2026. 3. 177., 일부개정]",제80조 기금의 용도
5952,"고용보험법[시행2027. 1. 1.] [법률 제21473호,2026. 3. 178., 일부개정]",제93조 원처분등의 집행 정지
5953,"고용보험법[시행2027. 1. 1.] [법률 제21473호,2026. 3. 179., 일부개정]",제109조 조사 등
5954,"고용보험법[시행2027. 1. 1.] [법률 제21473호,2026. 3. 180., 일부개정]",제118조 과태료
5955,"고용보험법[시행2027. 1. 1.] [법률 제21473호,2026. 3. 181., 일부개정]",제10조 적용 제외
5956,"고용보험법[시행2027. 1. 1.] [법률 제21473호,2026. 3. 182., 일부개정]",제37조 제4장 실업급여
5957,"고용보험법[시행2027. 1. 1.] [법률 제21473호,2026. 3. 183., 일부개정]",제51조 훈련연장급여
5958,"고용보험법[시행2027. 1. 1.] [법률 제21473호,2026. 3. 184., 일부개정]",제62조 반환명령 등
5959,"고용보험법[시행2027. 1. 1.] [법률 제21473호,2026. 3. 185., 일부개정]",제69조의9 준용
5960,"고용보험법[시행2027. 1. 1.] [법률 제21473호,2026. 3. 186., 일부개정]",제77조 준용
5961,"고용보험법[시행2027. 1. 1.] [법률 제21473호,2026. 3. 187., 일부개정]",제92조 보정 및 각하
5962,"고용보험법[시행2027. 1. 1.] [법률 제21473호,2026. 3. 188., 일부개정]",제109조 조사 등
5963,"고용보험법[시행2027. 1. 1.] [법률 제21473호,2026. 3. 189., 일부개정]",제6조 보험료
5964,"고용보험법[시행2027. 1. 1.] [법률 제21473호,2026. 3. 190., 일부개정]",제19조 제3장 고용안정ㆍ직업능력개발 사업
5965,"고용보험법[시행2027. 1. 1.] [법률 제21473호,2026. 3. 191., 일부개정]",제24조 건설근로자 등의 고용안정 지원
5966,"고용보험법[시행2027. 1. 1.] [법률 제21473호,2026. 3. 192., 일부개정]",제33조 고용정보의 제공 및 고용 지원 기반의 구축 등
5967,"고용보험법[시행2027. 1. 1.] [법률 제21473호,2026. 3. 193., 일부개정]",제38조 수급권의 보호
5968,"고용보험법[시행2027. 1. 1.] [법률 제21473호,2026. 3. 194., 일부개정]",제47조 실업인정대상기간 중의 취업 등의 신고
5969,"고용보험법[시행2027. 1. 1.] [법률 제21473호,2026. 3. 195., 일부개정]",제53조 특별연장급여
5970,"고용보험법[시행2027. 1. 1.] [법률 제21473호,2026. 3. 196., 일부개정]",제67조 이주비
5971,"고용보험법[시행2027. 1. 1.] [법률 제21473호,2026. 3. 197., 일부개정]",제72조 
5972,"고용보험법[시행2027. 1. 1.] [법률 제21473호,2026. 3. 198., 일부개정]",제77조의6 제5장의3 노무제공자인 피보험자에 대한 고용보험 특례
5973,"고용보험법[시행2027. 1. 1.] [법률 제21473호,2026. 3. 199., 일부개정]",제77조의7 노무제공플랫폼사업자에 대한 특례
5974,"고용보험법[시행2027. 1. 1.] [법률 제21473호,2026. 3. 200., 일부개정]",제84조 기금의 적립
5975,"고용보험법[시행2027. 1. 1.] [법률 제21473호,2026. 3. 201., 일부개정]",제87조 제7장 심사 및 재심사청구
5976,"고용보험법[시행2027. 1. 1.] [법률 제21473호,2026. 3. 202., 일부개정]",제101조 심리
5977,"고용보험법[시행2027. 1. 1.] [법률 제21473호,2026. 3. 203., 일부개정]",제113조의2 「국민기초생활 보장법」의 수급자에 대한 특례
5978,"고용보험법[시행2027. 1. 1.] [법률 제21473호,2026. 3. 204., 일부개정]",제7조 고용보험위원회
5979,"고용보험법[시행2027. 1. 1.] [법률 제21473호,2026. 3. 205., 일부개정]",제12조 국제교류ㆍ협력
5980,"고용보험법[시행2027. 1. 1.] [법률 제21473호,2026. 3. 206., 일부개정]",제19조 고용안정ㆍ직업능력개발 사업의 실시
5981,"고용보험법[시행2027. 1. 1.] [법률 제21473호,2026. 3. 207., 일부개정]",제34조 지방자치단체 등에 대한 지원
5982,"고용보험법[시행2027. 1. 1.] [법률 제21473호,2026. 3. 208., 일부개정]",제37조의2 실업급여수급계좌
5983,"고용보험법[시행2027. 1. 1.] [법률 제21473호,2026. 3. 209., 일부개정]",제48조 수급기간 및 수급일수
5984,"고용보험법[시행2027. 1. 1.] [법률 제21473호,2026. 3. 210., 일부개정]",제61조 부정행위에 따른 급여의 지급 제한
5985,"고용보험법[시행2027. 1. 1.] [법률 제21473호,2026. 3. 211., 일부개정]",제64조 제4장제3절 취업촉진 수당
5986,"고용보험법[시행2027. 1. 1.] [법률 제21473호,2026. 3. 212., 일부개정]",제70조 제5장 육아휴직 급여 등
5987,"고용보험법[시행2027. 1. 1.] [법률 제21473호,2026. 3. 213., 일부개정]",제77조의4 예술인의 출산전후급여등
5988,"고용보험법[시행2027. 1. 1.] [법률 제21473호,2026. 3. 214., 일부개정]",제82조 기금계정의 설치
5989,"고용보험법[시행2027. 1. 1.] [법률 제21473호,2026. 3. 215., 일부개정]",제100조 재심사의 상대방
5990,"고용보험법[시행2027. 1. 1.] [법률 제21473호,2026. 3. 216., 일부개정]",제104조 다른 법률과의 관계
5991,"고용보험법[시행2027. 1. 1.] [법률 제21473호,2026. 3. 217., 일부개정]",제111조 진찰명령
5992,"고용보험법[시행2027. 1. 1.] [법률 제21473호,2026. 3. 218., 일부개정]",제10조의2 외국인 근로자ㆍ예술인ㆍ노무제공자에 대한 적용
5993,"고용보험법[시행2027. 1. 1.] [법률 제21473호,2026. 3. 219., 일부개정]",제22조 지역 고용의 촉진
5994,"고용보험법[시행2027. 1. 1.] [법률 제21473호,2026. 3. 220., 일부개정]",제35조 부정행위에 따른 지원의 제한 등
5995,"고용보험법[시행2027. 1. 1.] [법률 제21473호,2026. 3. 221., 일부개정]",제37조 실업급여의 종류
5996,"고용보험법[시행2027. 1. 1.] [법률 제21473호,2026. 3. 222., 일부개정]",제49조 대기기간
5997,"고용보험법[시행2027. 1. 1.] [법률 제21473호,2026. 3. 223., 일부개정]",제52조 개별연장급여
5998,"고용보험법[시행2027. 1. 1.] [법률 제21473호,2026. 3. 224., 일부개정]",제60조 훈련 거부 등에 따른 급여의 지급 제한
5999,"고용보험법[시행2027. 1. 1.] [법률 제21473호,2026. 3. 225., 일부개정]",제64조 조기재취업 수당
6000,"고용보험법[시행2027. 1. 1.] [법률 제21473호,2026. 3. 226., 일부개정]",제69조의7 폐업사유에 따른 수급자격의 제한
